frame_id,t_mono_ms,video_frame,rgb_path,depth_path,has_depth,depth_rtt_ms,depth_age_ms,pad_id,pos_x_cm,pos_y_cm,pos_z_cm,yaw_deg,height_cm,vgx,vgy,vgz,pitch_deg,roll_deg,bat_pct,act_roll,act_pitch,act_throttle,act_yaw,ctrl_state,near_left,near_mid,near_right,wander_state,wander_event
1,0,0,,depth/000001.npy,1,145.2,308.2,-1.0,-100.0,-100.0,-100.0,86.0,70.0,0.0,0.0,0.0,0.0,-1.0,74.0,0,0,0,0,HOVER,0.2627,0.3589,0.2705,,
2,118,1,,depth/000002.npy,1,147.2,317.0,-1.0,-100.0,-100.0,-100.0,86.0,70.0,0.0,0.0,0.0,0.0,-1.0,74.0,0,0,0,0,HOVER,0.2627,0.3569,0.2686,,
3,236,2,,depth/000003.npy,1,148.1,269.9,-1.0,-100.0,-100.0,-100.0,86.0,70.0,0.0,0.0,0.0,0.0,-1.0,74.0,0,0,0,0,HOVER,0.2607,0.3569,0.2705,,
4,361,3,,depth/000004.npy,1,145.7,225.6,-1.0,-100.0,-100.0,-100.0,86.0,70.0,0.0,0.0,0.0,0.0,-1.0,74.0,0,0,0,0,HOVER,0.2627,0.3569,0.2705,,
5,487,4,,depth/000005.npy,1,144.9,250.7,-1.0,-100.0,-100.0,-100.0,86.0,70.0,0.0,0.0,0.0,0.0,-1.0,74.0,0,0,0,0,HOVER,0.2588,0.3569,0.2705,,
6,612,5,,depth/000006.npy,1,147.0,212.9,-1.0,-100.0,-100.0,-100.0,86.0,70.0,0.0,0.0,0.0,0.0,-1.0,74.0,0,0,0,0,HOVER,0.2627,0.3608,0.2666,,
7,738,6,,depth/000006.npy,1,147.0,339.2,-1.0,-100.0,-100.0,-100.0,86.0,70.0,0.0,0.0,0.0,0.0,-1.0,74.0,0,0,0,0,HOVER,0.2627,0.3608,0.2666,,
8,864,7,,depth/000008.npy,1,144.3,297.7,-1.0,-100.0,-100.0,-100.0,86.0,70.0,0.0,0.0,0.0,0.0,-1.0,74.0,0,0,0,0,HOVER,0.2607,0.3589,0.2705,,
9,991,8,,depth/000009.npy,1,147.0,258.3,-1.0,-100.0,-100.0,-100.0,86.0,70.0,0.0,0.0,0.0,0.0,-1.0,74.0,0,0,0,0,HOVER,0.2607,0.3569,0.2686,,
10,1119,9,,depth/000010.npy,1,147.2,286.4,-1.0,-100.0,-100.0,-100.0,86.0,70.0,0.0,0.0,0.0,0.0,-1.0,74.0,0,0,0,0,HOVER,0.2627,0.3608,0.2705,,
11,1249,10,,depth/000011.npy,1,154.9,237.3,-1.0,-100.0,-100.0,-100.0,86.0,70.0,0.0,0.0,0.0,0.0,-1.0,74.0,0,0,0,0,HOVER,0.2627,0.3608,0.2705,,
12,1376,11,,depth/000012.npy,1,147.8,250.2,-1.0,-100.0,-100.0,-100.0,86.0,70.0,0.0,0.0,0.0,0.0,-1.0,74.0,0,0,0,0,HOVER,0.2588,0.3608,0.2705,,
13,1504,12,,depth/000013.npy,1,152.3,200.0,-1.0,-100.0,-100.0,-100.0,86.0,70.0,0.0,0.0,0.0,0.0,0.0,74.0,0,0,0,0,HOVER,0.2588,0.3608,0.2705,,
14,1630,13,,depth/000013.npy,1,152.3,323.6,-1.0,-100.0,-100.0,-100.0,86.0,70.0,0.0,0.0,0.0,0.0,0.0,74.0,0,0,0,0,HOVER,0.2588,0.3608,0.2705,,
15,1753,14,,depth/000015.npy,1,150.0,355.7,-1.0,-100.0,-100.0,-100.0,86.0,70.0,0.0,0.0,0.0,0.0,0.0,74.0,0,0,0,0,HOVER,0.2588,0.3569,0.2627,,
16,1875,15,,depth/000016.npy,1,151.4,309.4,-1.0,-100.0,-100.0,-100.0,86.0,70.0,0.0,0.0,0.0,0.0,0.0,74.0,0,0,0,0,HOVER,0.2568,0.3608,0.2646,,
17,1989,16,,depth/000017.npy,1,150.1,260.1,-1.0,-100.0,-100.0,-100.0,86.0,70.0,0.0,0.0,0.0,0.0,0.0,74.0,0,25,0,0,CRUISE,0.2568,0.3647,0.2646,,
18,2110,17,,depth/000018.npy,1,154.6,211.4,-1.0,-100.0,-100.0,-100.0,86.0,70.0,0.0,0.0,0.0,-1.0,0.0,73.0,0,25,0,0,CRUISE,0.2568,0.3647,0.2646,,
19,2239,18,,depth/000018.npy,1,154.6,334.3,-1.0,-100.0,-100.0,-100.0,86.0,70.0,0.0,0.0,0.0,-1.0,0.0,73.0,0,25,0,0,CRUISE,0.2568,0.3647,0.2646,,
20,2355,19,,depth/000020.npy,1,153.2,322.6,-1.0,-100.0,-100.0,-100.0,86.0,70.0,0.0,0.0,0.0,-2.0,0.0,73.0,0,25,0,0,CRUISE,0.2568,0.3726,0.2686,,
21,2477,20,,depth/000020.npy,1,153.2,459.4,-1.0,-100.0,-100.0,-100.0,86.0,70.0,0.0,0.0,0.0,-2.0,0.0,73.0,0,25,0,0,CRUISE,0.2568,0.3726,0.2686,,
22,2615,21,,depth/000022.npy,1,254.8,415.8,-1.0,-100.0,-100.0,-100.0,86.0,70.0,0.0,-1.0,0.0,-2.0,0.0,73.0,0,25,0,0,CRUISE,0.2568,0.3765,0.2686,,
23,2724,22,,depth/000023.npy,1,139.6,321.5,-1.0,-100.0,-100.0,-100.0,86.0,70.0,0.0,-1.0,0.0,-2.0,0.0,73.0,0,25,0,0,CRUISE,0.2607,0.3765,0.2627,,
24,2841,23,,depth/000024.npy,1,174.9,244.4,-1.0,-100.0,-100.0,-100.0,86.0,70.0,0.0,-1.0,0.0,-1.0,0.0,73.0,0,25,0,0,CRUISE,0.2568,0.3765,0.2627,,
25,2962,24,,depth/000024.npy,1,174.9,372.6,-1.0,-100.0,-100.0,-100.0,86.0,70.0,0.0,-1.0,0.0,-2.0,0.0,73.0,0,25,0,0,CRUISE,0.2568,0.3765,0.2627,,
26,3069,25,,depth/000026.npy,1,153.0,307.1,-1.0,-100.0,-100.0,-100.0,86.0,70.0,0.0,-1.0,0.0,-2.0,0.0,73.0,0,25,0,0,CRUISE,0.2568,0.3804,0.2646,,
27,3189,26,,depth/000027.npy,1,165.9,257.1,-1.0,-100.0,-100.0,-100.0,86.0,70.0,0.0,-2.0,0.0,-2.0,0.0,73.0,0,25,0,0,CRUISE,0.2588,0.3804,0.2646,,
28,3299,27,,depth/000027.npy,1,165.9,369.1,-1.0,-100.0,-100.0,-100.0,86.0,70.0,0.0,-2.0,0.0,-1.0,0.0,73.0,0,25,0,0,CRUISE,0.2588,0.3804,0.2646,,
29,3410,28,,depth/000029.npy,1,159.3,316.3,-1.0,-100.0,-100.0,-100.0,86.0,70.0,0.0,-2.0,0.0,-1.0,0.0,73.0,0,25,0,0,CRUISE,0.2607,0.3882,0.2666,,
30,3530,29,,depth/000030.npy,1,160.8,262.7,-1.0,-100.0,-100.0,-100.0,86.0,70.0,0.0,-2.0,0.0,-1.0,0.0,73.0,0,25,0,0,CRUISE,0.2529,0.396,0.2666,,
31,3654,30,,depth/000031.npy,1,157.5,223.2,-1.0,-100.0,-100.0,-100.0,86.0,70.0,0.0,-2.0,0.0,-1.0,0.0,73.0,0,25,0,0,CRUISE,0.2549,0.4038,0.2646,,
32,3778,31,,depth/000032.npy,1,152.0,213.0,-1.0,-100.0,-100.0,-100.0,86.0,70.0,0.0,-2.0,0.0,-1.0,0.0,73.0,0,25,0,0,CRUISE,0.2549,0.4119,0.2627,,
33,3903,32,,depth/000032.npy,1,152.0,339.5,-1.0,-100.0,-100.0,-100.0,86.0,70.0,0.0,-2.0,0.0,-1.0,0.0,73.0,0,25,0,0,CRUISE,0.2549,0.4119,0.2627,,
34,4028,33,,depth/000034.npy,1,157.3,261.7,-1.0,-100.0,-100.0,-100.0,86.0,70.0,0.0,-2.0,0.0,-1.0,0.0,72.0,0,25,0,0,CRUISE,0.2568,0.4236,0.2607,,
35,4150,34,,depth/000035.npy,1,152.7,284.2,-1.0,-100.0,-100.0,-100.0,86.0,70.0,0.0,-2.0,0.0,-1.0,0.0,72.0,0,25,0,0,CRUISE,0.2568,0.4236,0.2607,,
36,4254,35,,depth/000036.npy,1,157.2,223.4,-1.0,-100.0,-100.0,-100.0,86.0,70.0,0.0,-2.0,0.0,-1.0,0.0,72.0,0,25,0,0,CRUISE,0.2568,0.4275,0.2627,,
37,4381,36,,depth/000036.npy,1,157.2,355.9,-1.0,-100.0,-100.0,-100.0,86.0,70.0,0.0,-2.0,0.0,-1.0,0.0,72.0,0,25,0,0,CRUISE,0.2568,0.4275,0.2627,,
38,4500,37,,depth/000038.npy,1,156.4,300.0,-1.0,-100.0,-100.0,-100.0,86.0,70.0,0.0,-2.0,0.0,-1.0,0.0,72.0,0,25,0,0,CRUISE,0.251,0.4314,0.2627,,
39,4610,38,,depth/000039.npy,1,155.4,247.1,-1.0,-100.0,-100.0,-100.0,86.0,70.0,0.0,-2.0,0.0,-1.0,0.0,72.0,0,16,0,0,pre_orbit acquiring1/2 M0.45,0.2646,0.4509,0.2646,,
40,4721,39,,depth/000040.npy,1,163.3,223.1,-1.0,-100.0,-100.0,-100.0,86.0,70.0,0.0,-2.0,0.0,-1.0,-1.0,72.0,9,15,0,-5,"ORBIT pos-0.03 orbit L0.26 M0.45 R0.26 tn0.51 yaw+0 pit+15 rc(9, 15, 0, -5)",0.2646,0.4548,0.2666,,
41,4850,40,,depth/000040.npy,1,163.3,352.1,-1.0,-100.0,-100.0,-100.0,86.0,70.0,0.0,-2.0,0.0,0.0,-1.0,72.0,8,14,0,-9,"ORBIT pos-0.05 orbit L0.26 M0.45 R0.27 tn0.51 yaw-4 pit+14 rc(8, 14, 0, -9)",0.2646,0.4548,0.2666,,
42,4970,41,,depth/000042.npy,1,157.2,267.4,-1.0,-100.0,-100.0,-100.0,86.0,70.0,0.0,-2.0,0.0,0.0,-1.0,72.0,7,13,0,-9,"ORBIT pos-0.07 orbit L0.27 M0.47 R0.27 tn0.52 yaw-5 pit+13 rc(7, 13, 0, -9)",0.2686,0.4746,0.2705,,
43,5093,42,,depth/000043.npy,1,159.7,260.4,-1.0,-100.0,-100.0,-100.0,87.0,70.0,0.0,-2.0,0.0,0.0,0.0,72.0,6,13,0,-12,"ORBIT pos-0.10 orbit L0.27 M0.48 R0.27 tn0.53 yaw-8 pit+13 rc(6, 13, 0, -12)",0.2744,0.4785,0.2686,,
44,5203,43,,depth/000044.npy,1,168.8,279.0,-1.0,-100.0,-100.0,-100.0,87.0,70.0,0.0,-2.0,0.0,0.0,0.0,72.0,6,13,0,-13,"ORBIT pos-0.11 orbit L0.27 M0.48 R0.27 tn0.53 yaw-9 pit+13 rc(6, 13, 0, -13)",0.2783,0.4863,0.2705,,
45,5319,44,,depth/000044.npy,1,168.8,393.8,-1.0,-100.0,-100.0,-100.0,86.0,70.0,0.0,-2.0,0.0,0.0,0.0,72.0,5,12,0,-13,"ORBIT pos-0.13 orbit L0.28 M0.49 R0.27 tn0.54 yaw-10 pit+12 rc(5, 12, 0, -13)",0.2783,0.4863,0.2705,,
46,5425,45,,depth/000046.npy,1,163.5,260.2,-1.0,-100.0,-100.0,-100.0,86.0,70.0,0.0,-2.0,0.0,0.0,-1.0,72.0,4,11,0,-13,"ORBIT pos-0.14 orbit L0.29 M0.49 R0.27 tn0.55 yaw-11 pit+11 rc(4, 11, 0, -13)",0.2864,0.4902,0.2725,,
47,5537,46,,depth/000047.npy,1,166.7,229.5,-1.0,-100.0,-100.0,-100.0,85.0,70.0,0.0,-1.0,0.0,0.0,-1.0,72.0,4,10,0,-14,"ORBIT pos-0.15 orbit L0.29 M0.49 R0.27 tn0.56 yaw-12 pit+10 rc(4, 10, 0, -14)",0.2942,0.4902,0.2725,,
48,5666,47,,depth/000047.npy,1,166.7,357.7,-1.0,-100.0,-100.0,-100.0,84.0,70.0,0.0,-1.0,0.0,0.0,-1.0,72.0,4,10,0,-15,"ORBIT pos-0.16 orbit L0.29 M0.49 R0.27 tn0.57 yaw-13 pit+10 rc(4, 10, 0, -15)",0.2942,0.4902,0.2725,,
49,5792,48,,depth/000049.npy,1,159.5,290.5,-1.0,-100.0,-100.0,-100.0,83.0,70.0,0.0,-1.0,0.0,0.0,-1.0,72.0,3,9,0,-16,"ORBIT pos-0.18 orbit L0.30 M0.49 R0.26 tn0.58 yaw-14 pit+9 rc(3, 9, 0, -16)",0.302,0.4863,0.2646,,
50,5904,49,,depth/000050.npy,1,156.9,306.6,-1.0,-100.0,-100.0,-100.0,82.0,70.0,0.0,-1.0,0.0,0.0,-1.0,72.0,3,8,0,-17,"ORBIT pos-0.18 orbit L0.30 M0.49 R0.26 tn0.58 yaw-15 pit+8 rc(3, 8, 0, -17)",0.302,0.498,0.2627,,
51,6024,50,,depth/000051.npy,1,161.1,265.7,-1.0,-100.0,-100.0,-100.0,81.0,70.0,0.0,-1.0,0.0,0.0,-1.0,71.0,2,8,0,-16,"ORBIT pos-0.19 orbit L0.30 M0.50 R0.26 tn0.60 yaw-15 pit+8 rc(2, 8, 0, -16)",0.2825,0.5215,0.2646,,
52,6139,51,,depth/000051.npy,1,161.1,377.6,-1.0,-100.0,-100.0,-100.0,79.0,70.0,0.0,-1.0,0.0,0.0,-1.0,71.0,2,7,0,-16,"ORBIT pos-0.19 orbit L0.28 M0.52 R0.26 tn0.60 yaw-15 pit+7 rc(2, 7, 0, -16)",0.2825,0.5215,0.2646,,
53,6256,52,,depth/000053.npy,1,182.1,303.0,-1.0,-100.0,-100.0,-100.0,78.0,70.0,0.0,-1.0,0.0,0.0,-1.0,71.0,3,6,0,-16,"ORBIT pos-0.17 orbit L0.27 M0.55 R0.27 tn0.61 yaw-14 pit+6 rc(3, 6, 0, -16)",0.2666,0.5488,0.2686,,
54,6371,53,,depth/000053.npy,1,182.1,447.4,-1.0,-100.0,-100.0,-100.0,76.0,70.0,0.0,0.0,0.0,0.0,0.0,71.0,4,6,0,-15,"ORBIT pos-0.16 orbit L0.27 M0.55 R0.27 tn0.61 yaw-13 pit+6 rc(4, 6, 0, -15)",0.2666,0.5488,0.2686,,
55,6510,54,,depth/000055.npy,1,193.5,348.6,-1.0,-100.0,-100.0,-100.0,75.0,70.0,0.0,0.0,0.0,0.0,0.0,71.0,5,6,0,-13,"ORBIT pos-0.12 orbit L0.24 M0.56 R0.26 tn0.61 yaw-10 pit+6 rc(5, 6, 0, -13)",0.2432,0.5566,0.2607,,
56,6621,55,,depth/000056.npy,1,152.0,311.5,-1.0,-100.0,-100.0,-100.0,74.0,70.0,0.0,0.0,0.0,0.0,0.0,71.0,6,6,0,-12,"ORBIT pos-0.10 orbit L0.24 M0.56 R0.26 tn0.62 yaw-8 pit+6 rc(6, 6, 0, -12)",0.2432,0.5605,0.2627,,
57,6742,56,,depth/000057.npy,1,194.0,315.9,-1.0,-100.0,-100.0,-100.0,74.0,70.0,0.0,0.0,0.0,0.0,0.0,71.0,8,6,0,-10,"ORBIT pos-0.06 orbit L0.24 M0.56 R0.26 tn0.62 yaw-5 pit+6 rc(8, 6, 0, -10)",0.2393,0.5649,0.2588,,
58,6861,57,,depth/000057.npy,1,194.0,440.1,-1.0,-100.0,-100.0,-100.0,72.0,70.0,0.0,0.0,0.0,0.0,0.0,71.0,8,5,0,-5,"ORBIT pos-0.04 orbit L0.24 M0.56 R0.26 tn0.62 yaw+0 pit+5 rc(8, 5, 0, -5)",0.2393,0.5649,0.2588,,
59,6972,58,,depth/000059.npy,1,155.8,307.7,-1.0,-100.0,-100.0,-100.0,71.0,70.0,0.0,0.0,0.0,0.0,0.0,71.0,9,5,0,-5,"ORBIT pos+0.01 orbit L0.24 M0.55 R0.28 tn0.62 yaw+0 pit+5 rc(9, 5, 0, -5)",0.2354,0.5488,0.2844,,
60,7089,59,,depth/000060.npy,1,168.1,259.9,-1.0,-100.0,-100.0,-100.0,71.0,70.0,0.0,0.0,0.0,0.0,0.0,71.0,9,5,0,-5,"ORBIT pos+0.04 orbit L0.24 M0.55 R0.28 tn0.62 yaw+0 pit+5 rc(9, 5, 0, -5)",0.2333,0.5293,0.3118,,
61,7201,60,,depth/000060.npy,1,168.1,383.2,-1.0,-100.0,-100.0,-100.0,71.0,70.0,0.0,0.0,0.0,0.0,0.0,71.0,7,5,0,2,"ORBIT pos+0.08 orbit L0.23 M0.53 R0.31 tn0.63 yaw+6 pit+5 rc(7, 5, 0, 2)",0.2333,0.5293,0.3118,,
62,7316,61,,depth/000062.npy,1,166.3,319.8,-1.0,-100.0,-100.0,-100.0,71.0,70.0,0.0,0.0,0.0,0.0,0.0,71.0,6,5,0,4,"ORBIT pos+0.10 orbit L0.24 M0.52 R0.33 tn0.63 yaw+8 pit+5 rc(6, 5, 0, 4)",0.2393,0.5176,0.3254,,
63,7430,62,,depth/000063.npy,1,163.6,265.9,-1.0,-100.0,-100.0,-100.0,71.0,70.0,0.0,0.0,0.0,0.0,0.0,71.0,5,5,0,7,"ORBIT pos+0.13 orbit L0.24 M0.51 R0.33 tn0.64 yaw+10 pit+5 rc(5, 5, 0, 7)",0.2354,0.5059,0.3254,,
64,7555,63,,depth/000064.npy,1,162.7,247.4,-1.0,-100.0,-100.0,-100.0,70.0,70.0,0.0,0.0,0.0,0.0,0.0,71.0,4,0,0,9,"ORBIT pos+0.14 orbit L0.24 M0.51 R0.33 tn0.64 yaw+11 pit+0 rc(4, 0, 0, 9)",0.2393,0.5117,0.3293,,
65,7680,64,,depth/000064.npy,1,162.7,371.1,-1.0,-100.0,-100.0,-100.0,70.0,70.0,0.0,0.0,0.0,-1.0,0.0,71.0,4,0,0,11,"ORBIT pos+0.16 orbit L0.24 M0.51 R0.33 tn0.65 yaw+13 pit+0 rc(4, 0, 0, 11)",0.2393,0.5117,0.3293,,
66,7805,65,,depth/000066.npy,1,152.3,305.1,-1.0,-100.0,-100.0,-100.0,71.0,70.0,0.0,0.0,0.0,0.0,0.0,71.0,3,0,0,11,"ORBIT pos+0.16 orbit L0.24 M0.51 R0.33 tn0.65 yaw+13 pit+0 rc(3, 0, 0, 11)",0.2393,0.5059,0.3254,,
67,7922,66,,depth/000067.npy,1,155.0,254.0,-1.0,-100.0,-100.0,-100.0,71.0,70.0,0.0,0.0,0.0,0.0,0.0,70.0,3,0,0,11,"ORBIT pos+0.17 orbit L0.24 M0.52 R0.32 tn0.65 yaw+13 pit+0 rc(3, 0, 0, 11)",0.2373,0.5215,0.3176,,
68,8028,67,,depth/000068.npy,1,159.5,202.5,-1.0,-100.0,-100.0,-100.0,71.0,70.0,0.0,0.0,0.0,0.0,0.0,70.0,3,0,0,11,"ORBIT pos+0.17 orbit L0.24 M0.52 R0.32 tn0.65 yaw+13 pit+0 rc(3, 0, 0, 11)",0.2354,0.5293,0.3137,,
69,8134,68,,depth/000068.npy,1,159.5,303.3,-1.0,-100.0,-100.0,-100.0,71.0,70.0,0.0,0.0,0.0,0.0,0.0,70.0,4,0,0,11,"ORBIT pos+0.16 orbit L0.24 M0.53 R0.31 tn0.65 yaw+13 pit+0 rc(4, 0, 0, 11)",0.2354,0.5293,0.3137,,
70,8244,69,,depth/000070.npy,1,167.8,314.6,-1.0,-100.0,-100.0,-100.0,71.0,70.0,0.0,0.0,0.0,0.0,0.0,70.0,4,0,0,10,"ORBIT pos+0.15 orbit L0.24 M0.54 R0.31 tn0.65 yaw+12 pit+0 rc(4, 0, 0, 10)",0.2393,0.5371,0.3137,,
71,8367,70,,depth/000071.npy,1,158.3,214.1,-1.0,-100.0,-100.0,-100.0,71.0,70.0,0.0,0.0,0.0,0.0,0.0,70.0,4,0,0,10,"ORBIT pos+0.14 orbit L0.23 M0.56 R0.31 tn0.65 yaw+12 pit+0 rc(4, 0, 0, 10)",0.2313,0.5566,0.3098,,
72,8497,71,,depth/000071.npy,1,158.3,335.1,-1.0,-100.0,-100.0,-100.0,71.0,70.0,0.0,0.0,0.0,0.0,0.0,70.0,4,0,0,9,"ORBIT pos+0.14 orbit L0.23 M0.56 R0.31 tn0.66 yaw+11 pit+0 rc(4, 0, 0, 9)",0.2313,0.5566,0.3098,,
73,8629,72,,depth/000073.npy,1,165.3,323.0,-1.0,-100.0,-100.0,-100.0,71.0,70.0,0.0,0.0,0.0,0.0,0.0,70.0,5,0,0,7,"ORBIT pos+0.13 orbit L0.23 M0.57 R0.31 tn0.66 yaw+10 pit+0 rc(5, 0, 0, 7)",0.2294,0.5688,0.3059,,
74,8748,73,,depth/000073.npy,1,165.3,470.5,-1.0,-100.0,-100.0,-100.0,71.0,70.0,0.0,0.0,0.0,0.0,0.0,70.0,5,0,0,7,"ORBIT pos+0.13 orbit L0.23 M0.57 R0.31 tn0.66 yaw+10 pit+0 rc(5, 0, 0, 7)",0.2294,0.5688,0.3059,,
75,8849,74,,depth/000075.npy,1,282.1,422.0,-1.0,-100.0,-100.0,-100.0,71.0,70.0,0.0,0.0,0.0,0.0,0.0,70.0,5,0,0,7,"ORBIT pos+0.12 orbit L0.23 M0.58 R0.30 tn0.67 yaw+10 pit+0 rc(5, 0, 0, 7)",0.2274,0.5806,0.2981,,
76,8960,75,,depth/000076.npy,1,144.0,270.5,-1.0,-100.0,-100.0,-100.0,71.0,70.0,0.0,0.0,0.0,0.0,0.0,70.0,6,0,0,5,"ORBIT pos+0.11 orbit L0.24 M0.60 R0.30 tn0.67 yaw+9 pit+0 rc(6, 0, 0, 5)",0.2354,0.6001,0.302,,
77,9074,76,,depth/000076.npy,1,144.0,339.9,-1.0,-100.0,-100.0,-100.0,72.0,70.0,0.0,0.0,0.0,0.0,0.0,70.0,6,0,0,5,"ORBIT pos+0.11 orbit L0.24 M0.60 R0.30 tn0.68 yaw+9 pit+0 rc(6, 0, 0, 5)",0.2354,0.6001,0.302,,
78,9185,77,,depth/000078.npy,1,244.7,288.1,-1.0,-100.0,-100.0,-100.0,72.0,70.0,0.0,0.0,0.0,0.0,0.0,70.0,6,0,0,4,"ORBIT pos+0.10 orbit L0.24 M0.61 R0.30 tn0.69 yaw+8 pit+0 rc(6, 0, 0, 4)",0.2393,0.6118,0.2981,,
79,9296,78,,depth/000078.npy,1,244.7,403.3,-1.0,-100.0,-100.0,-100.0,72.0,70.0,0.0,0.0,0.0,0.0,0.0,70.0,6,0,0,4,"ORBIT pos+0.10 orbit L0.24 M0.61 R0.30 tn0.70 yaw+8 pit+0 rc(6, 0, 0, 4)",0.2393,0.6118,0.2981,,
80,9401,79,,depth/000080.npy,1,163.9,299.5,-1.0,-100.0,-100.0,-100.0,73.0,70.0,0.0,0.0,0.0,0.0,0.0,70.0,6,0,0,3,"ORBIT pos+0.09 orbit L0.24 M0.62 R0.30 tn0.71 yaw+7 pit+0 rc(6, 0, 0, 3)",0.2412,0.6196,0.2981,,
81,9506,80,,depth/000081.npy,1,160.7,199.8,-1.0,-100.0,-100.0,-100.0,73.0,70.0,0.0,0.0,0.0,0.0,0.0,70.0,7,0,0,3,"ORBIT pos+0.09 orbit L0.24 M0.62 R0.30 tn0.71 yaw+7 pit+0 rc(7, 0, 0, 3)",0.2393,0.6274,0.2666,,
82,9617,81,,depth/000081.npy,1,160.7,308.4,-1.0,-100.0,-100.0,-100.0,73.0,70.0,0.0,0.0,0.0,0.0,0.0,70.0,7,0,0,2,"ORBIT pos+0.07 orbit L0.24 M0.63 R0.27 tn0.73 yaw+6 pit+0 rc(7, 0, 0, 2)",0.2393,0.6274,0.2666,,
83,9725,82,,depth/000083.npy,1,170.2,301.7,-1.0,-100.0,-100.0,-100.0,74.0,70.0,0.0,0.0,0.0,0.0,0.0,70.0,7,0,0,1,"ORBIT pos+0.06 orbit L0.23 M0.62 R0.27 tn0.73 yaw+5 pit+0 rc(7, 0, 0, 1)",0.2313,0.6235,0.2666,,
84,9838,83,,depth/000083.npy,1,170.2,417.9,-1.0,-100.0,-100.0,-100.0,74.0,70.0,0.0,0.0,0.0,0.0,0.0,70.0,8,0,0,-1,"ORBIT pos+0.05 orbit L0.23 M0.62 R0.27 tn0.73 yaw+4 pit+0 rc(8, 0, 0, -1)",0.2313,0.6235,0.2666,,
85,9945,84,,depth/000085.npy,1,184.3,349.7,-1.0,-100.0,-100.0,-100.0,74.0,70.0,0.0,0.0,0.0,0.0,0.0,70.0,8,-5,0,-5,"ORBIT pos+0.04 orbit L0.24 M0.63 R0.25 tn0.74 yaw+0 pit-5 rc(8, -5, 0, -5)",0.2354,0.6313,0.251,,
86,10057,85,,depth/000086.npy,1,157.3,285.3,-1.0,-100.0,-100.0,-100.0,74.0,70.0,0.0,0.0,0.0,0.0,0.0,69.0,9,-5,0,-5,"ORBIT pos+0.02 orbit L0.22 M0.64 R0.25 tn0.75 yaw+0 pit-5 rc(9, -5, 0, -5)",0.2235,0.6431,0.251,,
87,10182,86,,depth/000086.npy,1,157.3,441.4,-1.0,-100.0,-100.0,-100.0,74.0,70.0,0.0,0.0,0.0,0.0,0.0,69.0,10,-5,0,-6,"ORBIT pos+0.01 orbit L0.22 M0.64 R0.25 tn0.75 yaw+0 pit-5 rc(10, -5, 0, -6)",0.2235,0.6431,0.251,,
88,10283,87,,depth/000088.npy,1,192.3,349.6,-1.0,-100.0,-100.0,-100.0,74.0,70.0,0.0,0.0,0.0,0.0,0.0,69.0,10,-5,0,-6,"ORBIT pos+0.00 orbit L0.23 M0.65 R0.25 tn0.75 yaw+0 pit-5 rc(10, -5, 0, -6)",0.2313,0.6509,0.251,,
89,10395,88,,depth/000089.npy,1,171.0,285.8,-1.0,-100.0,-100.0,-100.0,74.0,70.0,0.0,0.0,0.0,0.0,0.0,69.0,9,-6,0,-5,"ORBIT pos-0.02 orbit L0.24 M0.64 R0.25 tn0.76 yaw+0 pit-6 rc(9, -6, 0, -5)",0.2373,0.6353,0.2549,,
90,10505,89,,depth/000089.npy,1,171.0,394.3,-1.0,-100.0,-100.0,-100.0,74.0,70.0,0.0,0.0,0.0,0.0,0.0,69.0,9,-6,0,-5,"ORBIT pos-0.02 orbit L0.24 M0.64 R0.25 tn0.76 yaw+0 pit-6 rc(9, -6, 0, -5)",0.2373,0.6353,0.2549,,
91,10614,90,,depth/000091.npy,1,168.9,310.1,-1.0,-100.0,-100.0,-100.0,74.0,70.0,0.0,0.0,0.0,0.0,0.0,69.0,8,-5,0,-5,"ORBIT pos-0.04 orbit L0.24 M0.64 R0.25 tn0.75 yaw+0 pit-5 rc(8, -5, 0, -5)",0.2354,0.6353,0.2549,,
92,10727,91,,depth/000092.npy,1,162.7,200.0,-1.0,-100.0,-100.0,-100.0,75.0,70.0,0.0,0.0,0.0,0.0,0.0,69.0,8,-5,0,-5,"ORBIT pos-0.05 orbit L0.24 M0.64 R0.25 tn0.75 yaw+0 pit-5 rc(8, -5, 0, -5)",0.2471,0.6079,0.251,,
93,10841,92,,depth/000092.npy,1,162.7,310.2,-1.0,-100.0,-100.0,-100.0,75.0,70.0,0.0,0.0,0.0,0.0,0.0,69.0,7,0,0,-9,"ORBIT pos-0.06 orbit L0.25 M0.61 R0.25 tn0.72 yaw-5 pit+0 rc(7, 0, 0, -9)",0.2471,0.6079,0.251,,
94,10962,93,,depth/000094.npy,1,160.2,331.3,-1.0,-100.0,-100.0,-100.0,75.0,70.0,0.0,0.0,0.0,0.0,0.0,69.0,7,0,0,-10,"ORBIT pos-0.08 orbit L0.25 M0.60 R0.25 tn0.71 yaw-6 pit+0 rc(7, 0, 0, -10)",0.2549,0.6001,0.2549,,
95,11072,94,,depth/000095.npy,1,162.4,283.0,-1.0,-100.0,-100.0,-100.0,75.0,70.0,0.0,0.0,0.0,-1.0,0.0,69.0,6,0,0,-12,"ORBIT pos-0.10 orbit L0.27 M0.58 R0.25 tn0.70 yaw-8 pit+0 rc(6, 0, 0, -12)",0.2705,0.5767,0.2471,,
96,11188,95,,depth/000095.npy,1,162.4,394.7,-1.0,-100.0,-100.0,-100.0,75.0,70.0,0.0,0.0,0.0,-1.0,0.0,69.0,6,0,0,-13,"ORBIT pos-0.11 orbit L0.27 M0.58 R0.25 tn0.69 yaw-9 pit+0 rc(6, 0, 0, -13)",0.2705,0.5767,0.2471,,
97,11291,96,,depth/000097.npy,1,164.2,326.8,-1.0,-100.0,-100.0,-100.0,74.0,70.0,0.0,0.0,0.0,-1.0,0.0,69.0,5,0,0,-13,"ORBIT pos-0.13 orbit L0.29 M0.57 R0.25 tn0.69 yaw-10 pit+0 rc(5, 0, 0, -13)",0.2903,0.5688,0.2549,,
98,11402,97,,depth/000098.npy,1,160.2,268.8,-1.0,-100.0,-100.0,-100.0,74.0,70.0,0.0,0.0,0.0,0.0,0.0,69.0,4,0,0,-13,"ORBIT pos-0.14 orbit L0.29 M0.56 R0.25 tn0.69 yaw-11 pit+0 rc(4, 0, 0, -13)",0.2942,0.5627,0.2549,,
99,11511,98,,depth/000098.npy,1,160.2,387.7,-1.0,-100.0,-100.0,-100.0,74.0,70.0,0.0,0.0,0.0,0.0,0.0,69.0,4,0,0,-15,"ORBIT pos-0.16 orbit L0.29 M0.56 R0.25 tn0.69 yaw-13 pit+0 rc(4, 0, 0, -15)",0.2942,0.5627,0.2549,,
100,11630,99,,depth/000100.npy,1,160.7,335.9,-1.0,-100.0,-100.0,-100.0,73.0,70.0,0.0,0.0,0.0,0.0,0.0,69.0,3,0,0,-15,"ORBIT pos-0.17 orbit L0.31 M0.54 R0.26 tn0.70 yaw-13 pit+0 rc(3, 0, 0, -15)",0.3137,0.5449,0.2568,,
101,11753,100,,depth/000101.npy,1,159.8,291.4,-1.0,-100.0,-100.0,-100.0,72.0,70.0,0.0,0.0,0.0,0.0,-1.0,69.0,2,0,0,-16,"ORBIT pos-0.19 orbit L0.34 M0.53 R0.26 tn0.73 yaw-15 pit+0 rc(2, 0, 0, -16)",0.3372,0.5254,0.2588,,
102,11863,101,,depth/000102.npy,1,162.9,230.7,-1.0,-100.0,-100.0,-100.0,71.0,80.0,0.0,0.0,0.0,0.0,-1.0,69.0,2,-5,0,-17,"ORBIT pos-0.20 orbit L0.34 M0.53 R0.26 tn0.75 yaw-16 pit-5 rc(2, -5, 0, -17)",0.3569,0.5332,0.2549,,
103,11972,102,,depth/000102.npy,1,162.9,348.6,-1.0,-100.0,-100.0,-100.0,71.0,80.0,0.0,0.0,0.0,0.0,-1.0,68.0,1,-7,0,-18,"ORBIT pos-0.22 orbit L0.36 M0.53 R0.25 tn0.78 yaw-17 pit-7 rc(1, -7, 0, -18)",0.3569,0.5332,0.2549,,
104,12088,103,,depth/000104.npy,1,160.9,290.4,-1.0,-100.0,-100.0,-100.0,70.0,70.0,0.0,0.0,0.0,0.0,-1.0,68.0,1,-8,0,-19,"ORBIT pos-0.22 orbit L0.35 M0.54 R0.25 tn0.79 yaw-18 pit-8 rc(1, -8, 0, -19)",0.3452,0.5371,0.2549,,
105,12210,104,,depth/000105.npy,1,165.3,278.2,-1.0,-100.0,-100.0,-100.0,69.0,70.0,0.0,0.0,0.0,-1.0,-1.0,68.0,1,-9,0,-19,"ORBIT pos-0.23 orbit L0.33 M0.55 R0.25 tn0.81 yaw-18 pit-9 rc(1, -9, 0, -19)",0.3333,0.5527,0.251,,
106,12318,105,,depth/000105.npy,1,165.3,388.2,-1.0,-100.0,-100.0,-100.0,68.0,70.0,0.0,0.0,0.0,0.0,-1.0,68.0,1,-10,0,-19,"ORBIT pos-0.23 orbit L0.33 M0.55 R0.25 tn0.81 yaw-18 pit-10 rc(1, -10, 0, -19)",0.3333,0.5527,0.251,,
107,12440,106,,depth/000107.npy,1,160.8,348.4,-1.0,-100.0,-100.0,-100.0,67.0,70.0,0.0,0.0,0.0,0.0,-1.0,68.0,1,-11,0,-19,"ORBIT pos-0.22 orbit L0.33 M0.56 R0.26 tn0.82 yaw-18 pit-11 rc(1, -11, 0, -19)",0.3293,0.5627,0.2588,,
108,12546,107,,depth/000108.npy,1,156.2,245.6,-1.0,-100.0,-100.0,-100.0,66.0,70.0,0.0,0.0,0.0,0.0,-1.0,68.0,2,-11,0,-18,"ORBIT pos-0.21 orbit L0.29 M0.60 R0.25 tn0.83 yaw-17 pit-11 rc(2, -11, 0, -18)",0.2864,0.6001,0.2471,,
109,12658,108,,depth/000109.npy,1,165.6,231.3,-1.0,-100.0,-100.0,-100.0,65.0,70.0,0.0,0.0,0.0,0.0,-1.0,68.0,2,-12,0,-16,"ORBIT pos-0.19 orbit L0.29 M0.60 R0.25 tn0.84 yaw-15 pit-12 rc(2, -12, 0, -16)",0.2844,0.6353,0.2588,,
110,12769,109,,depth/000109.npy,1,165.6,338.4,-1.0,-100.0,-100.0,-100.0,63.0,70.0,0.0,0.0,0.0,0.0,-1.0,68.0,3,-13,0,-17,"ORBIT pos-0.18 orbit L0.28 M0.64 R0.26 tn0.85 yaw-15 pit-13 rc(3, -13, 0, -17)",0.2844,0.6353,0.2588,,
111,12884,110,,depth/000111.npy,1,166.4,284.6,-1.0,-100.0,-100.0,-100.0,62.0,70.0,0.0,0.0,0.0,0.0,0.0,68.0,4,-13,0,-14,"ORBIT pos-0.16 orbit L0.25 M0.66 R0.25 tn0.85 yaw-12 pit-13 rc(4, -13, 0, -14)",0.251,0.6606,0.251,,
112,12998,111,,depth/000112.npy,1,168.8,200.6,-1.0,-100.0,-100.0,-100.0,61.0,70.0,0.0,0.0,0.0,0.0,-1.0,68.0,4,-12,0,-13,"ORBIT pos-0.14 orbit L0.25 M0.66 R0.25 tn0.84 yaw-11 pit-12 rc(4, -12, 0, -13)",0.2432,0.6743,0.2666,,
113,13103,112,,depth/000112.npy,1,168.8,302.8,-1.0,-100.0,-100.0,-100.0,60.0,70.0,0.0,0.0,0.0,0.0,0.0,68.0,6,-11,0,-12,"ORBIT pos-0.10 orbit L0.24 M0.67 R0.27 tn0.83 yaw-8 pit-11 rc(6, -11, 0, -12)",0.2432,0.6743,0.2666,,
114,13222,113,,depth/000114.npy,1,160.2,285.4,-1.0,-100.0,-100.0,-100.0,59.0,70.0,0.0,0.0,0.0,0.0,-1.0,68.0,7,-10,0,-10,"ORBIT pos-0.07 orbit L0.24 M0.65 R0.27 tn0.81 yaw-6 pit-10 rc(7, -10, 0, -10)",0.2432,0.6509,0.2744,,
115,13333,114,,depth/000115.npy,1,157.3,203.9,-1.0,-100.0,-100.0,-100.0,58.0,70.0,0.0,0.0,0.0,0.0,-1.0,68.0,9,-7,0,-5,"ORBIT pos-0.03 orbit L0.25 M0.63 R0.28 tn0.78 yaw+0 pit-7 rc(9, -7, 0, -5)",0.251,0.6274,0.2825,,
116,13447,115,,depth/000115.npy,1,157.3,313.3,-1.0,-100.0,-100.0,-100.0,57.0,70.0,0.0,0.0,0.0,0.0,-1.0,68.0,9,-7,0,-5,"ORBIT pos-0.01 orbit L0.25 M0.63 R0.28 tn0.77 yaw+0 pit-7 rc(9, -7, 0, -5)",0.251,0.6274,0.2825,,
117,13556,116,,depth/000117.npy,1,163.8,292.2,-1.0,-100.0,-100.0,-100.0,57.0,70.0,0.0,0.0,0.0,0.0,0.0,68.0,9,-5,0,-5,"ORBIT pos+0.02 orbit L0.23 M0.60 R0.29 tn0.76 yaw+0 pit-5 rc(9, -5, 0, -5)",0.2313,0.604,0.2864,,
118,13669,117,,depth/000118.npy,1,155.0,241.0,-1.0,-100.0,-100.0,-100.0,56.0,70.0,0.0,0.0,0.0,0.0,0.0,68.0,8,-5,0,-5,"ORBIT pos+0.04 orbit L0.23 M0.60 R0.29 tn0.75 yaw+0 pit-5 rc(8, -5, 0, -5)",0.2471,0.6001,0.2903,,
119,13779,118,,depth/000118.npy,1,155.0,356.3,-1.0,-100.0,-100.0,-100.0,56.0,70.0,0.0,0.0,0.0,0.0,0.0,68.0,7,-5,0,1,"ORBIT pos+0.07 orbit L0.25 M0.60 R0.29 tn0.75 yaw+5 pit-5 rc(7, -5, 0, 1)",0.2471,0.6001,0.2903,,
120,13894,119,,depth/000120.npy,1,164.1,331.5,-1.0,-100.0,-100.0,-100.0,55.0,70.0,0.0,0.0,0.0,0.0,0.0,68.0,7,-5,0,2,"ORBIT pos+0.08 orbit L0.25 M0.59 R0.29 tn0.74 yaw+6 pit-5 rc(7, -5, 0, 2)",0.2471,0.5923,0.2942,,
121,14007,120,,depth/000121.npy,1,164.2,260.6,-1.0,-100.0,-100.0,-100.0,55.0,70.0,0.0,0.0,0.0,0.0,0.0,68.0,6,0,0,4,"ORBIT pos+0.10 orbit L0.25 M0.58 R0.31 tn0.74 yaw+8 pit+0 rc(6, 0, 0, 4)",0.251,0.5767,0.3137,,
122,14118,121,,depth/000121.npy,1,164.2,375.3,-1.0,-100.0,-100.0,-100.0,54.0,70.0,0.0,0.0,0.0,0.0,-1.0,67.0,6,0,0,5,"ORBIT pos+0.11 orbit L0.25 M0.58 R0.31 tn0.74 yaw+9 pit+0 rc(6, 0, 0, 5)",0.251,0.5767,0.3137,,
123,14231,122,,depth/000123.npy,1,179.0,309.1,-1.0,-100.0,-100.0,-100.0,53.0,70.0,0.0,0.0,0.0,0.0,-1.0,67.0,5,-5,0,7,"ORBIT pos+0.13 orbit L0.25 M0.58 R0.32 tn0.75 yaw+10 pit-5 rc(5, -5, 0, 7)",0.2471,0.5786,0.3196,,
124,14338,123,,depth/000124.npy,1,153.5,255.0,-1.0,-100.0,-100.0,-100.0,53.0,70.0,0.0,0.0,0.0,0.0,-1.0,67.0,5,-6,0,7,"ORBIT pos+0.13 orbit L0.25 M0.59 R0.33 tn0.76 yaw+10 pit-6 rc(5, -6, 0, 7)",0.2549,0.5884,0.3254,,
125,14452,124,,depth/000125.npy,1,169.7,220.4,-1.0,-100.0,-100.0,-100.0,53.0,70.0,0.0,0.0,0.0,0.0,-1.0,67.0,4,-7,0,9,"ORBIT pos+0.14 orbit L0.25 M0.59 R0.33 tn0.77 yaw+11 pit-7 rc(4, -7, 0, 9)",0.2471,0.5864,0.3196,,
126,14564,125,,depth/000125.npy,1,169.7,331.6,-1.0,-100.0,-100.0,-100.0,52.0,70.0,0.0,0.0,0.0,0.0,-1.0,67.0,4,-7,0,9,"ORBIT pos+0.14 orbit L0.25 M0.59 R0.32 tn0.78 yaw+11 pit-7 rc(4, -7, 0, 9)",0.2471,0.5864,0.3196,,
127,14676,126,,depth/000127.npy,1,156.9,248.7,-1.0,-100.0,-100.0,-100.0,52.0,70.0,0.0,0.0,0.0,0.0,0.0,67.0,4,-7,0,9,"ORBIT pos+0.14 orbit L0.24 M0.58 R0.30 tn0.78 yaw+11 pit-7 rc(4, -7, 0, 9)",0.2432,0.5767,0.304,,
128,14788,127,,depth/000128.npy,1,165.0,196.1,-1.0,-100.0,-100.0,-100.0,52.0,70.0,0.0,0.0,0.0,0.0,-1.0,67.0,4,-7,0,9,"ORBIT pos+0.14 orbit L0.24 M0.58 R0.30 tn0.78 yaw+11 pit-7 rc(4, -7, 0, 9)",0.2274,0.5728,0.2922,,
129,14890,128,,depth/000128.npy,1,165.0,295.0,-1.0,-100.0,-100.0,-100.0,52.0,70.0,0.0,0.0,0.0,0.0,-1.0,67.0,5,-6,0,8,"ORBIT pos+0.14 orbit L0.23 M0.57 R0.29 tn0.76 yaw+11 pit-6 rc(5, -6, 0, 8)",0.2274,0.5728,0.2922,,
130,14999,129,,depth/000130.npy,1,153.9,271.5,-1.0,-100.0,-100.0,-100.0,52.0,70.0,0.0,0.0,0.0,0.0,0.0,67.0,5,-6,0,8,"ORBIT pos+0.13 orbit L0.24 M0.58 R0.30 tn0.76 yaw+11 pit-6 rc(5, -6, 0, 8)",0.2393,0.5845,0.2981,,
131,15123,130,,depth/000131.npy,1,164.2,226.6,-1.0,-100.0,-100.0,-100.0,52.0,70.0,0.0,0.0,0.0,0.0,0.0,67.0,5,-5,0,7,"ORBIT pos+0.12 orbit L0.25 M0.61 R0.29 tn0.76 yaw+10 pit-5 rc(5, -5, 0, 7)",0.2549,0.6118,0.2942,,
132,15225,131,,depth/000131.npy,1,164.2,330.3,-1.0,-100.0,-100.0,-100.0,52.0,70.0,0.0,0.0,0.0,0.0,0.0,67.0,5,-5,0,6,"ORBIT pos+0.11 orbit L0.25 M0.61 R0.29 tn0.76 yaw+9 pit-5 rc(5, -5, 0, 6)",0.2549,0.6118,0.2942,,
133,15334,132,,depth/000133.npy,1,161.5,263.3,-1.0,-100.0,-100.0,-100.0,52.0,70.0,0.0,0.0,0.0,0.0,-1.0,67.0,6,-5,0,4,"ORBIT pos+0.10 orbit L0.25 M0.61 R0.29 tn0.75 yaw+8 pit-5 rc(6, -5, 0, 4)",0.251,0.6079,0.2942,,
134,15448,133,,depth/000134.npy,1,179.1,321.5,-1.0,-100.0,-100.0,-100.0,52.0,70.0,0.0,0.0,0.0,0.0,-1.0,67.0,6,-5,0,3,"ORBIT pos+0.09 orbit L0.25 M0.61 R0.29 tn0.75 yaw+7 pit-5 rc(6, -5, 0, 3)",0.251,0.6196,0.2942,,
135,15553,134,,depth/000134.npy,1,179.1,422.3,-1.0,-100.0,-100.0,-100.0,52.0,70.0,0.0,0.0,0.0,0.0,-1.0,67.0,7,-5,0,3,"ORBIT pos+0.08 orbit L0.25 M0.62 R0.29 tn0.75 yaw+7 pit-5 rc(7, -5, 0, 3)",0.251,0.6196,0.2942,,
136,15673,135,,depth/000136.npy,1,155.9,317.1,-1.0,-100.0,-100.0,-100.0,52.0,70.0,0.0,0.0,0.0,0.0,-1.0,67.0,7,-5,0,2,"ORBIT pos+0.07 orbit L0.25 M0.61 R0.29 tn0.74 yaw+6 pit-5 rc(7, -5, 0, 2)",0.251,0.6138,0.2864,,
137,15782,136,,depth/000137.npy,1,164.9,251.0,-1.0,-100.0,-100.0,-100.0,52.0,70.0,0.0,0.0,0.0,0.0,-1.0,67.0,8,-5,0,0,"ORBIT pos+0.06 orbit L0.24 M0.62 R0.27 tn0.74 yaw+5 pit-5 rc(8, -5, 0, 0)",0.2354,0.6196,0.2705,,
138,15908,137,,depth/000138.npy,1,152.9,182.0,-1.0,-100.0,-100.0,-100.0,52.0,70.0,0.0,0.0,0.0,0.0,0.0,67.0,8,-5,0,-1,"ORBIT pos+0.05 orbit L0.24 M0.62 R0.27 tn0.74 yaw+4 pit-5 rc(8, -5, 0, -1)",0.2432,0.6353,0.2744,,
139,16012,138,,depth/000138.npy,1,152.9,282.7,-1.0,-100.0,-100.0,-100.0,52.0,70.0,0.0,0.0,0.0,0.0,0.0,66.0,8,-5,0,-5,"ORBIT pos+0.04 orbit L0.24 M0.64 R0.27 tn0.75 yaw+0 pit-5 rc(8, -5, 0, -5)",0.2432,0.6353,0.2744,,
140,16123,139,,depth/000140.npy,1,160.4,223.2,-1.0,-100.0,-100.0,-100.0,52.0,70.0,0.0,0.0,0.0,0.0,0.0,66.0,9,-5,0,-5,"ORBIT pos+0.03 orbit L0.24 M0.63 R0.26 tn0.75 yaw+0 pit-5 rc(9, -5, 0, -5)",0.2393,0.6313,0.2568,,
141,16232,140,,depth/000141.npy,1,161.0,199.5,-1.0,-100.0,-100.0,-100.0,52.0,70.0,0.0,0.0,0.0,0.0,0.0,66.0,9,-5,0,-5,"ORBIT pos+0.02 orbit L0.24 M0.63 R0.26 tn0.74 yaw+0 pit-5 rc(9, -5, 0, -5)",0.2354,0.6313,0.2588,,
142,16354,141,,depth/000141.npy,1,161.0,326.8,-1.0,-100.0,-100.0,-100.0,51.0,70.0,0.0,0.0,0.0,0.0,0.0,66.0,9,-5,0,-5,"ORBIT pos+0.02 orbit L0.24 M0.63 R0.26 tn0.74 yaw+0 pit-5 rc(9, -5, 0, -5)",0.2354,0.6313,0.2588,,
143,16460,142,,depth/000143.npy,1,161.9,329.8,-1.0,-100.0,-100.0,-100.0,51.0,70.0,0.0,0.0,0.0,0.0,0.0,66.0,10,0,0,-6,"ORBIT pos+0.01 orbit L0.24 M0.63 R0.27 tn0.73 yaw+0 pit+0 rc(10, 0, 0, -6)",0.2432,0.6313,0.2666,,
144,16567,143,,depth/000144.npy,1,164.6,222.6,-1.0,-100.0,-100.0,-100.0,51.0,70.0,0.0,0.0,0.0,0.0,0.0,66.0,10,0,0,-6,"ORBIT pos+0.00 orbit L0.24 M0.63 R0.27 tn0.73 yaw+0 pit+0 rc(10, 0, 0, -6)",0.2568,0.6274,0.2705,,
145,16678,144,,depth/000144.npy,1,164.6,337.7,-1.0,-100.0,-100.0,-100.0,51.0,70.0,0.0,0.0,0.0,0.0,0.0,66.0,10,0,0,-6,"ORBIT pos-0.01 orbit L0.26 M0.63 R0.27 tn0.71 yaw+0 pit+0 rc(10, 0, 0, -6)",0.2568,0.6274,0.2705,,
146,16792,145,,depth/000146.npy,1,172.3,332.6,-1.0,-100.0,-100.0,-100.0,51.0,70.0,0.0,0.0,0.0,0.0,0.0,66.0,10,0,0,-6,"ORBIT pos-0.01 orbit L0.24 M0.62 R0.27 tn0.71 yaw+0 pit+0 rc(10, 0, 0, -6)",0.2432,0.6196,0.2666,,
147,16904,146,,depth/000146.npy,1,172.3,505.4,-1.0,-100.0,-100.0,-100.0,51.0,70.0,0.0,0.0,0.0,0.0,0.0,66.0,9,0,0,-5,"ORBIT pos-0.02 orbit L0.24 M0.62 R0.27 tn0.71 yaw+0 pit+0 rc(9, 0, 0, -5)",0.2432,0.6196,0.2666,,
148,17046,147,,depth/000148.npy,1,257.6,345.3,-1.0,-100.0,-100.0,-100.0,52.0,70.0,0.0,0.0,0.0,0.0,0.0,66.0,9,0,0,-5,"ORBIT pos-0.02 orbit L0.23 M0.61 R0.26 tn0.70 yaw+0 pit+0 rc(9, 0, 0, -5)",0.2313,0.6079,0.2588,,
149,17160,148,,depth/000149.npy,1,150.7,363.9,-1.0,-100.0,-100.0,-100.0,52.0,70.0,0.0,0.0,0.0,0.0,0.0,66.0,9,0,0,-5,"ORBIT pos-0.03 orbit L0.24 M0.60 R0.26 tn0.69 yaw+0 pit+0 rc(9, 0, 0, -5)",0.2432,0.604,0.2627,,
150,17280,149,,depth/000149.npy,1,150.7,489.3,-1.0,-100.0,-100.0,-100.0,53.0,70.0,0.0,0.0,0.0,0.0,0.0,66.0,9,0,0,-5,"ORBIT pos-0.03 orbit L0.24 M0.60 R0.26 tn0.69 yaw+0 pit+0 rc(9, 0, 0, -5)",0.2432,0.604,0.2627,,
151,17387,150,,depth/000151.npy,1,173.3,288.1,-1.0,-100.0,-100.0,-100.0,53.0,70.0,0.0,0.0,0.0,0.0,0.0,66.0,8,0,0,-9,"ORBIT pos-0.06 orbit L0.25 M0.59 R0.26 tn0.68 yaw-4 pit+0 rc(8, 0, 0, -9)",0.2529,0.5884,0.2627,,
152,17497,151,,depth/000152.npy,1,160.0,232.5,-1.0,-100.0,-100.0,-100.0,54.0,70.0,0.0,0.0,0.0,0.0,0.0,66.0,7,0,0,-9,"ORBIT pos-0.06 orbit L0.25 M0.59 R0.26 tn0.68 yaw-5 pit+0 rc(7, 0, 0, -9)",0.2588,0.5806,0.2549,,
153,17620,152,,depth/000152.npy,1,160.0,357.4,-1.0,-100.0,-100.0,-100.0,54.0,70.0,0.0,0.0,0.0,0.0,0.0,66.0,7,0,0,-11,"ORBIT pos-0.08 orbit L0.26 M0.58 R0.25 tn0.67 yaw-7 pit+0 rc(7, 0, 0, -11)",0.2588,0.5806,0.2549,,
154,17739,153,,depth/000154.npy,1,165.2,310.6,-1.0,-100.0,-100.0,-100.0,55.0,70.0,0.0,0.0,0.0,0.0,0.0,66.0,6,0,0,-12,"ORBIT pos-0.10 orbit L0.27 M0.55 R0.25 tn0.67 yaw-8 pit+0 rc(6, 0, 0, -12)",0.2744,0.5527,0.251,,
155,17852,154,,depth/000155.npy,1,156.2,287.6,-1.0,-100.0,-100.0,-100.0,56.0,70.0,0.0,0.0,0.0,0.0,0.0,66.0,5,0,0,-13,"ORBIT pos-0.13 orbit L0.32 M0.54 R0.26 tn0.67 yaw-10 pit+0 rc(5, 0, 0, -13)",0.3176,0.5371,0.2588,,
156,17963,155,,depth/000156.npy,1,163.3,201.3,-1.0,-100.0,-100.0,-100.0,56.0,70.0,0.0,0.0,0.0,0.0,0.0,66.0,4,0,0,-14,"ORBIT pos-0.15 orbit L0.32 M0.54 R0.26 tn0.67 yaw-12 pit+0 rc(4, 0, 0, -14)",0.3726,0.4785,0.2607,,
157,18083,156,,depth/000156.npy,1,163.3,315.5,-1.0,-100.0,-100.0,-100.0,56.0,70.0,0.0,0.0,0.0,0.0,0.0,65.0,2,0,0,-16,"ORBIT pos-0.19 orbit L0.37 M0.48 R0.26 tn0.66 yaw-15 pit+0 rc(2, 0, 0, -16)",0.3726,0.4785,0.2607,,
158,18202,157,,depth/000158.npy,1,160.3,308.1,-1.0,-100.0,-100.0,-100.0,56.0,70.0,0.0,0.0,0.0,0.0,0.0,65.0,1,0,0,-18,"ORBIT pos-0.22 orbit L0.39 M0.46 R0.27 tn0.66 yaw-17 pit+0 rc(1, 0, 0, -18)",0.3921,0.4626,0.2666,,
159,18316,158,,depth/000159.npy,1,156.1,249.8,-1.0,-100.0,-100.0,-100.0,56.0,70.0,0.0,0.0,0.0,0.0,-1.0,65.0,0,0,0,-21,"ORBIT pos-0.26 center L0.41 M0.42 R0.26 tn0.66 yaw-21 pit+0 rc(0, 0, 0, -21)",0.4119,0.4236,0.2607,,
160,18422,159,,depth/000159.npy,1,156.1,356.6,-1.0,-100.0,-100.0,-100.0,56.0,70.0,0.0,0.0,0.0,0.0,-1.0,65.0,0,0,0,-23,"ORBIT pos-0.28 center L0.41 M0.42 R0.26 tn0.66 yaw-23 pit+0 rc(0, 0, 0, -23)",0.4119,0.4236,0.2607,,
161,18549,160,,depth/000161.npy,1,157.0,316.8,-1.0,-100.0,-100.0,-100.0,55.0,70.0,0.0,0.0,0.0,0.0,-1.0,65.0,0,0,0,-25,"ORBIT pos-0.32 center L0.44 M0.41 R0.26 tn0.68 yaw-26 pit+0 rc(0, 0, 0, -25)",0.4431,0.408,0.2607,,
162,18662,161,,depth/000162.npy,1,158.8,268.4,-1.0,-100.0,-100.0,-100.0,54.0,70.0,0.0,0.0,0.0,0.0,-1.0,65.0,0,0,0,-25,"ORBIT pos-0.34 center L0.48 M0.40 R0.26 tn0.68 yaw-27 pit+0 rc(0, 0, 0, -25)",0.4785,0.396,0.2607,,
163,18774,162,,depth/000163.npy,1,158.1,210.2,-1.0,-100.0,-100.0,-100.0,53.0,70.0,0.0,0.0,0.0,0.0,-1.0,65.0,0,0,0,-25,"ORBIT pos-0.37 center L0.49 M0.38 R0.27 tn0.69 yaw-30 pit+0 rc(0, 0, 0, -25)",0.4941,0.3804,0.2686,,
164,18883,163,,depth/000163.npy,1,158.1,321.5,-1.0,-100.0,-100.0,-100.0,52.0,70.0,0.0,0.0,0.0,0.0,-2.0,65.0,0,0,0,-25,"ORBIT pos-0.38 center L0.49 M0.38 R0.27 tn0.69 yaw-31 pit+0 rc(0, 0, 0, -25)",0.4941,0.3804,0.2686,,
165,18986,164,,depth/000165.npy,1,160.5,289.9,-1.0,-100.0,-100.0,-100.0,51.0,70.0,0.0,0.0,0.0,0.0,-1.0,65.0,0,0,0,-25,"ORBIT pos-0.41 center L0.51 M0.38 R0.27 tn0.70 yaw-32 pit+0 rc(0, 0, 0, -25)",0.5098,0.3804,0.2705,,
166,19106,165,,depth/000166.npy,1,162.0,242.5,-1.0,-100.0,-100.0,-100.0,48.0,70.0,0.0,0.0,0.0,0.0,-1.0,65.0,0,0,0,-25,"ORBIT pos-0.41 center L0.51 M0.38 R0.27 tn0.71 yaw-33 pit+0 rc(0, 0, 0, -25)",0.4746,0.4158,0.2686,,
167,19220,166,,depth/000166.npy,1,162.0,355.3,-1.0,-100.0,-100.0,-100.0,47.0,70.0,0.0,0.0,0.0,0.0,-1.0,65.0,0,0,0,-25,"ORBIT pos-0.41 center L0.47 M0.42 R0.27 tn0.73 yaw-33 pit+0 rc(0, 0, 0, -25)",0.4746,0.4158,0.2686,,
168,19339,167,,depth/000168.npy,1,163.1,306.0,-1.0,-100.0,-100.0,-100.0,46.0,70.0,0.0,0.0,0.0,0.0,-1.0,65.0,0,0,0,-25,"ORBIT pos-0.40 center L0.43 M0.45 R0.26 tn0.72 yaw-32 pit+0 rc(0, 0, 0, -25)",0.4275,0.447,0.2646,,
169,19465,168,,depth/000169.npy,1,165.3,297.9,-1.0,-100.0,-100.0,-100.0,45.0,70.0,0.0,0.0,0.0,0.0,-1.0,65.0,0,0,0,-25,"ORBIT pos-0.38 center L0.37 M0.47 R0.25 tn0.72 yaw-30 pit+0 rc(0, 0, 0, -25)",0.3726,0.4707,0.2529,,
170,19571,169,,depth/000170.npy,1,157.4,262.2,-1.0,-100.0,-100.0,-100.0,44.0,70.0,0.0,0.0,0.0,0.0,-1.0,65.0,0,0,0,-25,"ORBIT pos-0.36 center L0.37 M0.47 R0.25 tn0.72 yaw-29 pit+0 rc(0, 0, 0, -25)",0.3333,0.5137,0.2471,,
171,19692,170,,depth/000170.npy,1,157.4,382.9,-1.0,-100.0,-100.0,-100.0,43.0,70.0,0.0,0.0,0.0,0.0,-1.0,65.0,0,0,0,-25,"ORBIT pos-0.32 center L0.33 M0.51 R0.25 tn0.74 yaw-25 pit+0 rc(0, 0, 0, -25)",0.3333,0.5137,0.2471,,
172,19808,171,,depth/000172.npy,1,163.6,308.5,-1.0,-100.0,-100.0,-100.0,40.0,70.0,0.0,0.0,0.0,0.0,-1.0,65.0,0,-5,0,-23,"ORBIT pos-0.29 center L0.31 M0.58 R0.25 tn0.75 yaw-23 pit-5 rc(0, -5, 0, -23)",0.3059,0.5806,0.2471,,
173,19931,172,,depth/000173.npy,1,154.2,271.1,-1.0,-100.0,-100.0,-100.0,39.0,70.0,0.0,0.0,0.0,0.0,-1.0,65.0,1,-5,0,-20,"ORBIT pos-0.24 orbit L0.24 M0.61 R0.24 tn0.76 yaw-19 pit-5 rc(1, -5, 0, -20)",0.2393,0.6079,0.2353,,
174,20044,173,,depth/000174.npy,1,159.4,216.8,-1.0,-100.0,-100.0,-100.0,38.0,70.0,0.0,0.0,0.0,0.0,-1.0,64.0,3,-5,0,-16,"ORBIT pos-0.18 orbit L0.22 M0.63 R0.25 tn0.74 yaw-14 pit-5 rc(3, -5, 0, -16)",0.2196,0.6313,0.2451,,
175,20164,174,,depth/000174.npy,1,159.4,338.6,-1.0,-100.0,-100.0,-100.0,37.0,70.0,0.0,0.0,0.0,0.0,-1.0,64.0,4,-5,0,-14,"ORBIT pos-0.15 orbit L0.22 M0.63 R0.25 tn0.75 yaw-12 pit-5 rc(4, -5, 0, -14)",0.2196,0.6313,0.2451,,
176,20287,175,,depth/000176.npy,1,156.6,290.5,-1.0,-100.0,-100.0,-100.0,36.0,70.0,0.0,0.0,0.0,0.0,-1.0,64.0,7,0,0,-11,"ORBIT pos-0.09 orbit L0.22 M0.62 R0.26 tn0.73 yaw-7 pit+0 rc(7, 0, 0, -11)",0.2157,0.6157,0.2627,,
177,20410,176,,depth/000177.npy,1,170.6,282.2,-1.0,-100.0,-100.0,-100.0,35.0,70.0,0.0,0.0,0.0,0.0,-1.0,64.0,8,0,0,-10,"ORBIT pos-0.06 orbit L0.22 M0.62 R0.26 tn0.72 yaw-5 pit+0 rc(8, 0, 0, -10)",0.2079,0.5962,0.2825,,
178,20512,177,,depth/000177.npy,1,170.6,388.9,-1.0,-100.0,-100.0,-100.0,34.0,70.0,0.0,0.0,0.0,0.0,-1.0,64.0,10,0,0,-6,"ORBIT pos-0.01 orbit L0.21 M0.60 R0.28 tn0.74 yaw+0 pit+0 rc(10, 0, 0, -6)",0.2079,0.5962,0.2825,,
179,20631,178,,depth/000179.npy,1,175.6,324.7,-1.0,-100.0,-100.0,-100.0,33.0,70.0,0.0,0.0,0.0,0.0,-1.0,64.0,9,-5,0,-5,"ORBIT pos+0.01 orbit L0.20 M0.59 R0.31 tn0.75 yaw+0 pit-5 rc(9, -5, 0, -5)",0.204,0.5864,0.3098,,
180,20752,179,,depth/000180.npy,1,180.2,254.3,-1.0,-100.0,-100.0,-100.0,33.0,70.0,0.0,0.0,0.0,0.0,0.0,64.0,8,-7,0,0,"ORBIT pos+0.06 orbit L0.22 M0.53 R0.32 tn0.78 yaw+5 pit-7 rc(8, -7, 0, 0)",0.2235,0.5332,0.3215,,
181,20862,180,,depth/000180.npy,1,180.2,365.4,-1.0,-100.0,-100.0,-100.0,33.0,70.0,0.0,0.0,0.0,0.0,0.0,64.0,7,-8,0,3,"ORBIT pos+0.08 orbit L0.22 M0.53 R0.32 tn0.79 yaw+7 pit-8 rc(7, -8, 0, 3)",0.2235,0.5332,0.3215,,
182,20967,181,,depth/000182.npy,1,156.8,310.2,-1.0,-100.0,-100.0,-100.0,33.0,70.0,0.0,0.0,0.0,0.0,0.0,64.0,5,-10,0,7,"ORBIT pos+0.12 orbit L0.20 M0.53 R0.32 tn0.82 yaw+10 pit-10 rc(5, -10, 0, 7)",0.204,0.5254,0.3215,,
183,21080,182,,depth/000183.npy,1,171.3,248.3,-1.0,-100.0,-100.0,-100.0,33.0,70.0,0.0,0.0,0.0,0.0,-1.0,64.0,5,-11,0,8,"ORBIT pos+0.13 orbit L0.20 M0.53 R0.32 tn0.82 yaw+11 pit-11 rc(5, -11, 0, 8)",0.196,0.5215,0.3235,,
184,21201,183,,depth/000184.npy,1,131.8,198.9,-1.0,-100.0,-100.0,-100.0,33.0,70.0,0.0,0.0,0.0,0.0,-1.0,64.0,4,-12,0,10,"ORBIT pos+0.15 orbit L0.20 M0.52 R0.32 tn0.83 yaw+12 pit-12 rc(4, -12, 0, 10)",0.196,0.5156,0.3235,,
185,21315,184,,depth/000185.npy,1,122.7,181.1,-1.0,-100.0,-100.0,-100.0,33.0,70.0,0.0,0.0,0.0,0.0,-1.0,64.0,4,-12,0,10,"ORBIT pos+0.15 orbit L0.20 M0.52 R0.32 tn0.84 yaw+12 pit-12 rc(4, -12, 0, 10)",0.198,0.5273,0.3137,,
186,21430,185,,depth/000185.npy,1,122.7,296.7,-1.0,-100.0,-100.0,-100.0,33.0,70.0,0.0,0.0,0.0,0.0,-1.0,64.0,4,-10,0,10,"ORBIT pos+0.15 orbit L0.20 M0.53 R0.31 tn0.81 yaw+12 pit-10 rc(4, -10, 0, 10)",0.198,0.5273,0.3137,,
187,21552,186,,depth/000187.npy,1,141.6,318.7,-1.0,-100.0,-100.0,-100.0,33.0,70.0,0.0,0.0,0.0,0.0,-1.0,64.0,4,-9,0,10,"ORBIT pos+0.15 orbit L0.19 M0.53 R0.32 tn0.80 yaw+12 pit-9 rc(4, -9, 0, 10)",0.1921,0.5332,0.3176,,
188,21671,187,,depth/000188.npy,1,159.4,264.4,-1.0,-100.0,-100.0,-100.0,34.0,70.0,0.0,0.0,0.0,0.0,-1.0,64.0,4,-8,0,10,"ORBIT pos+0.15 orbit L0.20 M0.54 R0.31 tn0.79 yaw+12 pit-8 rc(4, -8, 0, 10)",0.196,0.541,0.3098,,
189,21797,188,,depth/000189.npy,1,116.4,300.3,-1.0,-100.0,-100.0,-100.0,34.0,70.0,0.0,0.0,0.0,0.0,-1.0,64.0,5,-7,0,8,"ORBIT pos+0.14 orbit L0.19 M0.55 R0.29 tn0.78 yaw+11 pit-7 rc(5, -7, 0, 8)",0.1921,0.5527,0.2942,,
190,21914,189,,depth/000190.npy,1,121.5,283.1,-1.0,-100.0,-100.0,-100.0,34.0,70.0,0.0,0.0,0.0,0.0,-1.0,64.0,5,-6,0,7,"ORBIT pos+0.13 orbit L0.18 M0.57 R0.30 tn0.77 yaw+10 pit-6 rc(5, -6, 0, 7)",0.1843,0.5688,0.2981,,
191,22029,190,,depth/000191.npy,1,132.6,219.0,-1.0,-100.0,-100.0,-100.0,34.0,70.0,0.0,0.0,0.0,0.0,-1.0,63.0,6,-5,0,5,"ORBIT pos+0.11 orbit L0.20 M0.58 R0.29 tn0.76 yaw+9 pit-5 rc(6, -5, 0, 5)",0.2,0.5845,0.2942,,
192,22144,191,,depth/000191.npy,1,132.6,337.2,-1.0,-100.0,-100.0,-100.0,35.0,70.0,0.0,0.0,0.0,0.0,-1.0,63.0,6,-5,0,4,"ORBIT pos+0.10 orbit L0.20 M0.58 R0.29 tn0.76 yaw+8 pit-5 rc(6, -5, 0, 4)",0.2,0.5845,0.2942,,
193,22262,192,,depth/000193.npy,1,181.7,330.1,-1.0,-100.0,-100.0,-100.0,35.0,70.0,0.0,0.0,0.0,0.0,-1.0,63.0,7,-5,0,2,"ORBIT pos+0.08 orbit L0.20 M0.60 R0.27 tn0.75 yaw+6 pit-5 rc(7, -5, 0, 2)",0.204,0.6001,0.2744,,
194,22382,193,,depth/000194.npy,1,157.9,250.7,-1.0,-100.0,-100.0,-100.0,35.0,70.0,0.0,0.0,0.0,0.0,-1.0,63.0,7,0,0,2,"ORBIT pos+0.07 orbit L0.20 M0.60 R0.25 tn0.74 yaw+6 pit+0 rc(7, 0, 0, 2)",0.204,0.5981,0.2549,,
195,22500,194,,depth/000195.npy,1,164.6,231.5,-1.0,-100.0,-100.0,-100.0,35.0,70.0,0.0,0.0,0.0,0.0,-1.0,63.0,8,0,0,-1,"ORBIT pos+0.05 orbit L0.20 M0.62 R0.25 tn0.73 yaw+4 pit+0 rc(8, 0, 0, -1)",0.196,0.6157,0.249,,
196,22616,195,,depth/000196.npy,1,121.3,186.2,-1.0,-100.0,-100.0,-100.0,35.0,70.0,0.0,0.0,0.0,0.0,-1.0,63.0,8,0,0,-5,"ORBIT pos+0.04 orbit L0.20 M0.62 R0.25 tn0.73 yaw+0 pit+0 rc(8, 0, 0, -5)",0.2,0.6157,0.2313,,
197,22737,196,,depth/000197.npy,1,121.2,175.4,-1.0,-100.0,-100.0,-100.0,35.0,70.0,0.0,0.0,0.0,0.0,-1.0,63.0,9,0,0,-5,"ORBIT pos+0.02 orbit L0.20 M0.62 R0.23 tn0.72 yaw+0 pit+0 rc(9, 0, 0, -5)",0.196,0.6196,0.2313,,
198,22855,197,,depth/000197.npy,1,121.2,292.2,-1.0,-100.0,-100.0,-100.0,35.0,70.0,0.0,0.0,0.0,0.0,-1.0,63.0,9,0,0,-5,"ORBIT pos+0.02 orbit L0.20 M0.62 R0.23 tn0.72 yaw+0 pit+0 rc(9, 0, 0, -5)",0.196,0.6196,0.2313,,
199,22975,198,,depth/000199.npy,1,175.1,308.6,-1.0,-100.0,-100.0,-100.0,35.0,70.0,0.0,0.0,0.0,0.0,-1.0,63.0,10,0,0,-6,"ORBIT pos+0.00 orbit L0.20 M0.62 R0.23 tn0.72 yaw+0 pit+0 rc(10, 0, 0, -6)",0.196,0.6196,0.2274,,
200,23101,199,,depth/000200.npy,1,126.8,263.9,-1.0,-100.0,-100.0,-100.0,35.0,70.0,0.0,0.0,0.0,0.0,-1.0,63.0,9,0,0,-5,"ORBIT pos-0.02 orbit L0.18 M0.62 R0.23 tn0.71 yaw+0 pit+0 rc(9, 0, 0, -5)",0.1843,0.6235,0.2255,,
201,23219,200,,depth/000201.npy,1,119.9,286.9,-1.0,-100.0,-100.0,-100.0,35.0,70.0,0.0,0.0,0.0,0.0,-1.0,63.0,9,0,0,-5,"ORBIT pos-0.03 orbit L0.20 M0.63 R0.22 tn0.71 yaw+0 pit+0 rc(9, 0, 0, -5)",0.196,0.6294,0.2235,,
202,23335,201,,depth/000202.npy,1,122.3,215.4,-1.0,-100.0,-100.0,-100.0,34.0,70.0,0.0,0.0,0.0,0.0,-1.0,63.0,8,0,0,-5,"ORBIT pos-0.05 orbit L0.20 M0.61 R0.22 tn0.71 yaw+0 pit+0 rc(8, 0, 0, -5)",0.2,0.6138,0.2157,,
203,23461,202,,depth/000203.npy,1,123.6,226.1,-1.0,-100.0,-100.0,-100.0,34.0,70.0,0.0,0.0,0.0,0.0,-1.0,63.0,7,0,0,-9,"ORBIT pos-0.07 orbit L0.21 M0.62 R0.21 tn0.71 yaw-5 pit+0 rc(7, 0, 0, -9)",0.2079,0.6196,0.2118,,
204,23587,203,,depth/000204.npy,1,139.9,278.3,-1.0,-100.0,-100.0,-100.0,34.0,70.0,0.0,0.0,0.0,0.0,-1.0,63.0,7,0,0,-10,"ORBIT pos-0.08 orbit L0.21 M0.61 R0.21 tn0.70 yaw-6 pit+0 rc(7, 0, 0, -10)",0.2079,0.6079,0.2079,,
205,23706,204,,depth/000205.npy,1,143.7,206.7,-1.0,-100.0,-100.0,-100.0,34.0,70.0,0.0,0.0,0.0,0.0,-1.0,63.0,6,0,0,-12,"ORBIT pos-0.10 orbit L0.22 M0.58 R0.20 tn0.70 yaw-8 pit+0 rc(6, 0, 0, -12)",0.2196,0.5845,0.2039,,
206,23832,205,,depth/000206.npy,1,126.2,196.0,-1.0,-100.0,-100.0,-100.0,33.0,70.0,0.0,0.0,0.0,0.0,-1.0,63.0,5,0,0,-13,"ORBIT pos-0.12 orbit L0.23 M0.56 R0.21 tn0.70 yaw-10 pit+0 rc(5, 0, 0, -13)",0.2313,0.5586,0.2059,,
207,23947,206,,depth/000207.npy,1,148.6,182.7,-1.0,-100.0,-100.0,-100.0,33.0,70.0,0.0,0.0,0.0,0.0,-1.0,62.0,5,0,0,-14,"ORBIT pos-0.13 orbit L0.23 M0.56 R0.21 tn0.71 yaw-11 pit+0 rc(5, 0, 0, -14)",0.2588,0.5332,0.2137,,
208,24065,207,,depth/000207.npy,1,148.6,301.5,-1.0,-100.0,-100.0,-100.0,32.0,70.0,0.0,0.0,0.0,0.0,-1.0,62.0,4,0,0,-14,"ORBIT pos-0.15 orbit L0.26 M0.53 R0.21 tn0.71 yaw-12 pit+0 rc(4, 0, 0, -14)",0.2588,0.5332,0.2137,,
209,24183,208,,depth/000209.npy,1,143.7,283.3,-1.0,-100.0,-100.0,-100.0,32.0,70.0,0.0,0.0,0.0,0.0,-1.0,62.0,4,0,0,-15,"ORBIT pos-0.16 orbit L0.26 M0.52 R0.21 tn0.72 yaw-13 pit+0 rc(4, 0, 0, -15)",0.2627,0.5176,0.2098,,
210,24298,209,,depth/000210.npy,1,122.7,295.7,-1.0,-100.0,-100.0,-100.0,32.0,80.0,0.0,0.0,0.0,0.0,-1.0,62.0,3,0,0,-16,"ORBIT pos-0.18 orbit L0.28 M0.51 R0.21 tn0.72 yaw-14 pit+0 rc(3, 0, 0, -16)",0.2783,0.5059,0.2137,,
211,24423,210,,depth/000211.npy,1,125.0,247.9,-1.0,-100.0,-100.0,-100.0,31.0,80.0,0.0,0.0,0.0,0.0,-1.0,62.0,2,0,0,-16,"ORBIT pos-0.19 orbit L0.27 M0.50 R0.21 tn0.72 yaw-15 pit+0 rc(2, 0, 0, -16)",0.2744,0.498,0.2098,,
212,24537,211,,depth/000212.npy,1,120.7,272.2,-1.0,-100.0,-100.0,-100.0,31.0,80.0,0.0,0.0,0.0,0.0,-1.0,62.0,2,0,0,-17,"ORBIT pos-0.20 orbit L0.29 M0.50 R0.21 tn0.72 yaw-16 pit+0 rc(2, 0, 0, -17)",0.2864,0.502,0.2118,,
213,24654,212,,depth/000213.npy,1,138.9,243.0,-1.0,-100.0,-100.0,-100.0,30.0,70.0,0.0,0.0,0.0,0.0,-1.0,62.0,2,0,0,-17,"ORBIT pos-0.20 orbit L0.29 M0.50 R0.21 tn0.71 yaw-16 pit+0 rc(2, 0, 0, -17)",0.2783,0.5,0.202,,
214,24770,213,,depth/000214.npy,1,177.3,272.6,-1.0,-100.0,-100.0,-100.0,29.0,70.0,0.0,0.0,0.0,0.0,-2.0,62.0,2,0,0,-18,"ORBIT pos-0.21 orbit L0.28 M0.50 R0.20 tn0.71 yaw-17 pit+0 rc(2, 0, 0, -18)",0.2744,0.4941,0.2,,
215,24895,214,,depth/000215.npy,1,123.0,159.1,-1.0,-100.0,-100.0,-100.0,29.0,70.0,0.0,0.0,0.0,0.0,-1.0,62.0,2,0,0,-18,"ORBIT pos-0.21 orbit L0.27 M0.49 R0.20 tn0.71 yaw-17 pit+0 rc(2, 0, 0, -18)",0.2627,0.4941,0.202,,
216,25011,215,,depth/000215.npy,1,123.0,277.1,-1.0,-100.0,-100.0,-100.0,28.0,70.0,0.0,0.0,0.0,0.0,-1.0,62.0,2,0,0,-18,"ORBIT pos-0.21 orbit L0.26 M0.49 R0.20 tn0.71 yaw-17 pit+0 rc(2, 0, 0, -18)",0.2627,0.4941,0.202,,
217,25129,216,,depth/000217.npy,1,122.3,314.2,-1.0,-100.0,-100.0,-100.0,28.0,70.0,0.0,0.0,0.0,0.0,-2.0,62.0,2,0,0,-17,"ORBIT pos-0.20 orbit L0.25 M0.50 R0.20 tn0.71 yaw-16 pit+0 rc(2, 0, 0, -17)",0.249,0.498,0.1961,,
218,25243,217,,depth/000218.npy,1,150.8,282.3,-1.0,-100.0,-100.0,-100.0,27.0,70.0,0.0,0.0,0.0,0.0,-2.0,62.0,2,0,0,-17,"ORBIT pos-0.20 orbit L0.24 M0.51 R0.19 tn0.70 yaw-16 pit+0 rc(2, 0, 0, -17)",0.2354,0.5059,0.1941,,
219,25344,218,,depth/000218.npy,1,150.8,349.0,-1.0,-100.0,-100.0,-100.0,27.0,70.0,0.0,0.0,0.0,0.0,-1.0,62.0,2,0,0,-16,"ORBIT pos-0.19 orbit L0.24 M0.51 R0.19 tn0.70 yaw-15 pit+0 rc(2, 0, 0, -16)",0.2354,0.5059,0.1941,,
220,25463,219,,depth/000220.npy,1,234.5,364.0,-1.0,-100.0,-100.0,-100.0,26.0,70.0,0.0,0.0,0.0,0.0,-1.0,62.0,3,0,0,-17,"ORBIT pos-0.18 orbit L0.24 M0.51 R0.19 tn0.69 yaw-15 pit+0 rc(3, 0, 0, -17)",0.2354,0.5098,0.1902,,
221,25580,220,,depth/000221.npy,1,132.1,274.3,-1.0,-100.0,-100.0,-100.0,25.0,70.0,0.0,0.0,0.0,0.0,-1.0,62.0,3,0,0,-16,"ORBIT pos-0.17 orbit L0.22 M0.57 R0.20 tn0.68 yaw-14 pit+0 rc(3, 0, 0, -16)",0.2157,0.5688,0.1981,,
222,25696,221,,depth/000221.npy,1,132.1,396.5,-1.0,-100.0,-100.0,-100.0,24.0,70.0,0.0,0.0,0.0,0.0,-1.0,62.0,4,0,0,-14,"ORBIT pos-0.15 orbit L0.22 M0.57 R0.20 tn0.68 yaw-12 pit+0 rc(4, 0, 0, -14)",0.2157,0.5688,0.1981,,
223,25811,222,,depth/000223.npy,1,193.4,340.6,-1.0,-100.0,-100.0,-100.0,24.0,70.0,0.0,0.0,0.0,0.0,-1.0,62.0,4,0,0,-13,"ORBIT pos-0.14 orbit L0.20 M0.58 R0.21 tn0.68 yaw-11 pit+0 rc(4, 0, 0, -13)",0.2,0.5845,0.2059,,
224,25933,223,,depth/000224.npy,1,128.6,259.2,-1.0,-100.0,-100.0,-100.0,23.0,70.0,0.0,0.0,0.0,0.0,-1.0,62.0,5,0,0,-13,"ORBIT pos-0.12 orbit L0.18 M0.60 R0.21 tn0.68 yaw-10 pit+0 rc(5, 0, 0, -13)",0.1804,0.5962,0.2079,,
225,26060,224,,depth/000225.npy,1,132.6,224.5,-1.0,-100.0,-100.0,-100.0,23.0,70.0,0.0,0.0,0.0,0.0,-1.0,61.0,6,0,0,-11,"ORBIT pos-0.09 orbit L0.18 M0.60 R0.21 tn0.68 yaw-7 pit+0 rc(6, 0, 0, -11)",0.1804,0.5962,0.2079,,
226,26176,225,,depth/000226.npy,1,124.6,209.4,-1.0,-100.0,-100.0,-100.0,22.0,70.0,0.0,0.0,0.0,0.0,-1.0,61.0,7,0,0,-10,"ORBIT pos-0.08 orbit L0.18 M0.59 R0.20 tn0.68 yaw-6 pit+0 rc(7, 0, 0, -10)",0.1765,0.5864,0.204,,
227,26296,226,,depth/000227.npy,1,137.5,224.4,-1.0,-100.0,-100.0,-100.0,21.0,70.0,0.0,0.0,0.0,0.0,-1.0,61.0,8,0,0,-9,"ORBIT pos-0.05 orbit L0.17 M0.59 R0.22 tn0.68 yaw-4 pit+0 rc(8, 0, 0, -9)",0.1726,0.5884,0.2196,,
228,26413,227,,depth/000228.npy,1,145.6,245.7,-1.0,-100.0,-100.0,-100.0,21.0,70.0,0.0,0.0,0.0,0.0,-1.0,61.0,8,0,0,-5,"ORBIT pos-0.04 orbit L0.17 M0.59 R0.22 tn0.68 yaw+0 pit+0 rc(8, 0, 0, -5)",0.1647,0.5728,0.2157,,
229,26531,228,,depth/000228.npy,1,145.6,363.3,-1.0,-100.0,-100.0,-100.0,20.0,70.0,0.0,0.0,0.0,0.0,-1.0,61.0,9,0,0,-5,"ORBIT pos-0.02 orbit L0.16 M0.57 R0.22 tn0.67 yaw+0 pit+0 rc(9, 0, 0, -5)",0.1647,0.5728,0.2157,,
230,26652,229,,depth/000230.npy,1,145.7,347.2,-1.0,-100.0,-100.0,-100.0,20.0,70.0,0.0,0.0,0.0,0.0,0.0,61.0,10,0,0,-6,"ORBIT pos-0.01 orbit L0.17 M0.56 R0.22 tn0.67 yaw+0 pit+0 rc(10, 0, 0, -6)",0.1686,0.5649,0.2196,,
231,26780,230,,depth/000231.npy,1,168.5,281.0,-1.0,-100.0,-100.0,-100.0,19.0,70.0,0.0,0.0,0.0,0.0,0.0,61.0,10,0,0,-6,"ORBIT pos+0.01 orbit L0.18 M0.54 R0.24 tn0.67 yaw+0 pit+0 rc(10, 0, 0, -6)",0.1843,0.541,0.2354,,
232,26895,231,,depth/000232.npy,1,115.7,228.0,-1.0,-100.0,-100.0,-100.0,19.0,70.0,0.0,0.0,0.0,0.0,0.0,61.0,9,0,0,-5,"ORBIT pos+0.02 orbit L0.17 M0.53 R0.24 tn0.67 yaw+0 pit+0 rc(9, 0, 0, -5)",0.1726,0.5293,0.2354,,
233,27011,232,,depth/000233.npy,1,127.2,215.9,-1.0,-100.0,-100.0,-100.0,19.0,70.0,0.0,0.0,0.0,0.0,-1.0,61.0,9,0,0,-5,"ORBIT pos+0.04 orbit L0.17 M0.54 R0.23 tn0.66 yaw+0 pit+0 rc(9, 0, 0, -5)",0.1726,0.5371,0.2313,,
234,27127,233,,depth/000234.npy,1,125.0,229.1,-1.0,-100.0,-100.0,-100.0,19.0,70.0,0.0,0.0,0.0,0.0,0.0,61.0,8,0,0,-5,"ORBIT pos+0.04 orbit L0.17 M0.54 R0.23 tn0.66 yaw+0 pit+0 rc(8, 0, 0, -5)",0.1627,0.5293,0.2196,,
235,27243,234,,depth/000235.npy,1,137.2,249.8,-1.0,-100.0,-100.0,-100.0,18.0,70.0,0.0,0.0,0.0,0.0,0.0,61.0,8,0,0,-1,"ORBIT pos+0.05 orbit L0.16 M0.53 R0.22 tn0.65 yaw+4 pit+0 rc(8, 0, 0, -1)",0.1608,0.5332,0.2235,,
236,27350,235,,depth/000235.npy,1,137.2,357.0,-1.0,-100.0,-100.0,-100.0,18.0,70.0,0.0,0.0,0.0,0.0,0.0,61.0,8,0,0,-1,"ORBIT pos+0.05 orbit L0.16 M0.53 R0.22 tn0.65 yaw+4 pit+0 rc(8, 0, 0, -1)",0.1608,0.5332,0.2235,,
237,27479,236,,depth/000237.npy,1,181.7,316.4,-1.0,-100.0,-100.0,-100.0,18.0,70.0,0.0,0.0,0.0,0.0,-1.0,61.0,8,0,0,0,"ORBIT pos+0.06 orbit L0.19 M0.56 R0.25 tn0.64 yaw+5 pit+0 rc(8, 0, 0, 0)",0.1863,0.5566,0.2471,,
238,27587,237,,depth/000238.npy,1,154.0,261.7,-1.0,-100.0,-100.0,-100.0,18.0,70.0,0.0,0.0,0.0,0.0,-1.0,61.0,8,0,0,0,"ORBIT pos+0.06 orbit L0.19 M0.56 R0.25 tn0.64 yaw+5 pit+0 rc(8, 0, 0, 0)",0.1765,0.5566,0.2354,,
239,27699,238,,depth/000238.npy,1,154.0,371.4,-1.0,-100.0,-100.0,-100.0,18.0,70.0,0.0,0.0,0.0,0.0,-1.0,61.0,8,5,0,0,"ORBIT pos+0.06 orbit L0.18 M0.56 R0.24 tn0.64 yaw+5 pit+5 rc(8, 5, 0, 0)",0.1765,0.5566,0.2354,,
240,27819,239,,depth/000240.npy,1,155.3,320.9,-1.0,-100.0,-100.0,-100.0,18.0,70.0,0.0,0.0,0.0,0.0,-1.0,61.0,8,5,0,0,"ORBIT pos+0.06 orbit L0.20 M0.56 R0.25 tn0.64 yaw+5 pit+5 rc(8, 5, 0, 0)",0.202,0.5649,0.251,,
241,27937,240,,depth/000241.npy,1,118.3,270.4,-1.0,-100.0,-100.0,-100.0,18.0,70.0,0.0,0.0,0.0,0.0,-1.0,61.0,8,5,0,-5,"ORBIT pos+0.05 orbit L0.20 M0.58 R0.24 tn0.63 yaw+0 pit+5 rc(8, 5, 0, -5)",0.198,0.5767,0.2432,,
242,28051,241,,depth/000242.npy,1,130.5,255.4,-1.0,-100.0,-100.0,-100.0,18.0,70.0,0.0,0.0,0.0,0.0,-1.0,60.0,8,5,0,-5,"ORBIT pos+0.04 orbit L0.18 M0.59 R0.24 tn0.63 yaw+0 pit+5 rc(8, 5, 0, -5)",0.1843,0.5923,0.2393,,
243,28171,242,,depth/000243.npy,1,119.9,305.8,-1.0,-100.0,-100.0,-100.0,18.0,70.0,0.0,0.0,0.0,0.0,-1.0,60.0,9,5,0,-5,"ORBIT pos+0.03 orbit L0.18 M0.58 R0.22 tn0.63 yaw+0 pit+5 rc(9, 5, 0, -5)",0.1765,0.5806,0.2157,,
244,28289,243,,depth/000244.npy,1,185.3,289.9,-1.0,-100.0,-100.0,-100.0,19.0,70.0,0.0,0.0,0.0,0.0,-1.0,60.0,9,5,0,-5,"ORBIT pos+0.02 orbit L0.18 M0.58 R0.22 tn0.63 yaw+0 pit+5 rc(9, 5, 0, -5)",0.1706,0.5728,0.2157,,
245,28405,244,,depth/000245.npy,1,126.2,186.5,-1.0,-100.0,-100.0,-100.0,20.0,70.0,0.0,0.0,0.0,0.0,-1.0,60.0,10,6,0,-6,"ORBIT pos+0.01 orbit L0.17 M0.57 R0.22 tn0.62 yaw+0 pit+6 rc(10, 6, 0, -6)",0.1824,0.5806,0.2079,,
246,28520,245,,depth/000246.npy,1,125.0,194.4,-1.0,-100.0,-100.0,-100.0,21.0,70.0,0.0,0.0,0.0,0.0,-1.0,60.0,10,6,0,-6,"ORBIT pos+0.00 orbit L0.18 M0.58 R0.21 tn0.62 yaw+0 pit+6 rc(10, 6, 0, -6)",0.1941,0.5962,0.2157,,
247,28639,246,,depth/000247.npy,1,128.5,170.9,-1.0,-100.0,-100.0,-100.0,21.0,70.0,0.0,0.0,0.0,0.0,-1.0,60.0,9,5,0,-5,"ORBIT pos-0.02 orbit L0.19 M0.60 R0.22 tn0.62 yaw+0 pit+5 rc(9, 5, 0, -5)",0.196,0.5845,0.204,,
248,28763,247,,depth/000247.npy,1,128.5,295.1,-1.0,-100.0,-100.0,-100.0,22.0,70.0,0.0,0.0,0.0,0.0,-1.0,60.0,9,6,0,-5,"ORBIT pos-0.03 orbit L0.20 M0.58 R0.20 tn0.62 yaw+0 pit+6 rc(9, 6, 0, -5)",0.196,0.5845,0.204,,
249,28879,248,,depth/000249.npy,1,126.0,279.3,-1.0,-100.0,-100.0,-100.0,22.0,70.0,0.0,0.0,0.0,0.0,-1.0,60.0,8,6,0,-10,"ORBIT pos-0.06 orbit L0.23 M0.58 R0.22 tn0.61 yaw-5 pit+6 rc(8, 6, 0, -10)",0.2274,0.5767,0.2157,,
250,28993,249,,depth/000250.npy,1,137.3,295.9,-1.0,-100.0,-100.0,-100.0,23.0,70.0,0.0,0.0,0.0,0.0,-1.0,60.0,7,7,0,-10,"ORBIT pos-0.08 orbit L0.24 M0.53 R0.21 tn0.60 yaw-6 pit+7 rc(7, 7, 0, -10)",0.2393,0.5273,0.2059,,
251,29112,250,,depth/000251.npy,1,142.6,242.4,-1.0,-100.0,-100.0,-100.0,23.0,70.0,0.0,0.0,0.0,0.0,-1.0,60.0,6,8,0,-13,"ORBIT pos-0.11 orbit L0.27 M0.47 R0.19 tn0.60 yaw-9 pit+8 rc(6, 8, 0, -13)",0.2666,0.4666,0.1921,,
252,29227,251,,depth/000252.npy,1,124.3,227.1,-1.0,-100.0,-100.0,-100.0,23.0,70.0,0.0,0.0,0.0,0.0,-1.0,60.0,5,8,0,-13,"ORBIT pos-0.13 orbit L0.27 M0.47 R0.19 tn0.59 yaw-10 pit+8 rc(5, 8, 0, -13)",0.2981,0.4548,0.2039,,
253,29353,252,,depth/000253.npy,1,128.2,219.4,-1.0,-100.0,-100.0,-100.0,23.0,70.0,0.0,0.0,0.0,0.0,-1.0,60.0,3,7,0,-16,"ORBIT pos-0.17 orbit L0.34 M0.44 R0.21 tn0.60 yaw-14 pit+7 rc(3, 7, 0, -16)",0.3352,0.4431,0.2059,,
254,29478,253,,depth/000254.npy,1,120.0,279.5,-1.0,-100.0,-100.0,-100.0,23.0,70.0,0.0,0.0,0.0,0.0,-1.0,60.0,2,7,0,-16,"ORBIT pos-0.19 orbit L0.34 M0.44 R0.21 tn0.61 yaw-15 pit+7 rc(2, 7, 0, -16)",0.3491,0.4373,0.2177,,
255,29596,254,,depth/000255.npy,1,127.6,218.6,-1.0,-100.0,-100.0,-100.0,23.0,70.0,0.0,0.0,0.0,0.0,-1.0,60.0,1,6,0,-19,"ORBIT pos-0.23 orbit L0.36 M0.42 R0.20 tn0.61 yaw-18 pit+6 rc(1, 6, 0, -19)",0.3608,0.4216,0.2039,,
256,29721,255,,depth/000256.npy,1,126.0,221.4,-1.0,-100.0,-100.0,-100.0,22.0,70.0,0.0,0.0,0.0,0.0,-1.0,60.0,0,0,0,-21,"ORBIT pos-0.26 center L0.38 M0.41 R0.21 tn0.61 yaw-21 pit+0 rc(0, 0, 0, -21)",0.3843,0.408,0.2098,,
257,29847,256,,depth/000257.npy,1,151.6,216.4,-1.0,-100.0,-100.0,-100.0,22.0,70.0,0.0,0.0,0.0,0.0,-1.0,60.0,0,0,0,-22,"ORBIT pos-0.27 center L0.38 M0.41 R0.21 tn0.61 yaw-22 pit+0 rc(0, 0, 0, -22)",0.3921,0.4038,0.2098,,
258,29963,257,,depth/000257.npy,1,151.6,335.4,-1.0,-100.0,-100.0,-100.0,22.0,70.0,0.0,0.0,0.0,0.0,-1.0,60.0,0,0,0,-24,"ORBIT pos-0.30 center L0.39 M0.40 R0.21 tn0.60 yaw-24 pit+0 rc(0, 0, 0, -24)",0.3921,0.4038,0.2098,,
259,30081,258,,depth/000259.npy,1,150.1,284.1,-1.0,-100.0,-100.0,-100.0,21.0,70.0,0.0,0.0,0.0,0.0,-1.0,59.0,0,0,0,-25,"ORBIT pos-0.31 center L0.40 M0.39 R0.21 tn0.60 yaw-25 pit+0 rc(0, 0, 0, -25)",0.396,0.3882,0.2079,,
260,30197,259,,depth/000260.npy,1,117.2,265.6,-1.0,-100.0,-100.0,-100.0,20.0,70.0,0.0,0.0,0.0,0.0,-1.0,59.0,0,0,0,-25,"ORBIT pos-0.33 center L0.40 M0.38 R0.21 tn0.58 yaw-26 pit+0 rc(0, 0, 0, -25)",0.4038,0.3804,0.2059,,
261,30311,260,,depth/000261.npy,1,122.9,279.3,-1.0,-100.0,-100.0,-100.0,19.0,70.0,0.0,0.0,0.0,0.0,-1.0,59.0,0,0,0,-25,"ORBIT pos-0.34 center L0.41 M0.38 R0.21 tn0.58 yaw-27 pit+0 rc(0, 0, 0, -25)",0.4119,0.3804,0.2098,,
262,30418,261,,depth/000262.npy,1,199.9,253.0,-1.0,-100.0,-100.0,-100.0,17.0,70.0,0.0,0.0,0.0,0.0,-2.0,59.0,0,0,0,-25,"ORBIT pos-0.35 center L0.41 M0.38 R0.21 tn0.58 yaw-28 pit+0 rc(0, 0, 0, -25)",0.3999,0.3804,0.2039,,
263,30543,262,,depth/000262.npy,1,199.9,376.4,-1.0,-100.0,-100.0,-100.0,16.0,70.0,0.0,0.0,0.0,0.0,-2.0,59.0,0,0,0,-25,"ORBIT pos-0.36 center L0.40 M0.38 R0.20 tn0.58 yaw-28 pit+0 rc(0, 0, 0, -25)",0.3999,0.3804,0.2039,,
264,30669,263,,depth/000264.npy,1,140.2,366.3,-1.0,-100.0,-100.0,-100.0,15.0,70.0,0.0,0.0,0.0,0.0,-2.0,59.0,0,0,0,-25,"ORBIT pos-0.34 center L0.37 M0.41 R0.21 tn0.58 yaw-27 pit+0 rc(0, 0, 0, -25)",0.3687,0.4099,0.2098,,
265,30778,264,,depth/000265.npy,1,211.1,250.1,-1.0,-100.0,-100.0,-100.0,14.0,70.0,0.0,0.0,0.0,0.0,-1.0,59.0,0,0,0,-25,"ORBIT pos-0.34 center L0.37 M0.41 R0.21 tn0.58 yaw-27 pit+0 rc(0, 0, 0, -25)",0.3431,0.4431,0.2137,,
266,30901,265,,depth/000266.npy,1,136.9,196.7,-1.0,-100.0,-100.0,-100.0,12.0,70.0,0.0,0.0,0.0,0.0,-2.0,59.0,0,0,0,-25,"ORBIT pos-0.31 center L0.34 M0.44 R0.21 tn0.59 yaw-25 pit+0 rc(0, 0, 0, -25)",0.3098,0.4707,0.2098,,
267,31018,266,,depth/000266.npy,1,136.9,318.0,-1.0,-100.0,-100.0,-100.0,11.0,70.0,0.0,0.0,0.0,0.0,-2.0,59.0,0,0,0,-23,"ORBIT pos-0.29 center L0.31 M0.47 R0.21 tn0.59 yaw-23 pit+0 rc(0, 0, 0, -23)",0.3098,0.4707,0.2098,,
268,31137,267,,depth/000268.npy,1,119.3,269.7,-1.0,-100.0,-100.0,-100.0,10.0,70.0,0.0,0.0,0.0,0.0,-2.0,59.0,0,7,0,-19,"ORBIT pos-0.24 orbit L0.25 M0.50 R0.20 tn0.60 yaw-19 pit+7 rc(0, 7, 0, -19)",0.251,0.498,0.2039,,
269,31252,268,,depth/000269.npy,1,136.7,251.0,-1.0,-100.0,-100.0,-100.0,9.0,70.0,0.0,0.0,0.0,0.0,-2.0,59.0,1,7,0,-18,"ORBIT pos-0.21 orbit L0.21 M0.53 R0.19 tn0.60 yaw-17 pit+7 rc(1, 7, 0, -18)",0.2079,0.5332,0.1941,,
270,31368,269,,depth/000270.npy,1,127.7,245.3,-1.0,-100.0,-100.0,-100.0,8.0,70.0,0.0,0.0,0.0,0.0,-2.0,59.0,3,7,0,-15,"ORBIT pos-0.16 orbit L0.20 M0.57 R0.20 tn0.61 yaw-13 pit+7 rc(3, 7, 0, -15)",0.2,0.5688,0.204,,
271,31493,270,,depth/000271.npy,1,143.9,290.1,-1.0,-100.0,-100.0,-100.0,7.0,70.0,0.0,0.0,0.0,0.0,-2.0,59.0,5,7,0,-14,"ORBIT pos-0.14 orbit L0.18 M0.56 R0.20 tn0.61 yaw-11 pit+7 rc(5, 7, 0, -14)",0.1843,0.5586,0.204,,
272,31612,271,,depth/000272.npy,1,135.4,241.8,-1.0,-100.0,-100.0,-100.0,6.0,70.0,0.0,0.0,0.0,0.0,-2.0,59.0,6,6,0,-11,"ORBIT pos-0.09 orbit L0.20 M0.54 R0.22 tn0.61 yaw-7 pit+6 rc(6, 6, 0, -11)",0.2,0.5371,0.2216,,
273,31726,272,,depth/000273.npy,1,126.2,227.2,-1.0,-100.0,-100.0,-100.0,6.0,70.0,0.0,0.0,0.0,0.0,-2.0,59.0,7,6,0,-10,"ORBIT pos-0.07 orbit L0.20 M0.54 R0.22 tn0.61 yaw-6 pit+6 rc(7, 6, 0, -10)",0.1921,0.5254,0.2235,,
274,31841,273,,depth/000274.npy,1,119.4,205.9,-1.0,-100.0,-100.0,-100.0,6.0,70.0,0.0,0.0,0.0,0.0,-1.0,59.0,9,6,0,-5,"ORBIT pos-0.02 orbit L0.18 M0.50 R0.23 tn0.61 yaw+0 pit+6 rc(9, 6, 0, -5)",0.1804,0.502,0.2313,,
275,31956,274,,depth/000275.npy,1,123.4,186.7,-1.0,-100.0,-100.0,-100.0,6.0,70.0,0.0,0.0,0.0,0.0,-1.0,59.0,10,7,0,-6,"ORBIT pos-0.00 orbit L0.18 M0.50 R0.23 tn0.61 yaw+0 pit+7 rc(10, 7, 0, -6)",0.1785,0.502,0.2313,,
276,32071,275,,depth/000276.npy,1,121.6,206.6,-1.0,-100.0,-100.0,-100.0,6.0,70.0,0.0,0.0,0.0,0.0,-1.0,58.0,9,7,0,-5,"ORBIT pos+0.03 orbit L0.18 M0.50 R0.23 tn0.60 yaw+0 pit+7 rc(9, 7, 0, -5)",0.1804,0.5098,0.2393,,
277,32187,276,,depth/000276.npy,1,121.6,323.4,-1.0,-100.0,-100.0,-100.0,6.0,70.0,0.0,0.0,0.0,0.0,-1.0,58.0,8,8,0,-5,"ORBIT pos+0.04 orbit L0.18 M0.51 R0.24 tn0.59 yaw+0 pit+8 rc(8, 8, 0, -5)",0.1804,0.5098,0.2393,,
278,32307,277,,depth/000278.npy,1,184.2,310.4,-1.0,-100.0,-100.0,-100.0,6.0,70.0,0.0,0.0,0.0,0.0,0.0,58.0,8,9,0,0,"ORBIT pos+0.06 orbit L0.18 M0.51 R0.24 tn0.58 yaw+5 pit+9 rc(8, 9, 0, 0)",0.1765,0.5059,0.2393,,
279,32431,278,,depth/000279.npy,1,159.7,219.6,-1.0,-100.0,-100.0,-100.0,6.0,70.0,0.0,0.0,0.0,0.0,0.0,58.0,7,9,0,1,"ORBIT pos+0.06 orbit L0.18 M0.51 R0.24 tn0.58 yaw+5 pit+9 rc(7, 9, 0, 1)",0.1804,0.5176,0.2354,,
280,32550,279,,depth/000280.npy,1,147.1,180.4,-1.0,-100.0,-100.0,-100.0,6.0,70.0,0.0,0.0,0.0,0.0,0.0,58.0,7,9,0,2,"ORBIT pos+0.07 orbit L0.18 M0.52 R0.24 tn0.57 yaw+6 pit+9 rc(7, 9, 0, 2)",0.1804,0.498,0.2432,,
281,32659,280,,depth/000280.npy,1,147.1,338.8,-1.0,-100.0,-100.0,-100.0,6.0,70.0,0.0,0.0,0.0,0.0,0.0,58.0,7,10,0,2,"ORBIT pos+0.07 orbit L0.18 M0.50 R0.24 tn0.56 yaw+6 pit+10 rc(7, 10, 0, 2)",0.1804,0.498,0.2432,,
282,32783,281,,depth/000282.npy,1,185.2,285.7,-1.0,-100.0,-100.0,-100.0,6.0,70.0,0.0,0.0,0.0,-1.0,-1.0,58.0,7,11,0,2,"ORBIT pos+0.07 orbit L0.18 M0.51 R0.24 tn0.55 yaw+6 pit+11 rc(7, 11, 0, 2)",0.1804,0.5059,0.2354,,
283,32903,282,,depth/000283.npy,1,136.7,271.2,-1.0,-100.0,-100.0,-100.0,6.0,70.0,0.0,0.0,0.0,-1.0,-1.0,58.0,7,11,0,2,"ORBIT pos+0.07 orbit L0.18 M0.51 R0.24 tn0.55 yaw+6 pit+11 rc(7, 11, 0, 2)",0.1843,0.5098,0.2354,,
284,33014,283,,depth/000283.npy,1,136.7,382.2,-1.0,-100.0,-100.0,-100.0,6.0,70.0,0.0,0.0,0.0,-1.0,-1.0,58.0,7,11,0,2,"ORBIT pos+0.07 orbit L0.18 M0.51 R0.24 tn0.55 yaw+6 pit+11 rc(7, 11, 0, 2)",0.1843,0.5098,0.2354,,
285,33135,284,,depth/000285.npy,1,160.0,303.6,-1.0,-100.0,-100.0,-100.0,6.0,70.0,0.0,0.0,0.0,-1.0,-1.0,58.0,7,11,0,1,"ORBIT pos+0.07 orbit L0.19 M0.53 R0.24 tn0.56 yaw+5 pit+11 rc(7, 11, 0, 1)",0.1882,0.5254,0.2393,,
286,33249,285,,depth/000286.npy,1,121.5,247.2,-1.0,-100.0,-100.0,-100.0,6.0,70.0,0.0,0.0,0.0,-1.0,-1.0,58.0,8,10,0,0,"ORBIT pos+0.06 orbit L0.19 M0.53 R0.22 tn0.56 yaw+5 pit+10 rc(8, 10, 0, 0)",0.1882,0.5254,0.2196,,
287,33364,286,,depth/000287.npy,1,125.6,254.4,-1.0,-100.0,-100.0,-100.0,6.0,70.0,0.0,0.0,0.0,-1.0,-1.0,58.0,8,10,0,-5,"ORBIT pos+0.05 orbit L0.18 M0.53 R0.22 tn0.57 yaw+0 pit+10 rc(8, 10, 0, -5)",0.1804,0.5254,0.2157,,
288,33490,287,,depth/000288.npy,1,121.4,294.1,-1.0,-100.0,-100.0,-100.0,5.0,70.0,0.0,0.0,0.0,-1.0,-1.0,58.0,9,9,0,-5,"ORBIT pos+0.04 orbit L0.18 M0.53 R0.22 tn0.58 yaw+0 pit+9 rc(9, 9, 0, -5)",0.1843,0.5332,0.2235,,
289,33607,288,,depth/000289.npy,1,122.3,294.2,-1.0,-100.0,-100.0,-100.0,5.0,70.0,0.0,0.0,0.0,-1.0,-1.0,58.0,9,9,0,-5,"ORBIT pos+0.03 orbit L0.18 M0.53 R0.22 tn0.58 yaw+0 pit+9 rc(9, 9, 0, -5)",0.1843,0.5293,0.2157,,
290,33721,289,,depth/000290.npy,1,130.7,254.4,-1.0,-100.0,-100.0,-100.0,4.0,70.0,0.0,0.0,0.0,0.0,-1.0,58.0,9,8,0,-5,"ORBIT pos+0.02 orbit L0.20 M0.54 R0.21 tn0.59 yaw+0 pit+8 rc(9, 8, 0, -5)",0.196,0.541,0.2079,,
291,33845,290,,depth/000291.npy,1,124.5,209.8,-1.0,-100.0,-100.0,-100.0,3.0,70.0,0.0,0.0,0.0,0.0,-1.0,58.0,10,9,0,-6,"ORBIT pos+0.01 orbit L0.19 M0.54 R0.21 tn0.58 yaw+0 pit+9 rc(10, 9, 0, -6)",0.1921,0.5371,0.2118,,
292,33959,291,,depth/000292.npy,1,119.1,264.3,-1.0,-100.0,-100.0,-100.0,2.0,70.0,0.0,0.0,0.0,0.0,-1.0,58.0,10,9,0,-6,"ORBIT pos+0.01 orbit L0.19 M0.53 R0.22 tn0.57 yaw+0 pit+9 rc(10, 9, 0, -6)",0.1882,0.5254,0.2157,,
293,34077,292,,depth/000293.npy,1,132.0,208.9,-1.0,-100.0,-100.0,-100.0,2.0,70.0,0.0,0.0,0.0,0.0,-1.0,57.0,10,10,0,-6,"ORBIT pos+0.01 orbit L0.19 M0.53 R0.22 tn0.57 yaw+0 pit+10 rc(10, 10, 0, -6)",0.196,0.5371,0.2274,,
294,34202,293,,depth/000294.npy,1,125.0,229.3,-1.0,-100.0,-100.0,-100.0,1.0,70.0,0.0,0.0,0.0,0.0,-1.0,57.0,9,10,0,-5,"ORBIT pos+0.02 orbit L0.19 M0.53 R0.23 tn0.57 yaw+0 pit+10 rc(9, 10, 0, -5)",0.1882,0.5332,0.2274,,
295,34327,294,,depth/000295.npy,1,126.4,223.5,-1.0,-100.0,-100.0,-100.0,1.0,70.0,0.0,0.0,0.0,0.0,-1.0,57.0,9,10,0,-5,"ORBIT pos+0.03 orbit L0.20 M0.53 R0.24 tn0.56 yaw+0 pit+10 rc(9, 10, 0, -5)",0.196,0.5293,0.2432,,
296,34451,295,,depth/000296.npy,1,125.3,254.8,-1.0,-100.0,-100.0,-100.0,0.0,70.0,0.0,0.0,0.0,0.0,-1.0,57.0,9,10,0,-5,"ORBIT pos+0.03 orbit L0.20 M0.53 R0.24 tn0.56 yaw+0 pit+10 rc(9, 10, 0, -5)",0.1804,0.541,0.2274,,
297,34571,296,,depth/000297.npy,1,126.7,260.9,-1.0,-100.0,-100.0,-100.0,0.0,70.0,0.0,0.0,0.0,0.0,-1.0,57.0,8,10,0,-5,"ORBIT pos+0.04 orbit L0.18 M0.54 R0.25 tn0.57 yaw+0 pit+10 rc(8, 10, 0, -5)",0.1843,0.5449,0.2471,,
298,34685,297,,depth/000298.npy,1,127.5,214.6,-1.0,-100.0,-100.0,-100.0,0.0,70.0,0.0,0.0,0.0,-1.0,-1.0,57.0,8,9,0,-5,"ORBIT pos+0.05 orbit L0.18 M0.54 R0.25 tn0.57 yaw+0 pit+9 rc(8, 9, 0, -5)",0.1666,0.5332,0.2216,,
299,34810,298,,depth/000299.npy,1,114.7,212.7,-1.0,-100.0,-100.0,-100.0,0.0,70.0,0.0,0.0,0.0,-1.0,0.0,57.0,8,8,0,-1,"ORBIT pos+0.06 orbit L0.18 M0.53 R0.24 tn0.59 yaw+4 pit+8 rc(8, 8, 0, -1)",0.1765,0.5332,0.2354,,
300,34934,299,,depth/000300.npy,1,127.0,260.5,-1.0,-100.0,-100.0,-100.0,0.0,70.0,0.0,0.0,0.0,-1.0,0.0,57.0,8,8,0,0,"ORBIT pos+0.06 orbit L0.18 M0.53 R0.24 tn0.59 yaw+5 pit+8 rc(8, 8, 0, 0)",0.1765,0.5449,0.2313,,
301,35050,300,,depth/000301.npy,1,120.8,182.0,-1.0,-100.0,-100.0,-100.0,0.0,70.0,0.0,0.0,0.0,-1.0,0.0,57.0,8,7,0,0,"ORBIT pos+0.06 orbit L0.17 M0.55 R0.23 tn0.60 yaw+5 pit+7 rc(8, 7, 0, 0)",0.1726,0.5488,0.2313,,
302,35176,301,,depth/000302.npy,1,128.4,171.6,-1.0,-100.0,-100.0,-100.0,0.0,70.0,0.0,0.0,0.0,-1.0,0.0,57.0,8,6,0,0,"ORBIT pos+0.06 orbit L0.17 M0.54 R0.22 tn0.61 yaw+5 pit+6 rc(8, 6, 0, 0)",0.1686,0.5449,0.2235,,
303,35300,302,,depth/000303.npy,1,123.2,239.7,-1.0,-100.0,-100.0,-100.0,0.0,70.0,0.0,0.0,0.0,-1.0,0.0,57.0,8,6,0,0,"ORBIT pos+0.06 orbit L0.17 M0.54 R0.22 tn0.62 yaw+5 pit+6 rc(8, 6, 0, 0)",0.1686,0.5449,0.2157,,
304,35416,303,,depth/000304.npy,1,118.8,186.6,-1.0,-100.0,-100.0,-100.0,0.0,70.0,0.0,0.0,0.0,-1.0,0.0,57.0,8,5,0,-5,"ORBIT pos+0.05 orbit L0.15 M0.55 R0.19 tn0.64 yaw+0 pit+5 rc(8, 5, 0, -5)",0.153,0.5527,0.1921,,
305,35541,304,,depth/000305.npy,1,122.3,198.1,-1.0,-100.0,-100.0,-100.0,0.0,70.0,0.0,0.0,0.0,-1.0,0.0,57.0,8,5,0,-5,"ORBIT pos+0.04 orbit L0.15 M0.55 R0.19 tn0.63 yaw+0 pit+5 rc(8, 5, 0, -5)",0.153,0.5508,0.1882,,
306,35655,305,,depth/000306.npy,1,121.8,191.8,-1.0,-100.0,-100.0,-100.0,0.0,70.0,0.0,0.0,0.0,-1.0,0.0,57.0,9,0,0,-5,"ORBIT pos+0.03 orbit L0.15 M0.55 R0.19 tn0.64 yaw+0 pit+0 rc(9, 0, 0, -5)",0.1647,0.5728,0.204,,
307,35770,306,,depth/000307.npy,1,128.7,173.2,-1.0,-100.0,-100.0,-100.0,0.0,70.0,0.0,0.0,0.0,-1.0,0.0,57.0,9,0,0,-5,"ORBIT pos+0.03 orbit L0.16 M0.57 R0.20 tn0.65 yaw+0 pit+0 rc(9, 0, 0, -5)",0.1686,0.5728,0.2,,
308,35884,307,,depth/000308.npy,1,122.0,188.1,-1.0,-100.0,-100.0,-100.0,0.0,70.0,0.0,0.0,0.0,-1.0,0.0,57.0,9,0,0,-5,"ORBIT pos+0.02 orbit L0.17 M0.57 R0.20 tn0.66 yaw+0 pit+0 rc(9, 0, 0, -5)",0.1647,0.5767,0.2,,
309,36002,308,,depth/000308.npy,1,122.0,305.9,-1.0,-100.0,-100.0,-100.0,0.0,70.0,0.0,0.0,0.0,0.0,0.0,56.0,9,0,0,-5,"ORBIT pos+0.02 orbit L0.16 M0.58 R0.20 tn0.67 yaw+0 pit+0 rc(9, 0, 0, -5)",0.1647,0.5767,0.2,,
310,36118,309,,depth/000310.npy,1,152.2,246.0,-1.0,-100.0,-100.0,-100.0,0.0,70.0,0.0,0.0,0.0,0.0,0.0,56.0,10,0,0,-6,"ORBIT pos+0.01 orbit L0.17 M0.58 R0.20 tn0.67 yaw+0 pit+0 rc(10, 0, 0, -6)",0.1726,0.5845,0.2,,
311,36243,310,,depth/000311.npy,1,117.6,243.5,-1.0,-100.0,-100.0,-100.0,-1.0,70.0,0.0,0.0,0.0,0.0,0.0,56.0,10,0,0,-6,"ORBIT pos+0.00 orbit L0.17 M0.59 R0.20 tn0.67 yaw+0 pit+0 rc(10, 0, 0, -6)",0.1726,0.5923,0.202,,
312,36368,311,,depth/000312.npy,1,116.5,332.8,-1.0,-100.0,-100.0,-100.0,-1.0,70.0,0.0,0.0,0.0,0.0,0.0,56.0,10,0,0,-6,"ORBIT pos-0.00 orbit L0.17 M0.59 R0.20 tn0.67 yaw+0 pit+0 rc(10, 0, 0, -6)",0.1726,0.5884,0.204,,
313,36482,312,,depth/000313.npy,1,120.6,287.7,-1.0,-100.0,-100.0,-100.0,-1.0,70.0,0.0,0.0,0.0,0.0,0.0,56.0,10,0,0,-6,"ORBIT pos-0.00 orbit L0.18 M0.59 R0.19 tn0.68 yaw+0 pit+0 rc(10, 0, 0, -6)",0.1765,0.5884,0.1882,,
314,36600,313,,depth/000314.npy,1,119.9,288.9,-1.0,-100.0,-100.0,-100.0,-1.0,70.0,0.0,0.0,0.0,0.0,0.0,56.0,10,0,0,-6,"ORBIT pos-0.01 orbit L0.17 M0.58 R0.18 tn0.69 yaw+0 pit+0 rc(10, 0, 0, -6)",0.1686,0.5845,0.1804,,
315,36726,314,,depth/000315.npy,1,124.0,262.4,-1.0,-100.0,-100.0,-100.0,-1.0,70.0,0.0,0.0,0.0,0.0,0.0,56.0,9,0,0,-5,"ORBIT pos-0.02 orbit L0.21 M0.60 R0.20 tn0.71 yaw+0 pit+0 rc(9, 0, 0, -5)",0.2079,0.604,0.2,,
316,36850,315,,depth/000316.npy,1,118.0,276.9,-1.0,-100.0,-100.0,-100.0,-2.0,70.0,0.0,0.0,0.0,0.0,0.0,56.0,9,0,0,-5,"ORBIT pos-0.02 orbit L0.20 M0.59 R0.19 tn0.71 yaw+0 pit+0 rc(9, 0, 0, -5)",0.204,0.5923,0.1921,,
317,36966,316,,depth/000317.npy,1,122.4,270.3,-1.0,-100.0,-100.0,-100.0,-2.0,70.0,0.0,0.0,0.0,0.0,0.0,56.0,9,0,0,-5,"ORBIT pos-0.03 orbit L0.19 M0.58 R0.18 tn0.72 yaw+0 pit+0 rc(9, 0, 0, -5)",0.1882,0.5825,0.1804,,
318,37083,317,,depth/000318.npy,1,120.4,242.5,-1.0,-100.0,-100.0,-100.0,-3.0,70.0,0.0,0.0,0.0,0.0,0.0,56.0,9,0,0,-5,"ORBIT pos-0.03 orbit L0.18 M0.57 R0.18 tn0.72 yaw+0 pit+0 rc(9, 0, 0, -5)",0.1843,0.5728,0.1804,,
319,37208,318,,depth/000319.npy,1,121.4,311.0,-1.0,-100.0,-100.0,-100.0,-3.0,70.0,0.0,0.0,0.0,0.0,0.0,56.0,9,0,0,-5,"ORBIT pos-0.03 orbit L0.19 M0.58 R0.18 tn0.71 yaw+0 pit+0 rc(9, 0, 0, -5)",0.1882,0.5767,0.1843,,
320,37331,319,,depth/000320.npy,1,126.1,262.0,-1.0,-100.0,-100.0,-100.0,-4.0,70.0,0.0,0.0,0.0,0.0,0.0,56.0,9,0,0,-5,"ORBIT pos-0.04 orbit L0.20 M0.59 R0.19 tn0.71 yaw+0 pit+0 rc(9, 0, 0, -5)",0.2,0.5884,0.1921,,
321,37457,320,,depth/000321.npy,1,123.5,268.3,-1.0,-100.0,-100.0,-100.0,-4.0,70.0,0.0,0.0,0.0,0.0,0.0,56.0,9,0,0,-5,"ORBIT pos-0.04 orbit L0.17 M0.57 R0.16 tn0.70 yaw+0 pit+0 rc(9, 0, 0, -5)",0.1726,0.5688,0.1647,,
322,37558,321,,depth/000321.npy,1,123.5,363.1,-1.0,-100.0,-100.0,-100.0,-4.0,70.0,0.0,0.0,0.0,0.0,0.0,56.0,9,0,0,-5,"ORBIT pos-0.04 orbit L0.17 M0.57 R0.16 tn0.70 yaw+0 pit+0 rc(9, 0, 0, -5)",0.1726,0.5688,0.1647,,
323,37681,322,,depth/000323.npy,1,194.0,371.8,-1.0,-100.0,-100.0,-100.0,-5.0,70.0,0.0,0.0,0.0,-1.0,0.0,56.0,9,0,0,-5,"ORBIT pos-0.03 orbit L0.17 M0.59 R0.17 tn0.70 yaw+0 pit+0 rc(9, 0, 0, -5)",0.1726,0.5884,0.1706,,
324,37803,323,,depth/000324.npy,1,129.2,270.2,-1.0,-100.0,-100.0,-100.0,-5.0,70.0,0.0,0.0,0.0,-1.0,0.0,56.0,9,0,0,-5,"ORBIT pos-0.03 orbit L0.16 M0.58 R0.16 tn0.69 yaw+0 pit+0 rc(9, 0, 0, -5)",0.1608,0.5767,0.1647,,
325,37917,324,,depth/000325.npy,1,129.1,253.1,-1.0,-100.0,-100.0,-100.0,-5.0,70.0,0.0,0.0,0.0,-1.0,0.0,56.0,9,0,0,-5,"ORBIT pos-0.04 orbit L0.16 M0.57 R0.17 tn0.69 yaw+0 pit+0 rc(9, 0, 0, -5)",0.1647,0.5688,0.1686,,
326,38035,325,,depth/000326.npy,1,118.5,307.5,-1.0,-100.0,-100.0,-100.0,-6.0,70.0,0.0,0.0,0.0,-1.0,0.0,56.0,9,0,0,-5,"ORBIT pos-0.04 orbit L0.18 M0.58 R0.18 tn0.69 yaw+0 pit+0 rc(9, 0, 0, -5)",0.1843,0.5806,0.1843,,
327,38142,326,,depth/000327.npy,1,141.3,236.9,-1.0,-100.0,-100.0,-100.0,-6.0,70.0,0.0,0.0,0.0,-1.0,0.0,56.0,8,0,0,-5,"ORBIT pos-0.04 orbit L0.17 M0.58 R0.17 tn0.69 yaw+0 pit+0 rc(8, 0, 0, -5)",0.1686,0.5767,0.1726,,
328,38253,327,,depth/000327.npy,1,141.3,346.9,-1.0,-100.0,-100.0,-100.0,-6.0,70.0,0.0,0.0,0.0,-1.0,0.0,56.0,8,0,0,-5,"ORBIT pos-0.04 orbit L0.17 M0.58 R0.17 tn0.69 yaw+0 pit+0 rc(8, 0, 0, -5)",0.1686,0.5767,0.1726,,
329,38380,328,,depth/000329.npy,1,201.1,313.5,-1.0,-100.0,-100.0,-100.0,-6.0,70.0,0.0,0.0,0.0,-1.0,0.0,56.0,8,0,0,-5,"ORBIT pos-0.04 orbit L0.15 M0.57 R0.16 tn0.71 yaw+0 pit+0 rc(8, 0, 0, -5)",0.153,0.5688,0.1647,,
330,38502,329,,depth/000330.npy,1,151.9,276.2,-1.0,-100.0,-100.0,-100.0,-6.0,70.0,0.0,0.0,0.0,-1.0,0.0,56.0,8,0,0,-5,"ORBIT pos-0.04 orbit L0.17 M0.58 R0.17 tn0.71 yaw+0 pit+0 rc(8, 0, 0, -5)",0.1686,0.5767,0.1686,,
331,38612,330,,depth/000331.npy,1,160.3,246.5,-1.0,-100.0,-100.0,-100.0,-7.0,70.0,0.0,0.0,0.0,-1.0,0.0,56.0,8,0,0,-5,"ORBIT pos-0.05 orbit L0.20 M0.57 R0.18 tn0.72 yaw+0 pit+0 rc(8, 0, 0, -5)",0.196,0.5688,0.1804,,
332,38733,331,,depth/000331.npy,1,160.3,366.7,-1.0,-100.0,-100.0,-100.0,-7.0,70.0,0.0,0.0,0.0,-1.0,0.0,56.0,8,0,0,-9,"ORBIT pos-0.05 orbit L0.20 M0.57 R0.18 tn0.71 yaw-4 pit+0 rc(8, 0, 0, -9)",0.196,0.5688,0.1804,,
333,38859,332,,depth/000333.npy,1,152.8,294.2,-1.0,-100.0,-100.0,-100.0,-7.0,70.0,0.0,0.0,0.0,-1.0,0.0,56.0,7,0,0,-9,"ORBIT pos-0.06 orbit L0.19 M0.57 R0.17 tn0.73 yaw-5 pit+0 rc(7, 0, 0, -9)",0.1921,0.5688,0.1686,,
334,38967,333,,depth/000334.npy,1,165.1,275.0,-1.0,-100.0,-100.0,-100.0,-7.0,70.0,0.0,0.0,0.0,-1.0,0.0,56.0,7,-5,0,-9,"ORBIT pos-0.07 orbit L0.19 M0.56 R0.16 tn0.74 yaw-5 pit-5 rc(7, -5, 0, -9)",0.1863,0.5649,0.1647,,
335,39082,334,,depth/000335.npy,1,168.4,220.0,-1.0,-100.0,-100.0,-100.0,-7.0,70.0,0.0,0.0,0.0,-1.0,0.0,56.0,7,-5,0,-10,"ORBIT pos-0.08 orbit L0.19 M0.56 R0.16 tn0.75 yaw-6 pit-5 rc(7, -5, 0, -10)",0.198,0.5488,0.1647,,
336,39194,335,,depth/000335.npy,1,168.4,329.3,-1.0,-100.0,-100.0,-100.0,-8.0,70.0,0.0,0.0,0.0,-1.0,0.0,56.0,7,-5,0,-10,"ORBIT pos-0.08 orbit L0.20 M0.55 R0.16 tn0.75 yaw-6 pit-5 rc(7, -5, 0, -10)",0.198,0.5488,0.1647,,
337,39306,336,,depth/000337.npy,1,160.7,270.2,-1.0,-100.0,-100.0,-100.0,-8.0,70.0,0.0,0.0,0.0,0.0,0.0,56.0,6,-5,0,-11,"ORBIT pos-0.09 orbit L0.22 M0.57 R0.17 tn0.76 yaw-7 pit-5 rc(6, -5, 0, -11)",0.2157,0.5669,0.1726,,
338,39414,337,,depth/000338.npy,1,164.4,223.7,-1.0,-100.0,-100.0,-100.0,-8.0,70.0,0.0,0.0,0.0,0.0,0.0,56.0,6,-6,0,-11,"ORBIT pos-0.09 orbit L0.22 M0.57 R0.17 tn0.76 yaw-7 pit-6 rc(6, -6, 0, -11)",0.2157,0.5605,0.1726,,
339,39520,338,,depth/000338.npy,1,164.4,323.3,-1.0,-100.0,-100.0,-100.0,-8.0,70.0,0.0,0.0,0.0,0.0,0.0,56.0,6,-7,0,-12,"ORBIT pos-0.10 orbit L0.22 M0.56 R0.17 tn0.78 yaw-8 pit-7 rc(6, -7, 0, -12)",0.2157,0.5605,0.1726,,
340,39636,339,,depth/000340.npy,1,157.5,270.3,-1.0,-100.0,-100.0,-100.0,-9.0,70.0,0.0,0.0,0.0,0.0,0.0,56.0,6,-7,0,-12,"ORBIT pos-0.11 orbit L0.21 M0.55 R0.15 tn0.77 yaw-8 pit-7 rc(6, -7, 0, -12)",0.2118,0.5527,0.149,,
341,39760,340,,depth/000341.npy,1,159.9,228.4,-1.0,-100.0,-100.0,-100.0,-9.0,70.0,0.0,0.0,0.0,0.0,-1.0,56.0,6,-6,0,-13,"ORBIT pos-0.11 orbit L0.21 M0.55 R0.15 tn0.77 yaw-9 pit-6 rc(6, -6, 0, -13)",0.2079,0.5527,0.149,,
342,39873,341,,depth/000342.npy,1,155.4,215.1,-1.0,-100.0,-100.0,-100.0,-10.0,70.0,0.0,0.0,0.0,0.0,-1.0,56.0,5,-6,0,-12,"ORBIT pos-0.11 orbit L0.21 M0.55 R0.15 tn0.76 yaw-9 pit-6 rc(5, -6, 0, -12)",0.2079,0.5767,0.153,,
343,39996,342,,depth/000342.npy,1,155.4,329.8,-1.0,-100.0,-100.0,-100.0,-11.0,70.0,0.0,0.0,0.0,0.0,-1.0,56.0,5,-6,0,-12,"ORBIT pos-0.12 orbit L0.21 M0.58 R0.15 tn0.77 yaw-9 pit-6 rc(5, -6, 0, -12)",0.2079,0.5767,0.153,,
344,40110,343,,depth/000344.npy,1,158.8,249.4,-1.0,-100.0,-100.0,-100.0,-12.0,70.0,0.0,0.0,0.0,0.0,-1.0,56.0,5,-6,0,-12,"ORBIT pos-0.12 orbit L0.21 M0.58 R0.17 tn0.76 yaw-9 pit-6 rc(5, -6, 0, -12)",0.2079,0.5767,0.1726,,
345,40233,344,,depth/000345.npy,1,159.7,223.0,-1.0,-100.0,-100.0,-100.0,-13.0,70.0,0.0,0.0,0.0,0.0,-1.0,56.0,6,-5,0,-13,"ORBIT pos-0.11 orbit L0.19 M0.60 R0.17 tn0.75 yaw-9 pit-5 rc(6, -5, 0, -13)",0.1863,0.6001,0.1686,,
346,40353,345,,depth/000346.npy,1,159.2,231.3,-1.0,-100.0,-100.0,-100.0,-14.0,70.0,0.0,0.0,0.0,0.0,-1.0,56.0,6,-5,0,-12,"ORBIT pos-0.11 orbit L0.19 M0.60 R0.17 tn0.75 yaw-8 pit-5 rc(6, -5, 0, -12)",0.1686,0.6079,0.1686,,
347,40462,346,,depth/000346.npy,1,159.2,332.6,-1.0,-100.0,-100.0,-100.0,-14.0,70.0,0.0,0.0,0.0,0.0,-1.0,56.0,6,-5,0,-11,"ORBIT pos-0.09 orbit L0.17 M0.61 R0.17 tn0.75 yaw-7 pit-5 rc(6, -5, 0, -11)",0.1686,0.6079,0.1686,,
348,40572,347,,depth/000348.npy,1,159.8,263.1,-1.0,-100.0,-100.0,-100.0,-15.0,70.0,0.0,0.0,0.0,0.0,-1.0,56.0,7,-5,0,-11,"ORBIT pos-0.08 orbit L0.15 M0.62 R0.18 tn0.75 yaw-7 pit-5 rc(7, -5, 0, -11)",0.1451,0.6196,0.1804,,
349,40682,348,,depth/000349.npy,1,161.4,214.4,-1.0,-100.0,-100.0,-100.0,-15.0,70.0,0.0,0.0,0.0,0.0,-1.0,56.0,8,0,0,-10,"ORBIT pos-0.06 orbit L0.15 M0.61 R0.18 tn0.73 yaw-5 pit+0 rc(8, 0, 0, -10)",0.153,0.6118,0.1843,,
350,40807,349,,depth/000349.npy,1,161.4,340.5,-1.0,-100.0,-100.0,-100.0,-17.0,70.0,0.0,0.0,0.0,0.0,0.0,56.0,8,0,0,-9,"ORBIT pos-0.05 orbit L0.15 M0.61 R0.18 tn0.72 yaw-4 pit+0 rc(8, 0, 0, -9)",0.153,0.6118,0.1843,,
351,40915,350,,depth/000351.npy,1,158.1,283.7,-1.0,-100.0,-100.0,-100.0,-17.0,70.0,0.0,0.0,0.0,-1.0,0.0,56.0,9,0,0,-5,"ORBIT pos-0.03 orbit L0.14 M0.61 R0.19 tn0.73 yaw+0 pit+0 rc(9, 0, 0, -5)",0.1432,0.6138,0.1863,,
352,41029,351,,depth/000352.npy,1,185.9,243.3,-1.0,-100.0,-100.0,-100.0,-17.0,70.0,0.0,0.0,0.0,-1.0,0.0,55.0,9,0,0,-5,"ORBIT pos-0.03 orbit L0.14 M0.61 R0.19 tn0.73 yaw+0 pit+0 rc(9, 0, 0, -5)",0.153,0.6118,0.196,,
353,41157,352,,depth/000352.npy,1,185.9,362.9,-1.0,-100.0,-100.0,-100.0,-18.0,70.0,0.0,0.0,0.0,-1.0,0.0,55.0,10,-5,0,-6,"ORBIT pos-0.01 orbit L0.15 M0.61 R0.20 tn0.75 yaw+0 pit-5 rc(10, -5, 0, -6)",0.153,0.6118,0.196,,
354,41277,353,,depth/000354.npy,1,176.6,312.2,-1.0,-100.0,-100.0,-100.0,-18.0,70.0,0.0,0.0,0.0,-1.0,0.0,55.0,10,-5,0,-6,"ORBIT pos-0.00 orbit L0.17 M0.61 R0.21 tn0.75 yaw+0 pit-5 rc(10, -5, 0, -6)",0.1666,0.6118,0.2098,,
355,41389,354,,depth/000355.npy,1,166.0,259.1,-1.0,-100.0,-100.0,-100.0,-18.0,70.0,0.0,0.0,0.0,-1.0,0.0,55.0,10,-5,0,-6,"ORBIT pos+0.01 orbit L0.17 M0.61 R0.22 tn0.76 yaw+0 pit-5 rc(10, -5, 0, -6)",0.1706,0.6118,0.2157,,
356,41512,355,,depth/000355.npy,1,166.0,385.0,-1.0,-100.0,-100.0,-100.0,-18.0,70.0,0.0,0.0,0.0,-1.0,0.0,55.0,10,-5,0,-6,"ORBIT pos+0.01 orbit L0.17 M0.61 R0.22 tn0.76 yaw+0 pit-5 rc(10, -5, 0, -6)",0.1706,0.6118,0.2157,,
357,41638,356,,depth/000357.npy,1,154.5,332.0,-1.0,-100.0,-100.0,-100.0,-18.0,70.0,0.0,0.0,0.0,-1.0,-1.0,55.0,10,-6,0,-6,"ORBIT pos+0.01 orbit L0.17 M0.64 R0.21 tn0.77 yaw+0 pit-6 rc(10, -6, 0, -6)",0.1746,0.6353,0.2118,,
358,41758,357,,depth/000358.npy,1,156.0,258.2,-1.0,-100.0,-100.0,-100.0,-18.0,70.0,0.0,0.0,0.0,-1.0,0.0,55.0,10,-6,0,-6,"ORBIT pos+0.01 orbit L0.17 M0.63 R0.20 tn0.77 yaw+0 pit-6 rc(10, -6, 0, -6)",0.1666,0.6313,0.202,,
359,41879,358,,depth/000359.npy,1,159.3,251.8,-1.0,-100.0,-100.0,-100.0,-19.0,70.0,0.0,0.0,0.0,-1.0,-1.0,55.0,10,-6,0,-6,"ORBIT pos+0.00 orbit L0.17 M0.63 R0.20 tn0.77 yaw+0 pit-6 rc(10, -6, 0, -6)",0.1666,0.6313,0.2,,
360,41986,359,,depth/000360.npy,1,154.6,257.8,-1.0,-100.0,-100.0,-100.0,-19.0,70.0,0.0,0.0,0.0,-1.0,0.0,55.0,10,-6,0,-6,"ORBIT pos+0.00 orbit L0.17 M0.63 R0.20 tn0.77 yaw+0 pit-6 rc(10, -6, 0, -6)",0.1706,0.6274,0.2,,
361,42095,360,,depth/000360.npy,1,154.6,369.5,-1.0,-100.0,-100.0,-100.0,-19.0,70.0,0.0,0.0,0.0,-1.0,0.0,55.0,10,-6,0,-6,"ORBIT pos-0.01 orbit L0.17 M0.63 R0.20 tn0.77 yaw+0 pit-6 rc(10, -6, 0, -6)",0.1706,0.6274,0.2,,
362,42206,361,,depth/000362.npy,1,158.7,240.6,-1.0,-100.0,-100.0,-100.0,-19.0,70.0,0.0,0.0,0.0,-1.0,0.0,55.0,9,-6,0,-5,"ORBIT pos-0.01 orbit L0.18 M0.64 R0.20 tn0.77 yaw+0 pit-6 rc(9, -6, 0, -5)",0.1765,0.6392,0.2,,
363,42331,362,,depth/000363.npy,1,160.8,267.3,-1.0,-100.0,-100.0,-100.0,-18.0,70.0,0.0,0.0,0.0,-1.0,0.0,55.0,9,-6,0,-5,"ORBIT pos-0.03 orbit L0.18 M0.64 R0.20 tn0.76 yaw+0 pit-6 rc(9, -6, 0, -5)",0.1804,0.6353,0.204,,
364,42452,363,,depth/000363.npy,1,160.8,386.0,-1.0,-100.0,-100.0,-100.0,-18.0,70.0,0.0,0.0,0.0,-1.0,0.0,55.0,9,-6,0,-5,"ORBIT pos-0.03 orbit L0.18 M0.64 R0.20 tn0.76 yaw+0 pit-6 rc(9, -6, 0, -5)",0.1804,0.6353,0.204,,
365,42571,364,,depth/000365.npy,1,151.1,319.5,-1.0,-100.0,-100.0,-100.0,-18.0,70.0,0.0,0.0,0.0,0.0,0.0,55.0,8,-5,0,-5,"ORBIT pos-0.05 orbit L0.18 M0.63 R0.19 tn0.75 yaw+0 pit-5 rc(8, -5, 0, -5)",0.1843,0.6274,0.1921,,
366,42695,365,,depth/000366.npy,1,152.7,299.7,-1.0,-100.0,-100.0,-100.0,-19.0,70.0,0.0,0.0,0.0,0.0,0.0,55.0,8,-5,0,-9,"ORBIT pos-0.05 orbit L0.21 M0.63 R0.18 tn0.75 yaw-4 pit-5 rc(8, -5, 0, -9)",0.2079,0.6274,0.1843,,
367,42820,366,,depth/000367.npy,1,155.1,255.2,-1.0,-100.0,-100.0,-100.0,-19.0,70.0,0.0,0.0,0.0,0.0,0.0,55.0,7,-5,0,-9,"ORBIT pos-0.07 orbit L0.22 M0.61 R0.20 tn0.74 yaw-5 pit-5 rc(7, -5, 0, -9)",0.2196,0.6079,0.196,,
368,42938,367,,depth/000368.npy,1,152.2,232.8,-1.0,-100.0,-100.0,-100.0,-19.0,70.0,0.0,0.0,0.0,0.0,0.0,55.0,7,-5,0,-10,"ORBIT pos-0.08 orbit L0.22 M0.61 R0.20 tn0.74 yaw-6 pit-5 rc(7, -5, 0, -10)",0.2274,0.5923,0.2,,
369,43057,368,,depth/000368.npy,1,152.2,357.7,-1.0,-100.0,-100.0,-100.0,-19.0,70.0,0.0,0.0,0.0,0.0,0.0,55.0,6,0,0,-11,"ORBIT pos-0.09 orbit L0.23 M0.59 R0.20 tn0.73 yaw-7 pit+0 rc(6, 0, 0, -11)",0.2274,0.5923,0.2,,
370,43184,369,,depth/000370.npy,1,152.3,319.7,-1.0,-100.0,-100.0,-100.0,-19.0,70.0,0.0,0.0,0.0,0.0,0.0,55.0,6,0,0,-12,"ORBIT pos-0.10 orbit L0.22 M0.58 R0.19 tn0.73 yaw-8 pit+0 rc(6, 0, 0, -12)",0.2196,0.5845,0.1882,,
371,43308,370,,depth/000371.npy,1,153.1,279.2,-1.0,-100.0,-100.0,-100.0,-20.0,70.0,0.0,0.0,0.0,0.0,0.0,55.0,5,0,0,-12,"ORBIT pos-0.11 orbit L0.24 M0.59 R0.20 tn0.73 yaw-9 pit+0 rc(5, 0, 0, -12)",0.2393,0.5923,0.204,,
372,43417,371,,depth/000372.npy,1,154.8,216.7,-1.0,-100.0,-100.0,-100.0,-21.0,70.0,0.0,0.0,0.0,0.0,0.0,55.0,5,0,0,-12,"ORBIT pos-0.12 orbit L0.24 M0.59 R0.20 tn0.73 yaw-9 pit+0 rc(5, 0, 0, -12)",0.2471,0.5864,0.2079,,
373,43536,372,,depth/000373.npy,1,158.8,232.8,-1.0,-100.0,-100.0,-100.0,-22.0,70.0,0.0,0.0,0.0,-1.0,0.0,55.0,5,0,0,-13,"ORBIT pos-0.13 orbit L0.25 M0.59 R0.21 tn0.73 yaw-10 pit+0 rc(5, 0, 0, -13)",0.2471,0.5962,0.2196,,
374,43668,373,,depth/000373.npy,1,158.8,358.6,-1.0,-100.0,-100.0,-100.0,-23.0,70.0,0.0,0.0,0.0,-1.0,0.0,55.0,5,0,0,-13,"ORBIT pos-0.13 orbit L0.25 M0.60 R0.22 tn0.72 yaw-10 pit+0 rc(5, 0, 0, -13)",0.2471,0.5962,0.2196,,
375,43783,374,,depth/000375.npy,1,157.2,285.0,-1.0,-100.0,-100.0,-100.0,-24.0,70.0,0.0,0.0,0.0,-1.0,0.0,55.0,5,0,0,-13,"ORBIT pos-0.12 orbit L0.24 M0.62 R0.22 tn0.72 yaw-10 pit+0 rc(5, 0, 0, -13)",0.2393,0.6196,0.2235,,
376,43898,375,,depth/000376.npy,1,157.6,247.1,-1.0,-100.0,-100.0,-100.0,-26.0,70.0,0.0,0.0,0.0,0.0,0.0,55.0,6,0,0,-13,"ORBIT pos-0.11 orbit L0.22 M0.64 R0.22 tn0.71 yaw-9 pit+0 rc(6, 0, 0, -13)",0.2196,0.6353,0.2196,,
377,44007,376,,depth/000376.npy,1,157.6,363.5,-1.0,-100.0,-100.0,-100.0,-28.0,70.0,0.0,0.0,0.0,0.0,0.0,55.0,6,0,0,-12,"ORBIT pos-0.10 orbit L0.22 M0.64 R0.22 tn0.71 yaw-8 pit+0 rc(6, 0, 0, -12)",0.2196,0.6353,0.2196,,
378,44111,377,,depth/000378.npy,1,161.7,382.9,-1.0,-100.0,-100.0,-100.0,-28.0,70.0,0.0,0.0,0.0,0.0,0.0,55.0,7,0,0,-10,"ORBIT pos-0.07 orbit L0.23 M0.64 R0.25 tn0.71 yaw-6 pit+0 rc(7, 0, 0, -10)",0.2314,0.6392,0.2549,,
379,44231,378,,depth/000379.npy,1,160.8,231.6,-1.0,-100.0,-100.0,-100.0,-30.0,70.0,0.0,0.0,0.0,0.0,0.0,55.0,8,0,0,-5,"ORBIT pos-0.05 orbit L0.23 M0.58 R0.28 tn0.71 yaw+0 pit+0 rc(8, 0, 0, -5)",0.2294,0.5825,0.2783,,
380,44354,379,,depth/000380.npy,1,153.3,221.6,-1.0,-100.0,-100.0,-100.0,-31.0,70.0,0.0,0.0,0.0,0.0,0.0,55.0,10,0,0,-6,"ORBIT pos+0.00 orbit L0.24 M0.57 R0.31 tn0.71 yaw+0 pit+0 rc(10, 0, 0, -6)",0.2432,0.5688,0.3059,,
381,44469,380,,depth/000380.npy,1,153.3,346.0,-1.0,-100.0,-100.0,-100.0,-32.0,70.0,0.0,0.0,0.0,0.0,0.0,55.0,9,0,0,-5,"ORBIT pos+0.03 orbit L0.24 M0.57 R0.31 tn0.71 yaw+0 pit+0 rc(9, 0, 0, -5)",0.2432,0.5688,0.3059,,
382,44586,381,,depth/000382.npy,1,157.1,288.5,-1.0,-100.0,-100.0,-100.0,-32.0,70.0,0.0,0.0,0.0,0.0,0.0,55.0,7,0,0,2,"ORBIT pos+0.08 orbit L0.26 M0.54 R0.36 tn0.71 yaw+6 pit+0 rc(7, 0, 0, 2)",0.2588,0.5449,0.3569,,
383,44696,382,,depth/000383.npy,1,155.8,297.9,-1.0,-100.0,-100.0,-100.0,-33.0,70.0,0.0,0.0,0.0,0.0,0.0,55.0,6,0,0,4,"ORBIT pos+0.11 orbit L0.25 M0.52 R0.38 tn0.72 yaw+8 pit+0 rc(6, 0, 0, 4)",0.2451,0.5195,0.3804,,
384,44804,383,,depth/000384.npy,1,163.7,244.1,-1.0,-100.0,-100.0,-100.0,-33.0,70.0,0.0,0.0,0.0,0.0,0.0,55.0,4,0,0,10,"ORBIT pos+0.15 orbit L0.25 M0.52 R0.38 tn0.73 yaw+12 pit+0 rc(4, 0, 0, 10)",0.2313,0.4902,0.3843,,
385,44916,384,,depth/000384.npy,1,163.7,361.1,-1.0,-100.0,-100.0,-100.0,-33.0,70.0,0.0,0.0,0.0,0.0,0.0,55.0,3,0,0,11,"ORBIT pos+0.16 orbit L0.23 M0.49 R0.38 tn0.73 yaw+13 pit+0 rc(3, 0, 0, 11)",0.2313,0.4902,0.3843,,
386,45023,385,,depth/000386.npy,1,164.0,260.3,-1.0,-100.0,-100.0,-100.0,-33.0,70.0,0.0,0.0,0.0,0.0,0.0,55.0,2,0,0,14,"ORBIT pos+0.19 orbit L0.25 M0.49 R0.40 tn0.73 yaw+15 pit+0 rc(2, 0, 0, 14)",0.2471,0.4941,0.3999,,
387,45133,386,,depth/000387.npy,1,168.3,210.8,-1.0,-100.0,-100.0,-100.0,-32.0,70.0,0.0,0.0,0.0,0.0,0.0,55.0,2,0,0,15,"ORBIT pos+0.20 orbit L0.25 M0.49 R0.40 tn0.73 yaw+16 pit+0 rc(2, 0, 0, 15)",0.2588,0.498,0.4119,,
388,45240,387,,depth/000387.npy,1,168.3,313.3,-1.0,-100.0,-100.0,-100.0,-32.0,70.0,0.0,0.0,0.0,0.0,0.0,55.0,1,0,0,16,"ORBIT pos+0.21 orbit L0.26 M0.50 R0.41 tn0.74 yaw+17 pit+0 rc(1, 0, 0, 16)",0.2588,0.498,0.4119,,
389,45352,388,,depth/000389.npy,1,160.0,255.7,-1.0,-100.0,-100.0,-100.0,-31.0,70.0,0.0,0.0,0.0,0.0,0.0,55.0,1,0,0,16,"ORBIT pos+0.22 orbit L0.25 M0.50 R0.40 tn0.74 yaw+17 pit+0 rc(1, 0, 0, 16)",0.2529,0.5039,0.396,,
390,45454,389,,depth/000390.npy,1,161.0,196.5,-1.0,-100.0,-100.0,-100.0,-31.0,70.0,0.0,0.0,0.0,0.0,0.0,55.0,1,0,0,16,"ORBIT pos+0.22 orbit L0.25 M0.50 R0.40 tn0.73 yaw+17 pit+0 rc(1, 0, 0, 16)",0.2529,0.5098,0.396,,
391,45566,390,,depth/000390.npy,1,161.0,403.0,-1.0,-100.0,-100.0,-100.0,-30.0,70.0,0.0,0.0,0.0,0.0,0.0,55.0,1,0,0,16,"ORBIT pos+0.22 orbit L0.25 M0.51 R0.40 tn0.73 yaw+17 pit+0 rc(1, 0, 0, 16)",0.2529,0.5098,0.396,,
392,45693,391,,depth/000392.npy,1,223.9,275.9,-1.0,-100.0,-100.0,-100.0,-29.0,70.0,0.0,0.0,0.0,0.0,0.0,55.0,1,0,0,16,"ORBIT pos+0.21 orbit L0.25 M0.51 R0.39 tn0.73 yaw+17 pit+0 rc(1, 0, 0, 16)",0.2529,0.5059,0.3901,,
393,45805,392,,depth/000392.npy,1,223.9,383.1,-1.0,-100.0,-100.0,-100.0,-29.0,70.0,0.0,0.0,0.0,0.0,0.0,55.0,2,0,0,16,"ORBIT pos+0.21 orbit L0.25 M0.51 R0.39 tn0.73 yaw+17 pit+0 rc(2, 0, 0, 16)",0.2529,0.5059,0.3901,,
394,45914,393,,depth/000394.npy,1,152.7,388.3,-1.0,-100.0,-100.0,-100.0,-29.0,70.0,0.0,0.0,0.0,0.0,0.0,55.0,2,0,0,15,"ORBIT pos+0.20 orbit L0.25 M0.51 R0.37 tn0.72 yaw+16 pit+0 rc(2, 0, 0, 15)",0.249,0.5059,0.3687,,
395,46026,394,,depth/000395.npy,1,187.7,265.8,-1.0,-100.0,-100.0,-100.0,-28.0,70.0,0.0,0.0,0.0,0.0,0.0,55.0,2,0,0,15,"ORBIT pos+0.20 orbit L0.25 M0.51 R0.37 tn0.72 yaw+16 pit+0 rc(2, 0, 0, 15)",0.249,0.5488,0.3333,,
396,46127,395,,depth/000395.npy,1,187.7,370.3,-1.0,-100.0,-100.0,-100.0,-28.0,70.0,0.0,0.0,0.0,0.0,0.0,55.0,3,0,0,12,"ORBIT pos+0.18 orbit L0.25 M0.55 R0.33 tn0.72 yaw+14 pit+0 rc(3, 0, 0, 12)",0.249,0.5488,0.3333,,
397,46246,396,,depth/000397.npy,1,189.3,316.4,-1.0,-100.0,-100.0,-100.0,-27.0,70.0,0.0,0.0,0.0,0.0,0.0,55.0,3,0,0,11,"ORBIT pos+0.17 orbit L0.25 M0.55 R0.33 tn0.72 yaw+13 pit+0 rc(3, 0, 0, 11)",0.2471,0.5767,0.3254,,
398,46357,397,,depth/000397.npy,1,189.3,440.3,-1.0,-100.0,-100.0,-100.0,-27.0,70.0,0.0,0.0,0.0,0.0,0.0,55.0,4,0,0,10,"ORBIT pos+0.14 orbit L0.25 M0.58 R0.33 tn0.72 yaw+12 pit+0 rc(4, 0, 0, 10)",0.2471,0.5767,0.3254,,
399,46471,398,,depth/000399.npy,1,160.5,290.1,-1.0,-100.0,-100.0,-100.0,-26.0,70.0,0.0,0.0,0.0,0.0,0.0,55.0,5,0,0,7,"ORBIT pos+0.13 orbit L0.24 M0.59 R0.31 tn0.72 yaw+10 pit+0 rc(5, 0, 0, 7)",0.2412,0.5864,0.3098,,
400,46582,399,,depth/000400.npy,1,168.2,276.1,-1.0,-100.0,-100.0,-100.0,-26.0,70.0,0.0,0.0,0.0,0.0,0.0,55.0,6,0,0,5,"ORBIT pos+0.11 orbit L0.22 M0.60 R0.27 tn0.72 yaw+9 pit+0 rc(6, 0, 0, 5)",0.2216,0.5962,0.2744,,
401,46702,400,,depth/000401.npy,1,165.1,275.2,-1.0,-100.0,-100.0,-100.0,-26.0,70.0,0.0,0.0,0.0,0.0,0.0,55.0,6,0,0,4,"ORBIT pos+0.10 orbit L0.22 M0.60 R0.27 tn0.71 yaw+8 pit+0 rc(6, 0, 0, 4)",0.2432,0.6353,0.2942,,
402,46831,401,,depth/000401.npy,1,165.1,404.4,-1.0,-100.0,-100.0,-100.0,-25.0,70.0,0.0,0.0,0.0,0.0,0.0,55.0,7,0,0,2,"ORBIT pos+0.07 orbit L0.24 M0.64 R0.29 tn0.72 yaw+6 pit+0 rc(7, 0, 0, 2)",0.2432,0.6353,0.2942,,
403,46949,402,,depth/000403.npy,1,162.0,282.8,-1.0,-100.0,-100.0,-100.0,-25.0,70.0,0.0,0.0,0.0,0.0,0.0,55.0,8,0,0,0,"ORBIT pos+0.06 orbit L0.23 M0.63 R0.27 tn0.72 yaw+5 pit+0 rc(8, 0, 0, 0)",0.2314,0.6274,0.2705,,
404,47067,403,,depth/000404.npy,1,158.0,300.8,-1.0,-100.0,-100.0,-100.0,-25.0,70.0,0.0,0.0,0.0,0.0,0.0,55.0,9,0,0,-5,"ORBIT pos+0.04 orbit L0.23 M0.64 R0.26 tn0.73 yaw+0 pit+0 rc(9, 0, 0, -5)",0.2314,0.6392,0.2627,,
405,47194,404,,depth/000405.npy,1,157.6,267.9,-1.0,-100.0,-100.0,-100.0,-25.0,70.0,0.0,0.0,0.0,0.0,0.0,55.0,9,0,0,-5,"ORBIT pos+0.03 orbit L0.23 M0.64 R0.26 tn0.73 yaw+0 pit+0 rc(9, 0, 0, -5)",0.2274,0.6392,0.2549,,
406,47320,405,,depth/000405.npy,1,157.6,398.7,-1.0,-100.0,-100.0,-100.0,-25.0,70.0,0.0,0.0,0.0,0.0,0.0,55.0,10,0,0,-6,"ORBIT pos+0.01 orbit L0.23 M0.64 R0.25 tn0.73 yaw+0 pit+0 rc(10, 0, 0, -6)",0.2274,0.6392,0.2549,,
407,47452,406,,depth/000407.npy,1,154.9,356.6,-1.0,-100.0,-100.0,-100.0,-26.0,70.0,0.0,0.0,0.0,0.0,0.0,55.0,10,0,0,-6,"ORBIT pos+0.00 orbit L0.23 M0.64 R0.26 tn0.73 yaw+0 pit+0 rc(10, 0, 0, -6)",0.2274,0.6431,0.2588,,
408,47569,407,,depth/000408.npy,1,157.3,262.6,-1.0,-100.0,-100.0,-100.0,-26.0,70.0,0.0,0.0,0.0,0.0,0.0,55.0,10,0,0,-6,"ORBIT pos-0.00 orbit L0.23 M0.64 R0.26 tn0.73 yaw+0 pit+0 rc(10, 0, 0, -6)",0.2333,0.6392,0.2588,,
409,47678,408,,depth/000409.npy,1,163.2,255.1,-1.0,-100.0,-100.0,-100.0,-26.0,70.0,0.0,0.0,0.0,0.0,0.0,55.0,10,0,0,-6,"ORBIT pos-0.01 orbit L0.23 M0.64 R0.25 tn0.73 yaw+0 pit+0 rc(10, 0, 0, -6)",0.2333,0.6392,0.2549,,
410,47792,409,,depth/000409.npy,1,163.2,377.9,-1.0,-100.0,-100.0,-100.0,-26.0,70.0,0.0,0.0,0.0,0.0,0.0,55.0,9,0,0,-5,"ORBIT pos-0.02 orbit L0.23 M0.64 R0.25 tn0.73 yaw+0 pit+0 rc(9, 0, 0, -5)",0.2333,0.6392,0.2549,,
411,47906,410,,depth/000411.npy,1,196.8,310.5,-1.0,-100.0,-100.0,-100.0,-26.0,70.0,0.0,0.0,0.0,0.0,0.0,55.0,9,0,0,-5,"ORBIT pos-0.02 orbit L0.23 M0.65 R0.25 tn0.73 yaw+0 pit+0 rc(9, 0, 0, -5)",0.2294,0.6509,0.251,,
412,48030,411,,depth/000412.npy,1,175.7,277.1,-1.0,-100.0,-100.0,-100.0,-27.0,70.0,0.0,0.0,0.0,0.0,0.0,54.0,9,0,0,-5,"ORBIT pos-0.02 orbit L0.23 M0.65 R0.25 tn0.73 yaw+0 pit+0 rc(9, 0, 0, -5)",0.2274,0.647,0.2471,,
413,48137,412,,depth/000412.npy,1,175.7,382.2,-1.0,-100.0,-100.0,-100.0,-27.0,70.0,0.0,0.0,0.0,0.0,0.0,54.0,9,0,0,-5,"ORBIT pos-0.03 orbit L0.23 M0.65 R0.25 tn0.74 yaw+0 pit+0 rc(9, 0, 0, -5)",0.2274,0.647,0.2471,,
414,48249,413,,depth/000414.npy,1,196.3,262.2,-1.0,-100.0,-100.0,-100.0,-27.0,70.0,0.0,0.0,0.0,0.0,0.0,54.0,8,0,0,-5,"ORBIT pos-0.04 orbit L0.23 M0.65 R0.25 tn0.74 yaw+0 pit+0 rc(8, 0, 0, -5)",0.2354,0.6431,0.2471,,
415,48381,414,,depth/000414.npy,1,196.3,397.0,-1.0,-100.0,-100.0,-100.0,-27.0,70.0,0.0,0.0,0.0,0.0,0.0,54.0,8,0,0,-5,"ORBIT pos-0.05 orbit L0.24 M0.64 R0.25 tn0.74 yaw+0 pit+0 rc(8, 0, 0, -5)",0.2354,0.6431,0.2471,,
416,48504,415,,depth/000416.npy,1,198.7,330.8,-1.0,-100.0,-100.0,-100.0,-27.0,70.0,0.0,0.0,0.0,0.0,0.0,54.0,8,0,0,-10,"ORBIT pos-0.06 orbit L0.25 M0.66 R0.27 tn0.73 yaw-5 pit+0 rc(8, 0, 0, -10)",0.251,0.6587,0.2666,,
417,48613,416,,depth/000417.npy,1,166.1,254.1,-1.0,-100.0,-100.0,-100.0,-27.0,70.0,0.0,0.0,0.0,0.0,0.0,54.0,8,0,0,-10,"ORBIT pos-0.06 orbit L0.25 M0.66 R0.27 tn0.73 yaw-5 pit+0 rc(8, 0, 0, -10)",0.2432,0.6313,0.2274,,
418,48715,417,,depth/000417.npy,1,166.1,365.6,-1.0,-100.0,-100.0,-100.0,-27.0,70.0,0.0,0.0,0.0,0.0,0.0,54.0,7,0,0,-10,"ORBIT pos-0.07 orbit L0.24 M0.63 R0.23 tn0.72 yaw-6 pit+0 rc(7, 0, 0, -10)",0.2432,0.6313,0.2274,,
419,48833,418,,depth/000419.npy,1,180.8,272.8,-1.0,-100.0,-100.0,-100.0,-28.0,70.0,0.0,0.0,0.0,0.0,0.0,54.0,7,0,0,-11,"ORBIT pos-0.08 orbit L0.27 M0.65 R0.25 tn0.72 yaw-7 pit+0 rc(7, 0, 0, -11)",0.2705,0.647,0.251,,
420,48942,419,,depth/000420.npy,1,158.8,216.2,-1.0,-100.0,-100.0,-100.0,-28.0,70.0,0.0,0.0,0.0,0.0,0.0,54.0,6,0,0,-12,"ORBIT pos-0.09 orbit L0.27 M0.65 R0.25 tn0.72 yaw-8 pit+0 rc(6, 0, 0, -12)",0.2783,0.6392,0.2549,,
421,49054,420,,depth/000420.npy,1,158.8,323.4,-1.0,-100.0,-100.0,-100.0,-28.0,70.0,0.0,0.0,0.0,0.0,0.0,54.0,6,0,0,-12,"ORBIT pos-0.10 orbit L0.28 M0.64 R0.25 tn0.72 yaw-8 pit+0 rc(6, 0, 0, -12)",0.2783,0.6392,0.2549,,
422,49173,421,,depth/000422.npy,1,171.5,277.4,-1.0,-100.0,-100.0,-100.0,-28.0,70.0,0.0,0.0,0.0,0.0,0.0,54.0,6,0,0,-13,"ORBIT pos-0.11 orbit L0.27 M0.64 R0.25 tn0.73 yaw-9 pit+0 rc(6, 0, 0, -13)",0.2705,0.6353,0.2471,,
423,49288,422,,depth/000423.npy,1,158.7,228.5,-1.0,-100.0,-100.0,-100.0,-29.0,70.0,0.0,0.0,0.0,0.0,0.0,54.0,6,0,0,-13,"ORBIT pos-0.11 orbit L0.27 M0.64 R0.25 tn0.73 yaw-9 pit+0 rc(6, 0, 0, -13)",0.2705,0.6372,0.2393,,
424,49399,423,,depth/000423.npy,1,158.7,339.3,-1.0,-100.0,-100.0,-100.0,-29.0,70.0,0.0,0.0,0.0,0.0,0.0,54.0,5,0,0,-12,"ORBIT pos-0.11 orbit L0.27 M0.64 R0.24 tn0.73 yaw-9 pit+0 rc(5, 0, 0, -12)",0.2705,0.6372,0.2393,,
425,49510,424,,depth/000425.npy,1,163.5,281.0,-1.0,-100.0,-100.0,-100.0,-30.0,70.0,0.0,0.0,0.0,0.0,0.0,54.0,5,0,0,-12,"ORBIT pos-0.11 orbit L0.26 M0.63 R0.23 tn0.73 yaw-9 pit+0 rc(5, 0, 0, -12)",0.2646,0.6313,0.2274,,
426,49620,425,,depth/000426.npy,1,163.4,263.1,-1.0,-100.0,-100.0,-100.0,-30.0,70.0,0.0,0.0,0.0,0.0,0.0,54.0,5,0,0,-12,"ORBIT pos-0.11 orbit L0.24 M0.63 R0.20 tn0.73 yaw-9 pit+0 rc(5, 0, 0, -12)",0.2354,0.6274,0.2,,
427,49725,426,,depth/000426.npy,1,163.4,363.5,-1.0,-100.0,-100.0,-100.0,-30.0,70.0,0.0,0.0,0.0,0.0,0.0,54.0,5,0,0,-12,"ORBIT pos-0.11 orbit L0.24 M0.63 R0.20 tn0.73 yaw-9 pit+0 rc(5, 0, 0, -12)",0.2354,0.6274,0.2,,
428,49837,427,,depth/000428.npy,1,162.3,275.2,-1.0,-100.0,-100.0,-100.0,-30.0,70.0,0.0,0.0,0.0,0.0,0.0,54.0,6,0,0,-13,"ORBIT pos-0.11 orbit L0.26 M0.66 R0.24 tn0.74 yaw-9 pit+0 rc(6, 0, 0, -13)",0.2627,0.6626,0.2432,,
429,49947,428,,depth/000429.npy,1,162.7,253.3,-1.0,-100.0,-100.0,-100.0,-30.0,70.0,0.0,0.0,0.0,0.0,0.0,54.0,6,0,0,-12,"ORBIT pos-0.10 orbit L0.26 M0.66 R0.24 tn0.74 yaw-8 pit+0 rc(6, 0, 0, -12)",0.251,0.6587,0.2354,,
430,50058,429,,depth/000429.npy,1,162.7,372.3,-1.0,-100.0,-100.0,-100.0,-30.0,70.0,0.0,0.0,0.0,0.0,0.0,54.0,6,-5,0,-12,"ORBIT pos-0.10 orbit L0.25 M0.66 R0.24 tn0.74 yaw-8 pit-5 rc(6, -5, 0, -12)",0.251,0.6587,0.2354,,
431,50165,430,,depth/000431.npy,1,165.1,270.1,-1.0,-100.0,-100.0,-100.0,-30.0,70.0,0.0,0.0,0.0,0.0,0.0,54.0,6,-5,0,-12,"ORBIT pos-0.10 orbit L0.25 M0.65 R0.23 tn0.74 yaw-8 pit-5 rc(6, -5, 0, -12)",0.2471,0.6489,0.2255,,
432,50275,431,,depth/000432.npy,1,161.2,242.0,-1.0,-100.0,-100.0,-100.0,-31.0,70.0,0.0,0.0,0.0,0.0,0.0,54.0,6,0,0,-12,"ORBIT pos-0.10 orbit L0.27 M0.64 R0.24 tn0.74 yaw-8 pit+0 rc(6, 0, 0, -12)",0.2666,0.6431,0.2354,,
433,50400,432,,depth/000433.npy,1,159.2,203.7,-1.0,-100.0,-100.0,-100.0,-31.0,70.0,0.0,0.0,0.0,0.0,0.0,54.0,6,0,0,-12,"ORBIT pos-0.10 orbit L0.27 M0.64 R0.24 tn0.74 yaw-8 pit+0 rc(6, 0, 0, -12)",0.2432,0.6431,0.2235,,
434,50527,433,,depth/000433.npy,1,159.2,336.6,-1.0,-100.0,-100.0,-100.0,-31.0,70.0,0.0,0.0,0.0,0.0,0.0,54.0,6,0,0,-12,"ORBIT pos-0.10 orbit L0.24 M0.64 R0.22 tn0.74 yaw-8 pit+0 rc(6, 0, 0, -12)",0.2432,0.6431,0.2235,,
435,50651,434,,depth/000435.npy,1,156.3,331.1,-1.0,-100.0,-100.0,-100.0,-32.0,70.0,0.0,0.0,0.0,0.0,0.0,54.0,6,-5,0,-12,"ORBIT pos-0.10 orbit L0.25 M0.65 R0.23 tn0.75 yaw-8 pit-5 rc(6, -5, 0, -12)",0.2549,0.6548,0.2274,,
436,50767,435,,depth/000436.npy,1,163.5,268.7,-1.0,-100.0,-100.0,-100.0,-33.0,70.0,0.0,0.0,0.0,0.0,0.0,54.0,6,-5,0,-12,"ORBIT pos-0.10 orbit L0.25 M0.65 R0.23 tn0.75 yaw-8 pit-5 rc(6, -5, 0, -12)",0.2471,0.6548,0.2079,,
437,50880,436,,depth/000437.npy,1,154.1,219.4,-1.0,-100.0,-100.0,-100.0,-33.0,70.0,0.0,0.0,0.0,0.0,0.0,54.0,6,-5,0,-11,"ORBIT pos-0.09 orbit L0.25 M0.65 R0.21 tn0.74 yaw-7 pit-5 rc(6, -5, 0, -11)",0.2549,0.6704,0.2471,,
438,51000,437,,depth/000437.npy,1,154.1,342.6,-1.0,-100.0,-100.0,-100.0,-33.0,70.0,0.0,0.0,0.0,0.0,0.0,54.0,7,-5,0,-11,"ORBIT pos-0.09 orbit L0.25 M0.67 R0.25 tn0.75 yaw-7 pit-5 rc(7, -5, 0, -11)",0.2549,0.6704,0.2471,,
439,51103,438,,depth/000439.npy,1,162.8,273.5,-1.0,-100.0,-100.0,-100.0,-33.0,70.0,0.0,0.0,0.0,0.0,0.0,54.0,7,-5,0,-10,"ORBIT pos-0.08 orbit L0.24 M0.66 R0.24 tn0.75 yaw-6 pit-5 rc(7, -5, 0, -10)",0.2393,0.6587,0.2373,,
440,51222,439,,depth/000440.npy,1,161.8,227.0,-1.0,-100.0,-100.0,-100.0,-34.0,70.0,0.0,0.0,0.0,0.0,0.0,54.0,7,-5,0,-10,"ORBIT pos-0.07 orbit L0.24 M0.66 R0.24 tn0.76 yaw-6 pit-5 rc(7, -5, 0, -10)",0.2313,0.6567,0.2354,,
441,51348,440,,depth/000440.npy,1,161.8,357.2,-1.0,-100.0,-100.0,-100.0,-34.0,70.0,0.0,0.0,0.0,0.0,0.0,54.0,8,-5,0,-10,"ORBIT pos-0.06 orbit L0.23 M0.66 R0.24 tn0.76 yaw-5 pit-5 rc(8, -5, 0, -10)",0.2313,0.6567,0.2354,,
442,51464,441,,depth/000442.npy,1,183.2,297.3,-1.0,-100.0,-100.0,-100.0,-34.0,70.0,0.0,0.0,0.0,0.0,0.0,54.0,8,-5,0,-9,"ORBIT pos-0.05 orbit L0.23 M0.66 R0.25 tn0.75 yaw-4 pit-5 rc(8, -5, 0, -9)",0.2294,0.6567,0.2471,,
443,51573,442,,depth/000443.npy,1,155.1,268.2,-1.0,-100.0,-100.0,-100.0,-35.0,70.0,0.0,0.0,0.0,0.0,0.0,54.0,8,-5,0,-5,"ORBIT pos-0.04 orbit L0.22 M0.64 R0.25 tn0.74 yaw+0 pit-5 rc(8, -5, 0, -5)",0.2216,0.6431,0.2471,,
444,51684,443,,depth/000443.npy,1,155.1,376.2,-1.0,-100.0,-100.0,-100.0,-35.0,70.0,0.0,0.0,0.0,0.0,0.0,54.0,8,0,0,-5,"ORBIT pos-0.04 orbit L0.22 M0.64 R0.25 tn0.74 yaw+0 pit+0 rc(8, 0, 0, -5)",0.2216,0.6431,0.2471,,
445,51791,444,,depth/000445.npy,1,168.4,363.4,-1.0,-100.0,-100.0,-100.0,-35.0,70.0,0.0,0.0,0.0,0.0,0.0,54.0,9,0,0,-5,"ORBIT pos-0.03 orbit L0.22 M0.64 R0.25 tn0.73 yaw+0 pit+0 rc(9, 0, 0, -5)",0.2216,0.6431,0.2471,,
446,51902,445,,depth/000446.npy,1,157.4,245.8,-1.0,-100.0,-100.0,-100.0,-35.0,70.0,0.0,0.0,0.0,0.0,0.0,54.0,9,0,0,-5,"ORBIT pos-0.03 orbit L0.22 M0.64 R0.25 tn0.72 yaw+0 pit+0 rc(9, 0, 0, -5)",0.2255,0.6431,0.2588,,
447,52008,446,,depth/000446.npy,1,157.4,347.1,-1.0,-100.0,-100.0,-100.0,-35.0,70.0,0.0,0.0,0.0,0.0,0.0,54.0,9,0,0,-5,"ORBIT pos-0.02 orbit L0.23 M0.64 R0.26 tn0.72 yaw+0 pit+0 rc(9, 0, 0, -5)",0.2255,0.6431,0.2588,,
448,52128,447,,depth/000448.npy,1,170.8,366.3,-1.0,-100.0,-100.0,-100.0,-35.0,70.0,0.0,0.0,0.0,0.0,0.0,54.0,9,0,0,-5,"ORBIT pos-0.01 orbit L0.23 M0.65 R0.27 tn0.72 yaw+0 pit+0 rc(9, 0, 0, -5)",0.2333,0.647,0.2744,,
449,52255,448,,depth/000449.npy,1,158.9,254.4,-1.0,-100.0,-100.0,-100.0,-35.0,70.0,0.0,0.0,0.0,0.0,0.0,54.0,10,0,0,-6,"ORBIT pos-0.01 orbit L0.24 M0.65 R0.27 tn0.73 yaw+0 pit+0 rc(10, 0, 0, -6)",0.2353,0.6509,0.2705,,
450,52378,449,,depth/000450.npy,1,160.6,287.6,-1.0,-100.0,-100.0,-100.0,-35.0,70.0,0.0,0.0,0.0,0.0,0.0,54.0,10,0,0,-6,"ORBIT pos-0.00 orbit L0.24 M0.65 R0.27 tn0.73 yaw+0 pit+0 rc(10, 0, 0, -6)",0.2177,0.6431,0.2471,,
451,52478,450,,depth/000450.npy,1,160.6,386.6,-1.0,-100.0,-100.0,-100.0,-35.0,70.0,0.0,0.0,0.0,0.0,0.0,54.0,10,0,0,-6,"ORBIT pos-0.00 orbit L0.22 M0.64 R0.25 tn0.73 yaw+0 pit+0 rc(10, 0, 0, -6)",0.2177,0.6431,0.2471,,
452,52587,451,,depth/000452.npy,1,155.3,278.5,-1.0,-100.0,-100.0,-100.0,-34.0,70.0,0.0,0.0,0.0,0.0,0.0,54.0,10,0,0,-6,"ORBIT pos-0.01 orbit L0.22 M0.65 R0.24 tn0.72 yaw+0 pit+0 rc(10, 0, 0, -6)",0.2177,0.647,0.2393,,
453,52704,452,,depth/000452.npy,1,155.3,421.3,-1.0,-100.0,-100.0,-100.0,-34.0,70.0,0.0,0.0,0.0,0.0,0.0,54.0,9,0,0,-5,"ORBIT pos-0.01 orbit L0.22 M0.65 R0.24 tn0.72 yaw+0 pit+0 rc(9, 0, 0, -5)",0.2177,0.647,0.2393,,
454,52840,453,,depth/000454.npy,1,236.1,409.8,-1.0,-100.0,-100.0,-100.0,-34.0,70.0,0.0,0.0,0.0,0.0,0.0,54.0,9,0,0,-5,"ORBIT pos-0.02 orbit L0.23 M0.65 R0.24 tn0.71 yaw+0 pit+0 rc(9, 0, 0, -5)",0.2255,0.6548,0.2393,,
455,52959,454,,depth/000455.npy,1,126.0,363.0,-1.0,-100.0,-100.0,-100.0,-34.0,70.0,0.0,0.0,0.0,0.0,0.0,54.0,9,0,0,-5,"ORBIT pos-0.02 orbit L0.24 M0.67 R0.22 tn0.71 yaw+0 pit+0 rc(9, 0, 0, -5)",0.2393,0.6704,0.2235,,
456,53075,455,,depth/000456.npy,1,118.2,243.3,-1.0,-100.0,-100.0,-100.0,-34.0,70.0,0.0,0.0,0.0,0.0,0.0,54.0,9,0,0,-5,"ORBIT pos-0.03 orbit L0.24 M0.66 R0.22 tn0.72 yaw+0 pit+0 rc(9, 0, 0, -5)",0.2432,0.6626,0.2235,,
457,53190,456,,depth/000457.npy,1,133.8,259.7,-1.0,-100.0,-100.0,-100.0,-34.0,70.0,0.0,0.0,0.0,0.0,0.0,54.0,8,0,0,-5,"ORBIT pos-0.04 orbit L0.24 M0.66 R0.22 tn0.72 yaw+0 pit+0 rc(8, 0, 0, -5)",0.2393,0.6587,0.2157,,
458,53316,457,,depth/000458.npy,1,138.6,219.5,-1.0,-100.0,-100.0,-100.0,-33.0,70.0,0.0,0.0,0.0,0.0,0.0,54.0,8,0,0,-5,"ORBIT pos-0.05 orbit L0.24 M0.66 R0.22 tn0.72 yaw+0 pit+0 rc(8, 0, 0, -5)",0.251,0.6509,0.2157,,
459,53431,458,,depth/000459.npy,1,143.0,235.4,-1.0,-100.0,-100.0,-100.0,-33.0,70.0,0.0,0.0,0.0,0.0,0.0,54.0,7,0,0,-9,"ORBIT pos-0.07 orbit L0.26 M0.62 R0.22 tn0.71 yaw-5 pit+0 rc(7, 0, 0, -9)",0.2588,0.6235,0.2177,,
460,53549,459,,depth/000460.npy,1,128.3,208.3,-1.0,-100.0,-100.0,-100.0,-33.0,70.0,0.0,0.0,0.0,0.0,0.0,54.0,7,0,0,-10,"ORBIT pos-0.07 orbit L0.26 M0.62 R0.22 tn0.71 yaw-6 pit+0 rc(7, 0, 0, -10)",0.2705,0.6274,0.2118,,
461,53665,460,,depth/000460.npy,1,128.3,323.3,-1.0,-100.0,-100.0,-100.0,-33.0,70.0,0.0,0.0,0.0,0.0,0.0,54.0,6,0,0,-11,"ORBIT pos-0.09 orbit L0.27 M0.63 R0.21 tn0.70 yaw-7 pit+0 rc(6, 0, 0, -11)",0.2705,0.6274,0.2118,,
462,53790,461,,depth/000462.npy,1,166.5,325.2,-1.0,-100.0,-100.0,-100.0,-33.0,70.0,0.0,0.0,0.0,0.0,0.0,54.0,6,0,0,-12,"ORBIT pos-0.10 orbit L0.26 M0.61 R0.18 tn0.71 yaw-8 pit+0 rc(6, 0, 0, -12)",0.2588,0.6079,0.1804,,
463,53915,462,,depth/000463.npy,1,124.2,286.0,-1.0,-100.0,-100.0,-100.0,-33.0,70.0,0.0,0.0,0.0,0.0,0.0,54.0,5,0,0,-12,"ORBIT pos-0.12 orbit L0.28 M0.60 R0.19 tn0.71 yaw-9 pit+0 rc(5, 0, 0, -12)",0.2783,0.5962,0.1902,,
464,54033,463,,depth/000464.npy,1,117.1,267.8,-1.0,-100.0,-100.0,-100.0,-34.0,70.0,0.0,0.0,0.0,0.0,0.0,53.0,5,0,0,-13,"ORBIT pos-0.13 orbit L0.28 M0.58 R0.20 tn0.71 yaw-10 pit+0 rc(5, 0, 0, -13)",0.2783,0.5845,0.196,,
465,54158,464,,depth/000465.npy,1,123.7,254.9,-1.0,-100.0,-100.0,-100.0,-35.0,70.0,0.0,0.0,0.0,0.0,0.0,53.0,4,0,0,-13,"ORBIT pos-0.14 orbit L0.29 M0.57 R0.20 tn0.71 yaw-11 pit+0 rc(4, 0, 0, -13)",0.2942,0.5669,0.196,,
466,54281,465,,depth/000466.npy,1,125.8,297.6,-1.0,-100.0,-100.0,-100.0,-35.0,70.0,0.0,0.0,0.0,0.0,0.0,53.0,4,0,0,-14,"ORBIT pos-0.15 orbit L0.31 M0.57 R0.22 tn0.71 yaw-12 pit+0 rc(4, 0, 0, -14)",0.3137,0.5688,0.2177,,
467,54397,466,,depth/000467.npy,1,144.4,270.1,-1.0,-100.0,-100.0,-100.0,-36.0,70.0,0.0,0.0,0.0,0.0,0.0,53.0,3,0,0,-15,"ORBIT pos-0.17 orbit L0.31 M0.56 R0.20 tn0.72 yaw-13 pit+0 rc(3, 0, 0, -15)",0.3137,0.5566,0.204,,
468,54514,467,,depth/000468.npy,1,148.7,248.1,-1.0,-100.0,-100.0,-100.0,-36.0,70.0,0.0,0.0,0.0,0.0,0.0,53.0,3,0,0,-16,"ORBIT pos-0.17 orbit L0.31 M0.56 R0.20 tn0.72 yaw-14 pit+0 rc(3, 0, 0, -16)",0.3254,0.5488,0.2196,,
469,54629,468,,depth/000469.npy,1,123.7,164.1,-1.0,-100.0,-100.0,-100.0,-37.0,70.0,0.0,0.0,0.0,0.0,0.0,53.0,3,0,0,-17,"ORBIT pos-0.18 orbit L0.33 M0.55 R0.22 tn0.72 yaw-15 pit+0 rc(3, 0, 0, -17)",0.3059,0.5786,0.2196,,
470,54753,469,,depth/000470.npy,1,128.7,183.8,-1.0,-100.0,-100.0,-100.0,-38.0,70.0,0.0,0.0,0.0,0.0,0.0,53.0,3,0,0,-17,"ORBIT pos-0.18 orbit L0.31 M0.58 R0.22 tn0.72 yaw-15 pit+0 rc(3, 0, 0, -17)",0.3098,0.604,0.2157,,
471,54869,470,,depth/000471.npy,1,127.4,174.0,-1.0,-100.0,-100.0,-100.0,-38.0,70.0,0.0,0.0,0.0,0.0,0.0,53.0,3,0,0,-16,"ORBIT pos-0.18 orbit L0.31 M0.60 R0.22 tn0.74 yaw-14 pit+0 rc(3, 0, 0, -16)",0.2783,0.6255,0.2079,,
472,54987,471,,depth/000472.npy,1,121.9,185.8,-1.0,-100.0,-100.0,-100.0,-40.0,70.0,0.0,0.0,0.0,0.0,0.0,53.0,3,0,0,-16,"ORBIT pos-0.17 orbit L0.28 M0.63 R0.21 tn0.74 yaw-14 pit+0 rc(3, 0, 0, -16)",0.2864,0.6587,0.2373,,
473,55102,472,,depth/000472.npy,1,121.9,299.5,-1.0,-100.0,-100.0,-100.0,-41.0,70.0,0.0,0.0,0.0,0.0,0.0,53.0,4,-5,0,-14,"ORBIT pos-0.15 orbit L0.29 M0.66 R0.24 tn0.75 yaw-12 pit-5 rc(4, -5, 0, -14)",0.2864,0.6587,0.2373,,
474,55227,473,,depth/000474.npy,1,123.4,295.4,-1.0,-100.0,-100.0,-100.0,-42.0,70.0,0.0,0.0,0.0,0.0,0.0,53.0,5,-5,0,-14,"ORBIT pos-0.13 orbit L0.26 M0.67 R0.25 tn0.75 yaw-11 pit-5 rc(5, -5, 0, -14)",0.2627,0.6704,0.2471,,
475,55342,474,,depth/000475.npy,1,140.9,277.4,-1.0,-100.0,-100.0,-100.0,-43.0,70.0,0.0,0.0,0.0,0.0,0.0,53.0,6,-6,0,-12,"ORBIT pos-0.10 orbit L0.24 M0.67 R0.26 tn0.76 yaw-8 pit-6 rc(6, -6, 0, -12)",0.2432,0.6665,0.2627,,
476,55459,475,,depth/000476.npy,1,159.5,255.2,-1.0,-100.0,-100.0,-100.0,-45.0,70.0,0.0,0.0,0.0,0.0,0.0,53.0,7,-6,0,-11,"ORBIT pos-0.08 orbit L0.24 M0.67 R0.26 tn0.76 yaw-7 pit-6 rc(7, -6, 0, -11)",0.2646,0.6626,0.2981,,
477,55574,476,,depth/000477.npy,1,119.4,222.8,-1.0,-100.0,-100.0,-100.0,-46.0,70.0,0.0,0.0,0.0,0.0,0.0,53.0,8,-6,0,-5,"ORBIT pos-0.04 orbit L0.26 M0.60 R0.32 tn0.76 yaw+0 pit-6 rc(8, -6, 0, -5)",0.2646,0.5981,0.3215,,
478,55699,477,,depth/000478.npy,1,120.1,231.2,-1.0,-100.0,-100.0,-100.0,-48.0,70.0,0.0,0.0,0.0,0.0,0.0,53.0,9,-6,0,-5,"ORBIT pos-0.02 orbit L0.26 M0.60 R0.32 tn0.76 yaw+0 pit-6 rc(9, -6, 0, -5)",0.2568,0.5488,0.3372,,
479,55814,478,,depth/000479.npy,1,123.7,205.3,-1.0,-100.0,-100.0,-100.0,-48.0,70.0,0.0,0.0,0.0,0.0,0.0,53.0,9,-5,0,-5,"ORBIT pos+0.03 orbit L0.25 M0.52 R0.35 tn0.75 yaw+0 pit-5 rc(9, -5, 0, -5)",0.2529,0.5176,0.353,,
480,55930,479,,depth/000480.npy,1,142.2,232.6,-1.0,-100.0,-100.0,-100.0,-49.0,70.0,0.0,0.0,0.0,0.0,0.0,53.0,8,-5,0,0,"ORBIT pos+0.06 orbit L0.25 M0.52 R0.35 tn0.75 yaw+5 pit-5 rc(8, -5, 0, 0)",0.2725,0.5254,0.3882,,
481,56046,480,,depth/000480.npy,1,142.2,350.4,-1.0,-100.0,-100.0,-100.0,-50.0,70.0,0.0,0.0,0.0,0.0,0.0,53.0,6,-5,0,4,"ORBIT pos+0.11 orbit L0.27 M0.53 R0.39 tn0.74 yaw+8 pit-5 rc(6, -5, 0, 4)",0.2725,0.5254,0.3882,,
482,56162,481,,depth/000482.npy,1,144.9,296.2,-1.0,-100.0,-100.0,-100.0,-51.0,70.0,0.0,0.0,0.0,0.0,0.0,53.0,5,-5,0,7,"ORBIT pos+0.13 orbit L0.25 M0.49 R0.40 tn0.74 yaw+10 pit-5 rc(5, -5, 0, 7)",0.2529,0.4902,0.396,,
483,56277,482,,depth/000483.npy,1,123.9,248.1,-1.0,-100.0,-100.0,-100.0,-51.0,70.0,0.0,0.0,0.0,0.0,0.0,53.0,3,-5,0,12,"ORBIT pos+0.18 orbit L0.25 M0.47 R0.42 tn0.75 yaw+14 pit-5 rc(3, -5, 0, 12)",0.249,0.4727,0.4236,,
484,56395,483,,depth/000484.npy,1,142.3,266.9,-1.0,-100.0,-100.0,-100.0,-51.0,70.0,0.0,0.0,0.0,0.0,0.0,53.0,2,-5,0,15,"ORBIT pos+0.20 orbit L0.27 M0.47 R0.44 tn0.75 yaw+16 pit-5 rc(2, -5, 0, 15)",0.2666,0.4746,0.4431,,
485,56513,484,,depth/000484.npy,1,142.3,383.5,-1.0,-100.0,-100.0,-100.0,-50.0,70.0,0.0,0.0,0.0,0.0,0.0,53.0,0,-5,0,19,"ORBIT pos+0.24 orbit L0.27 M0.47 R0.44 tn0.75 yaw+19 pit-5 rc(0, -5, 0, 19)",0.2666,0.4746,0.4431,,
486,56627,485,,depth/000486.npy,1,242.0,330.0,-1.0,-100.0,-100.0,-100.0,-49.0,70.0,0.0,0.0,0.0,0.0,0.0,53.0,0,-5,0,21,"ORBIT pos+0.26 center L0.27 M0.47 R0.44 tn0.75 yaw+21 pit-5 rc(0, -5, 0, 21)",0.2568,0.4626,0.4548,,
487,56745,486,,depth/000487.npy,1,120.6,216.1,-1.0,-100.0,-100.0,-100.0,-48.0,70.0,0.0,0.0,0.0,0.0,0.0,53.0,0,-5,0,22,"ORBIT pos+0.28 center L0.24 M0.46 R0.42 tn0.74 yaw+22 pit-5 rc(0, -5, 0, 22)",0.2393,0.4587,0.4197,,
488,56861,487,,depth/000488.npy,1,126.4,229.8,-1.0,-100.0,-100.0,-100.0,-47.0,70.0,0.0,0.0,0.0,0.0,0.0,53.0,0,-5,0,23,"ORBIT pos+0.28 center L0.24 M0.46 R0.42 tn0.74 yaw+23 pit-5 rc(0, -5, 0, 23)",0.2393,0.4587,0.4236,,
489,56976,488,,depth/000489.npy,1,127.2,209.6,-1.0,-100.0,-100.0,-100.0,-45.0,70.0,0.0,0.0,0.0,0.0,0.0,53.0,0,0,0,23,"ORBIT pos+0.28 center L0.25 M0.48 R0.41 tn0.73 yaw+23 pit+0 rc(0, 0, 0, 23)",0.2451,0.4805,0.408,,
490,57090,489,,depth/000490.npy,1,119.5,167.8,-1.0,-100.0,-100.0,-100.0,-44.0,70.0,0.0,0.0,0.0,0.0,0.0,53.0,0,0,0,23,"ORBIT pos+0.28 center L0.25 M0.48 R0.41 tn0.72 yaw+23 pit+0 rc(0, 0, 0, 23)",0.2393,0.498,0.3843,,
491,57207,490,,depth/000490.npy,1,119.5,287.2,-1.0,-100.0,-100.0,-100.0,-43.0,70.0,0.0,0.0,0.0,0.0,0.0,53.0,0,0,0,21,"ORBIT pos+0.26 center L0.24 M0.50 R0.38 tn0.70 yaw+21 pit+0 rc(0, 0, 0, 21)",0.2393,0.498,0.3843,,
492,57324,491,,depth/000492.npy,1,157.9,292.3,-1.0,-100.0,-100.0,-100.0,-42.0,70.0,0.0,0.0,0.0,0.0,0.0,53.0,0,0,0,20,"ORBIT pos+0.25 orbit L0.26 M0.52 R0.38 tn0.70 yaw+20 pit+0 rc(0, 0, 0, 20)",0.2607,0.5195,0.3843,,
493,57440,492,,depth/000493.npy,1,122.6,241.2,-1.0,-100.0,-100.0,-100.0,-41.0,70.0,0.0,0.0,0.0,0.0,0.0,53.0,2,0,0,15,"ORBIT pos+0.20 orbit L0.28 M0.56 R0.35 tn0.68 yaw+16 pit+0 rc(2, 0, 0, 15)",0.2765,0.5566,0.353,,
494,57554,493,,depth/000494.npy,1,119.0,256.1,-1.0,-100.0,-100.0,-100.0,-40.0,70.0,0.0,0.0,0.0,0.0,0.0,53.0,3,0,0,12,"ORBIT pos+0.18 orbit L0.26 M0.61 R0.30 tn0.66 yaw+14 pit+0 rc(3, 0, 0, 12)",0.2627,0.6118,0.302,,
495,57670,494,,depth/000495.npy,1,122.5,239.4,-1.0,-100.0,-100.0,-100.0,-40.0,70.0,0.0,0.0,0.0,0.0,0.0,53.0,5,0,0,7,"ORBIT pos+0.13 orbit L0.23 M0.62 R0.25 tn0.66 yaw+10 pit+0 rc(5, 0, 0, 7)",0.2255,0.6235,0.2549,,
496,57786,495,,depth/000496.npy,1,144.6,254.1,-1.0,-100.0,-100.0,-100.0,-39.0,70.0,0.0,0.0,0.0,0.0,0.0,53.0,6,0,0,4,"ORBIT pos+0.10 orbit L0.23 M0.62 R0.25 tn0.66 yaw+8 pit+0 rc(6, 0, 0, 4)",0.2549,0.6509,0.2744,,
497,57901,496,,depth/000497.npy,1,146.4,204.1,-1.0,-100.0,-100.0,-100.0,-39.0,70.0,0.0,0.0,0.0,0.0,0.0,53.0,8,0,0,0,"ORBIT pos+0.06 orbit L0.23 M0.64 R0.25 tn0.66 yaw+5 pit+0 rc(8, 0, 0, 0)",0.2294,0.6431,0.2549,,
498,58027,497,,depth/000498.npy,1,127.9,232.2,-1.0,-100.0,-100.0,-100.0,-38.0,70.0,0.0,0.0,0.0,0.0,0.0,53.0,9,0,0,-5,"ORBIT pos+0.03 orbit L0.28 M0.67 R0.28 tn0.67 yaw+0 pit+0 rc(9, 0, 0, -5)",0.2783,0.6704,0.2825,,
499,58144,498,,depth/000499.npy,1,126.4,169.0,-1.0,-100.0,-100.0,-100.0,-38.0,70.0,0.0,0.0,0.0,0.0,0.0,53.0,9,0,0,-5,"ORBIT pos+0.01 orbit L0.28 M0.67 R0.28 tn0.68 yaw+0 pit+0 rc(9, 0, 0, -5)",0.2942,0.6704,0.2744,,
500,58259,499,,depth/000500.npy,1,120.7,190.7,-1.0,-100.0,-100.0,-100.0,-38.0,70.0,0.0,0.0,0.0,0.0,0.0,53.0,9,0,0,-5,"ORBIT pos-0.02 orbit L0.29 M0.67 R0.27 tn0.70 yaw+0 pit+0 rc(9, 0, 0, -5)",0.2744,0.6665,0.2588,,
501,58384,500,,depth/000501.npy,1,121.9,255.1,-1.0,-100.0,-100.0,-100.0,-38.0,70.0,0.0,0.0,0.0,0.0,0.0,53.0,8,0,0,-5,"ORBIT pos-0.04 orbit L0.28 M0.67 R0.26 tn0.71 yaw+0 pit+0 rc(8, 0, 0, -5)",0.2783,0.6665,0.2588,,
502,58499,501,,depth/000501.npy,1,121.9,372.6,-1.0,-100.0,-100.0,-100.0,-38.0,70.0,0.0,0.0,0.0,0.0,0.0,53.0,8,0,0,-5,"ORBIT pos-0.05 orbit L0.28 M0.67 R0.26 tn0.71 yaw+0 pit+0 rc(8, 0, 0, -5)",0.2783,0.6665,0.2588,,
503,58617,502,,depth/000503.npy,1,146.2,318.9,-1.0,-100.0,-100.0,-100.0,-39.0,70.0,0.0,0.0,0.0,0.0,0.0,53.0,8,0,0,-10,"ORBIT pos-0.06 orbit L0.28 M0.65 R0.25 tn0.71 yaw-5 pit+0 rc(8, 0, 0, -10)",0.2825,0.6509,0.2471,,
504,58741,503,,depth/000504.npy,1,134.9,279.8,-1.0,-100.0,-100.0,-100.0,-39.0,70.0,0.0,0.0,0.0,0.0,0.0,53.0,7,0,0,-9,"ORBIT pos-0.07 orbit L0.29 M0.65 R0.26 tn0.71 yaw-5 pit+0 rc(7, 0, 0, -9)",0.2883,0.647,0.2588,,
505,58867,504,,depth/000505.npy,1,116.3,270.3,-1.0,-100.0,-100.0,-100.0,-40.0,70.0,0.0,0.0,0.0,0.0,0.0,53.0,7,0,0,-10,"ORBIT pos-0.07 orbit L0.28 M0.65 R0.25 tn0.71 yaw-6 pit+0 rc(7, 0, 0, -10)",0.2825,0.645,0.251,,
506,58992,505,,depth/000506.npy,1,125.3,264.0,-1.0,-100.0,-100.0,-100.0,-40.0,70.0,0.0,0.0,0.0,0.0,0.0,53.0,7,0,0,-10,"ORBIT pos-0.08 orbit L0.29 M0.64 R0.26 tn0.70 yaw-6 pit+0 rc(7, 0, 0, -10)",0.2942,0.6431,0.2588,,
507,59110,506,,depth/000507.npy,1,120.8,312.1,-1.0,-100.0,-100.0,-100.0,-41.0,70.0,0.0,0.0,0.0,0.0,0.0,53.0,7,0,0,-11,"ORBIT pos-0.08 orbit L0.30 M0.64 R0.25 tn0.70 yaw-7 pit+0 rc(7, 0, 0, -11)",0.2961,0.6392,0.2549,,
508,59224,507,,depth/000508.npy,1,120.4,256.5,-1.0,-100.0,-100.0,-100.0,-43.0,70.0,0.0,0.0,0.0,0.0,0.0,53.0,7,0,0,-11,"ORBIT pos-0.09 orbit L0.29 M0.64 R0.26 tn0.70 yaw-7 pit+0 rc(7, 0, 0, -11)",0.2903,0.6372,0.2588,,
509,59349,508,,depth/000509.npy,1,124.5,282.4,-1.0,-100.0,-100.0,-100.0,-43.0,70.0,0.0,0.0,0.0,0.0,0.0,53.0,7,0,0,-11,"ORBIT pos-0.08 orbit L0.29 M0.65 R0.27 tn0.70 yaw-7 pit+0 rc(7, 0, 0, -11)",0.2903,0.6548,0.2705,,
510,59475,509,,depth/000510.npy,1,120.6,279.1,-1.0,-100.0,-100.0,-100.0,-44.0,70.0,0.0,0.0,0.0,0.0,0.0,53.0,7,0,0,-10,"ORBIT pos-0.08 orbit L0.28 M0.65 R0.28 tn0.71 yaw-6 pit+0 rc(7, 0, 0, -10)",0.2783,0.6548,0.2783,,
511,59591,510,,depth/000511.npy,1,117.6,291.6,-1.0,-100.0,-100.0,-100.0,-45.0,70.0,0.0,0.0,0.0,0.0,0.0,53.0,7,0,0,-10,"ORBIT pos-0.07 orbit L0.28 M0.65 R0.29 tn0.71 yaw-6 pit+0 rc(7, 0, 0, -10)",0.2765,0.647,0.2864,,
512,59716,511,,depth/000512.npy,1,122.9,258.1,-1.0,-100.0,-100.0,-100.0,-46.0,70.0,0.0,0.0,0.0,0.0,0.0,53.0,8,0,0,-9,"ORBIT pos-0.05 orbit L0.27 M0.64 R0.30 tn0.71 yaw-4 pit+0 rc(8, 0, 0, -9)",0.2725,0.6392,0.302,,
513,59834,512,,depth/000513.npy,1,122.7,272.3,-1.0,-100.0,-100.0,-100.0,-46.0,70.0,0.0,0.0,0.0,0.0,0.0,53.0,8,0,0,-5,"ORBIT pos-0.04 orbit L0.28 M0.64 R0.31 tn0.71 yaw+0 pit+0 rc(8, 0, 0, -5)",0.2784,0.6353,0.3079,,
514,59949,513,,depth/000514.npy,1,120.5,250.1,-1.0,-100.0,-100.0,-100.0,-46.0,70.0,0.0,0.0,0.0,0.0,0.0,53.0,9,0,0,-5,"ORBIT pos-0.02 orbit L0.28 M0.63 R0.31 tn0.70 yaw+0 pit+0 rc(9, 0, 0, -5)",0.2843,0.6274,0.3137,,
515,60073,514,,depth/000515.npy,1,120.7,274.7,-1.0,-100.0,-100.0,-100.0,-47.0,70.0,0.0,0.0,0.0,0.0,0.0,53.0,10,0,0,-6,"ORBIT pos-0.01 orbit L0.28 M0.62 R0.31 tn0.70 yaw+0 pit+0 rc(10, 0, 0, -6)",0.2765,0.6196,0.3098,,
516,60189,515,,depth/000516.npy,1,124.2,256.1,-1.0,-100.0,-100.0,-100.0,-47.0,70.0,0.0,0.0,0.0,0.0,0.0,53.0,9,0,0,-5,"ORBIT pos+0.01 orbit L0.28 M0.62 R0.31 tn0.69 yaw+0 pit+0 rc(9, 0, 0, -5)",0.2804,0.6235,0.3137,,
517,60313,516,,depth/000517.npy,1,129.2,217.7,-1.0,-100.0,-100.0,-100.0,-47.0,70.0,0.0,0.0,0.0,0.0,0.0,53.0,9,0,0,-5,"ORBIT pos+0.02 orbit L0.28 M0.61 R0.31 tn0.69 yaw+0 pit+0 rc(9, 0, 0, -5)",0.2765,0.6118,0.3098,,
518,60429,517,,depth/000518.npy,1,119.6,232.4,-1.0,-100.0,-100.0,-100.0,-47.0,70.0,0.0,0.0,0.0,0.0,0.0,53.0,9,0,0,-5,"ORBIT pos+0.03 orbit L0.28 M0.62 R0.31 tn0.69 yaw+0 pit+0 rc(9, 0, 0, -5)",0.2823,0.6157,0.3137,,
519,60545,518,,depth/000519.npy,1,123.3,204.8,-1.0,-100.0,-100.0,-100.0,-46.0,70.0,0.0,0.0,0.0,0.0,0.0,53.0,9,0,0,-5,"ORBIT pos+0.03 orbit L0.29 M0.63 R0.32 tn0.69 yaw+0 pit+0 rc(9, 0, 0, -5)",0.2922,0.6274,0.3215,,
520,60660,519,,depth/000520.npy,1,123.7,231.8,-1.0,-100.0,-100.0,-100.0,-46.0,70.0,0.0,0.0,0.0,0.0,0.0,53.0,9,0,0,-5,"ORBIT pos+0.03 orbit L0.28 M0.64 R0.31 tn0.70 yaw+0 pit+0 rc(9, 0, 0, -5)",0.2804,0.6353,0.3137,,
521,60776,520,,depth/000521.npy,1,127.6,243.3,-1.0,-100.0,-100.0,-100.0,-46.0,70.0,0.0,0.0,0.0,0.0,0.0,53.0,9,0,0,-5,"ORBIT pos+0.03 orbit L0.28 M0.64 R0.31 tn0.70 yaw+0 pit+0 rc(9, 0, 0, -5)",0.2804,0.6313,0.3059,,
522,60894,521,,depth/000522.npy,1,121.9,260.6,-1.0,-100.0,-100.0,-100.0,-45.0,70.0,0.0,0.0,0.0,0.0,0.0,53.0,9,0,0,-5,"ORBIT pos+0.03 orbit L0.27 M0.63 R0.30 tn0.70 yaw+0 pit+0 rc(9, 0, 0, -5)",0.2705,0.6313,0.2981,,
523,61019,522,,depth/000523.npy,1,119.1,206.6,-1.0,-100.0,-100.0,-100.0,-45.0,70.0,0.0,0.0,0.0,0.0,0.0,53.0,9,0,0,-5,"ORBIT pos+0.02 orbit L0.26 M0.63 R0.29 tn0.70 yaw+0 pit+0 rc(9, 0, 0, -5)",0.2607,0.6313,0.2864,,
524,61135,523,,depth/000524.npy,1,132.2,204.4,-1.0,-100.0,-100.0,-100.0,-45.0,70.0,0.0,0.0,0.0,0.0,0.0,53.0,9,0,0,-5,"ORBIT pos+0.02 orbit L0.26 M0.63 R0.29 tn0.70 yaw+0 pit+0 rc(9, 0, 0, -5)",0.2627,0.6313,0.2783,,
525,61250,524,,depth/000525.npy,1,127.0,182.6,-1.0,-100.0,-100.0,-100.0,-45.0,70.0,0.0,0.0,0.0,0.0,0.0,53.0,10,0,0,-6,"ORBIT pos+0.01 orbit L0.26 M0.63 R0.28 tn0.69 yaw+0 pit+0 rc(10, 0, 0, -6)",0.2646,0.6353,0.2825,,
526,61364,525,,depth/000526.npy,1,120.1,165.9,-1.0,-100.0,-100.0,-100.0,-45.0,70.0,0.0,0.0,0.0,0.0,0.0,53.0,10,0,0,-6,"ORBIT pos+0.00 orbit L0.26 M0.64 R0.28 tn0.69 yaw+0 pit+0 rc(10, 0, 0, -6)",0.2568,0.6372,0.2705,,
527,61486,526,,depth/000526.npy,1,120.1,289.7,-1.0,-100.0,-100.0,-100.0,-45.0,70.0,0.0,0.0,0.0,0.0,0.0,53.0,10,0,0,-6,"ORBIT pos-0.01 orbit L0.26 M0.64 R0.27 tn0.70 yaw+0 pit+0 rc(10, 0, 0, -6)",0.2568,0.6372,0.2705,,
528,61602,527,,depth/000528.npy,1,153.3,302.4,-1.0,-100.0,-100.0,-100.0,-45.0,70.0,0.0,0.0,0.0,0.0,0.0,53.0,10,0,0,-6,"ORBIT pos-0.01 orbit L0.25 M0.64 R0.26 tn0.70 yaw+0 pit+0 rc(10, 0, 0, -6)",0.251,0.6392,0.2627,,
529,61718,528,,depth/000529.npy,1,115.9,251.7,-1.0,-100.0,-100.0,-100.0,-45.0,70.0,0.0,0.0,0.0,0.0,0.0,53.0,9,0,0,-5,"ORBIT pos-0.03 orbit L0.26 M0.64 R0.25 tn0.69 yaw+0 pit+0 rc(9, 0, 0, -5)",0.2627,0.6372,0.2549,,
530,61842,529,,depth/000530.npy,1,128.2,263.7,-1.0,-100.0,-100.0,-100.0,-45.0,70.0,0.0,0.0,0.0,0.0,0.0,53.0,9,0,0,-5,"ORBIT pos-0.03 orbit L0.26 M0.64 R0.25 tn0.69 yaw+0 pit+0 rc(9, 0, 0, -5)",0.2627,0.6353,0.251,,
531,61959,530,,depth/000531.npy,1,120.0,264.5,-1.0,-100.0,-100.0,-100.0,-46.0,70.0,0.0,0.0,0.0,0.0,0.0,53.0,8,0,0,-5,"ORBIT pos-0.05 orbit L0.28 M0.64 R0.27 tn0.69 yaw+0 pit+0 rc(8, 0, 0, -5)",0.2825,0.6431,0.2666,,
532,62077,531,,depth/000532.npy,1,122.8,249.0,-1.0,-100.0,-100.0,-100.0,-46.0,70.0,0.0,0.0,0.0,0.0,0.0,52.0,8,0,0,-9,"ORBIT pos-0.05 orbit L0.28 M0.63 R0.25 tn0.69 yaw-4 pit+0 rc(8, 0, 0, -9)",0.2825,0.6313,0.2549,,
533,62192,532,,depth/000533.npy,1,130.3,260.0,-1.0,-100.0,-100.0,-100.0,-46.0,70.0,0.0,0.0,0.0,0.0,0.0,52.0,7,0,0,-9,"ORBIT pos-0.07 orbit L0.29 M0.63 R0.27 tn0.70 yaw-5 pit+0 rc(7, 0, 0, -9)",0.2942,0.6313,0.2666,,
534,62317,533,,depth/000534.npy,1,119.7,250.3,-1.0,-100.0,-100.0,-100.0,-47.0,70.0,0.0,0.0,0.0,0.0,0.0,52.0,7,0,0,-10,"ORBIT pos-0.08 orbit L0.29 M0.63 R0.26 tn0.70 yaw-6 pit+0 rc(7, 0, 0, -10)",0.2903,0.6313,0.2588,,
535,62441,534,,depth/000535.npy,1,126.9,279.9,-1.0,-100.0,-100.0,-100.0,-48.0,70.0,0.0,0.0,0.0,0.0,0.0,52.0,6,0,0,-11,"ORBIT pos-0.09 orbit L0.31 M0.64 R0.27 tn0.70 yaw-7 pit+0 rc(6, 0, 0, -11)",0.3137,0.6353,0.2686,,
536,62559,535,,depth/000536.npy,1,121.5,249.1,-1.0,-100.0,-100.0,-100.0,-48.0,70.0,0.0,0.0,0.0,0.0,0.0,52.0,6,0,0,-12,"ORBIT pos-0.10 orbit L0.30 M0.62 R0.25 tn0.70 yaw-8 pit+0 rc(6, 0, 0, -12)",0.302,0.6157,0.2529,,
537,62673,536,,depth/000537.npy,1,122.0,203.7,-1.0,-100.0,-100.0,-100.0,-49.0,70.0,0.0,0.0,0.0,0.0,0.0,52.0,6,0,0,-12,"ORBIT pos-0.10 orbit L0.29 M0.63 R0.25 tn0.70 yaw-8 pit+0 rc(6, 0, 0, -12)",0.2942,0.6313,0.2549,,
538,62799,537,,depth/000538.npy,1,122.7,233.8,-1.0,-100.0,-100.0,-100.0,-50.0,70.0,0.0,0.0,0.0,0.0,0.0,52.0,6,0,0,-12,"ORBIT pos-0.10 orbit L0.28 M0.64 R0.25 tn0.70 yaw-8 pit+0 rc(6, 0, 0, -12)",0.2783,0.6353,0.251,,
539,62913,538,,depth/000539.npy,1,119.6,246.9,-1.0,-100.0,-100.0,-100.0,-51.0,70.0,0.0,0.0,0.0,0.0,0.0,52.0,6,0,0,-12,"ORBIT pos-0.10 orbit L0.27 M0.63 R0.24 tn0.69 yaw-8 pit+0 rc(6, 0, 0, -12)",0.2744,0.6313,0.2432,,
540,63030,539,,depth/000540.npy,1,123.9,231.2,-1.0,-100.0,-100.0,-100.0,-51.0,70.0,0.0,0.0,0.0,0.0,0.0,52.0,6,0,0,-12,"ORBIT pos-0.10 orbit L0.27 M0.63 R0.24 tn0.69 yaw-8 pit+0 rc(6, 0, 0, -12)",0.2549,0.6431,0.2549,,
541,63145,540,,depth/000541.npy,1,125.9,211.8,-1.0,-100.0,-100.0,-100.0,-53.0,70.0,0.0,0.0,0.0,0.0,0.0,52.0,7,0,0,-10,"ORBIT pos-0.08 orbit L0.24 M0.64 R0.26 tn0.69 yaw-6 pit+0 rc(7, 0, 0, -10)",0.2372,0.6353,0.2588,,
542,63265,541,,depth/000542.npy,1,124.3,196.8,-1.0,-100.0,-100.0,-100.0,-53.0,70.0,0.0,0.0,0.0,0.0,0.0,52.0,7,0,0,-9,"ORBIT pos-0.07 orbit L0.24 M0.64 R0.26 tn0.70 yaw-5 pit+0 rc(7, 0, 0, -9)",0.2471,0.6431,0.2744,,
543,63391,542,,depth/000543.npy,1,120.6,209.9,-1.0,-100.0,-100.0,-100.0,-54.0,70.0,0.0,0.0,0.0,0.0,0.0,52.0,8,0,0,-5,"ORBIT pos-0.04 orbit L0.26 M0.64 R0.29 tn0.70 yaw+0 pit+0 rc(8, 0, 0, -5)",0.2568,0.6431,0.2942,,
544,63508,543,,depth/000544.npy,1,118.4,198.9,-1.0,-100.0,-100.0,-100.0,-54.0,70.0,0.0,0.0,0.0,0.0,0.0,52.0,9,0,0,-5,"ORBIT pos-0.03 orbit L0.26 M0.64 R0.29 tn0.70 yaw+0 pit+0 rc(9, 0, 0, -5)",0.249,0.6313,0.3059,,
545,63622,544,,depth/000545.npy,1,125.5,190.7,-1.0,-100.0,-100.0,-100.0,-55.0,70.0,0.0,0.0,0.0,0.0,0.0,52.0,10,0,0,-6,"ORBIT pos-0.00 orbit L0.26 M0.63 R0.32 tn0.71 yaw+0 pit+0 rc(10, 0, 0, -6)",0.2568,0.6294,0.3176,,
546,63745,545,,depth/000546.npy,1,120.6,178.9,-1.0,-100.0,-100.0,-100.0,-55.0,70.0,0.0,0.0,0.0,0.0,0.0,52.0,10,0,0,-6,"ORBIT pos+0.01 orbit L0.26 M0.63 R0.32 tn0.72 yaw+0 pit+0 rc(10, 0, 0, -6)",0.2607,0.6196,0.3274,,
547,63870,546,,depth/000547.npy,1,120.3,209.1,-1.0,-100.0,-100.0,-100.0,-55.0,70.0,0.0,0.0,0.0,0.0,0.0,52.0,9,0,0,-5,"ORBIT pos+0.03 orbit L0.27 M0.61 R0.34 tn0.71 yaw+0 pit+0 rc(9, 0, 0, -5)",0.2686,0.6118,0.3391,,
548,63987,547,,depth/000548.npy,1,122.7,190.8,-1.0,-100.0,-100.0,-100.0,-55.0,70.0,0.0,0.0,0.0,0.0,0.0,52.0,8,0,0,-5,"ORBIT pos+0.04 orbit L0.27 M0.61 R0.34 tn0.71 yaw+0 pit+0 rc(8, 0, 0, -5)",0.2646,0.6099,0.3293,,
549,64111,548,,depth/000549.npy,1,118.8,180.3,-1.0,-100.0,-100.0,-100.0,-55.0,70.0,0.0,0.0,0.0,0.0,0.0,52.0,8,0,0,-5,"ORBIT pos+0.05 orbit L0.27 M0.62 R0.33 tn0.71 yaw+0 pit+0 rc(8, 0, 0, -5)",0.2686,0.6177,0.3293,,
550,64236,549,,depth/000550.npy,1,124.6,171.4,-1.0,-100.0,-100.0,-100.0,-55.0,70.0,0.0,0.0,0.0,0.0,0.0,52.0,8,0,0,-1,"ORBIT pos+0.05 orbit L0.27 M0.62 R0.33 tn0.70 yaw+4 pit+0 rc(8, 0, 0, -1)",0.2646,0.6235,0.3215,,
551,64351,550,,depth/000551.npy,1,125.3,185.5,-1.0,-100.0,-100.0,-100.0,-55.0,70.0,0.0,0.0,0.0,0.0,0.0,52.0,8,0,0,-1,"ORBIT pos+0.05 orbit L0.27 M0.63 R0.33 tn0.70 yaw+4 pit+0 rc(8, 0, 0, -1)",0.2686,0.6274,0.3254,,
552,64465,551,,depth/000552.npy,1,119.8,168.2,-1.0,-100.0,-100.0,-100.0,-55.0,70.0,0.0,0.0,0.0,0.0,0.0,52.0,8,0,0,-1,"ORBIT pos+0.05 orbit L0.27 M0.63 R0.33 tn0.69 yaw+4 pit+0 rc(8, 0, 0, -1)",0.2705,0.647,0.3293,,
553,64580,552,,depth/000553.npy,1,123.3,184.1,-1.0,-100.0,-100.0,-100.0,-55.0,70.0,0.0,0.0,0.0,0.0,0.0,52.0,8,0,0,-5,"ORBIT pos+0.05 orbit L0.27 M0.65 R0.33 tn0.69 yaw+0 pit+0 rc(8, 0, 0, -5)",0.2646,0.6548,0.3176,,
554,64695,553,,depth/000554.npy,1,121.0,188.8,-1.0,-100.0,-100.0,-100.0,-55.0,70.0,0.0,0.0,0.0,0.0,0.0,52.0,8,0,0,-5,"ORBIT pos+0.04 orbit L0.26 M0.65 R0.32 tn0.71 yaw+0 pit+0 rc(8, 0, 0, -5)",0.2804,0.6587,0.3176,,
555,64811,554,,depth/000555.npy,1,122.5,179.1,-1.0,-100.0,-100.0,-100.0,-55.0,70.0,0.0,0.0,0.0,0.0,0.0,52.0,9,0,0,-5,"ORBIT pos+0.03 orbit L0.28 M0.66 R0.32 tn0.72 yaw+0 pit+0 rc(9, 0, 0, -5)",0.2843,0.6704,0.3215,,
556,64936,555,,depth/000556.npy,1,122.1,140.5,-1.0,-100.0,-100.0,-100.0,-55.0,70.0,0.0,0.0,0.0,0.0,0.0,52.0,9,0,0,-5,"ORBIT pos+0.03 orbit L0.28 M0.67 R0.32 tn0.72 yaw+0 pit+0 rc(9, 0, 0, -5)",0.2745,0.6704,0.3098,,
557,65051,556,,depth/000556.npy,1,122.1,254.7,-1.0,-100.0,-100.0,-100.0,-56.0,70.0,0.0,0.0,0.0,0.0,0.0,52.0,9,0,0,-5,"ORBIT pos+0.02 orbit L0.27 M0.67 R0.31 tn0.72 yaw+0 pit+0 rc(9, 0, 0, -5)",0.2745,0.6704,0.3098,,
558,65176,557,,depth/000558.npy,1,117.5,180.4,-1.0,-100.0,-100.0,-100.0,-55.0,70.0,0.0,0.0,0.0,0.0,0.0,52.0,10,0,0,-6,"ORBIT pos+0.01 orbit L0.28 M0.67 R0.31 tn0.72 yaw+0 pit+0 rc(10, 0, 0, -6)",0.2823,0.686,0.3254,,
559,65294,558,,depth/000558.npy,1,117.5,295.2,-1.0,-100.0,-100.0,-100.0,-55.0,70.0,0.0,0.0,0.0,0.0,0.0,52.0,10,0,0,-6,"ORBIT pos+0.01 orbit L0.28 M0.69 R0.33 tn0.72 yaw+0 pit+0 rc(10, 0, 0, -6)",0.2823,0.686,0.3254,,
560,65419,559,,depth/000560.npy,1,135.9,318.3,-1.0,-100.0,-100.0,-100.0,-55.0,70.0,0.0,0.0,0.0,0.0,0.0,52.0,10,0,0,-6,"ORBIT pos-0.00 orbit L0.27 M0.69 R0.32 tn0.72 yaw+0 pit+0 rc(10, 0, 0, -6)",0.2744,0.6904,0.3176,,
561,65545,560,,depth/000561.npy,1,120.0,281.5,-1.0,-100.0,-100.0,-100.0,-56.0,70.0,0.0,0.0,0.0,0.0,0.0,52.0,10,0,0,-6,"ORBIT pos-0.01 orbit L0.29 M0.69 R0.32 tn0.72 yaw+0 pit+0 rc(10, 0, 0, -6)",0.2903,0.686,0.3176,,
562,65671,561,,depth/000562.npy,1,120.2,176.0,-1.0,-100.0,-100.0,-100.0,-56.0,70.0,0.0,0.0,0.0,0.0,0.0,52.0,10,0,0,-6,"ORBIT pos-0.01 orbit L0.29 M0.70 R0.32 tn0.72 yaw+0 pit+0 rc(10, 0, 0, -6)",0.2942,0.6943,0.3176,,
563,65789,562,,depth/000563.npy,1,120.8,192.5,-1.0,-100.0,-100.0,-100.0,-56.0,70.0,0.0,0.0,0.0,0.0,0.0,52.0,9,0,0,-5,"ORBIT pos-0.02 orbit L0.29 M0.69 R0.32 tn0.72 yaw+0 pit+0 rc(9, 0, 0, -5)",0.302,0.6943,0.3274,,
564,65905,563,,depth/000563.npy,1,120.8,307.0,-1.0,-100.0,-100.0,-100.0,-57.0,70.0,0.0,0.0,0.0,0.0,0.0,52.0,9,0,0,-5,"ORBIT pos-0.02 orbit L0.30 M0.69 R0.33 tn0.72 yaw+0 pit+0 rc(9, 0, 0, -5)",0.302,0.6943,0.3274,,
565,66020,564,,depth/000565.npy,1,121.1,351.2,-1.0,-100.0,-100.0,-100.0,-57.0,70.0,0.0,0.0,0.0,0.0,0.0,52.0,9,0,0,-5,"ORBIT pos-0.03 orbit L0.29 M0.69 R0.33 tn0.72 yaw+0 pit+0 rc(9, 0, 0, -5)",0.2883,0.686,0.3293,,
566,66144,565,,depth/000566.npy,1,124.7,250.2,-1.0,-100.0,-100.0,-100.0,-58.0,70.0,0.0,0.0,0.0,0.0,0.0,52.0,9,0,0,-5,"ORBIT pos-0.03 orbit L0.29 M0.68 R0.32 tn0.72 yaw+0 pit+0 rc(9, 0, 0, -5)",0.2903,0.6782,0.3215,,
567,66263,566,,depth/000567.npy,1,122.3,251.2,-1.0,-100.0,-100.0,-100.0,-58.0,70.0,0.0,0.0,0.0,0.0,0.0,52.0,9,0,0,-5,"ORBIT pos-0.02 orbit L0.29 M0.68 R0.34 tn0.72 yaw+0 pit+0 rc(9, 0, 0, -5)",0.2922,0.6821,0.3372,,
568,66376,567,,depth/000568.npy,1,120.8,244.4,-1.0,-100.0,-100.0,-100.0,-57.0,70.0,0.0,0.0,0.0,0.0,0.0,52.0,9,0,0,-5,"ORBIT pos-0.02 orbit L0.29 M0.68 R0.34 tn0.72 yaw+0 pit+0 rc(9, 0, 0, -5)",0.2942,0.6821,0.3411,,
569,66501,568,,depth/000569.npy,1,124.6,268.3,-1.0,-100.0,-100.0,-100.0,-57.0,70.0,0.0,0.0,0.0,0.0,0.0,52.0,10,0,0,-6,"ORBIT pos-0.01 orbit L0.30 M0.68 R0.34 tn0.72 yaw+0 pit+0 rc(10, 0, 0, -6)",0.2981,0.6782,0.3411,,
570,66624,569,,depth/000570.npy,1,132.2,319.1,-1.0,-100.0,-100.0,-100.0,-56.0,70.0,0.0,0.0,0.0,0.0,0.0,52.0,10,0,0,-6,"ORBIT pos-0.01 orbit L0.29 M0.66 R0.33 tn0.72 yaw+0 pit+0 rc(10, 0, 0, -6)",0.2942,0.6646,0.3333,,
571,66742,570,,depth/000571.npy,1,124.0,281.1,-1.0,-100.0,-100.0,-100.0,-56.0,70.0,0.0,0.0,0.0,0.0,0.0,52.0,10,0,0,-6,"ORBIT pos-0.01 orbit L0.29 M0.66 R0.33 tn0.71 yaw+0 pit+0 rc(10, 0, 0, -6)",0.2883,0.6646,0.3293,,
572,66867,571,,depth/000572.npy,1,124.3,269.2,-1.0,-100.0,-100.0,-100.0,-55.0,70.0,0.0,0.0,0.0,0.0,0.0,52.0,9,0,0,-5,"ORBIT pos-0.02 orbit L0.30 M0.67 R0.34 tn0.70 yaw+0 pit+0 rc(9, 0, 0, -5)",0.3,0.6665,0.3372,,
573,66992,572,,depth/000573.npy,1,119.2,259.0,-1.0,-100.0,-100.0,-100.0,-54.0,70.0,0.0,0.0,0.0,0.0,0.0,52.0,9,0,0,-5,"ORBIT pos-0.02 orbit L0.29 M0.67 R0.32 tn0.70 yaw+0 pit+0 rc(9, 0, 0, -5)",0.2942,0.6704,0.3176,,
574,67117,573,,depth/000574.npy,1,118.5,288.9,-1.0,-100.0,-100.0,-100.0,-54.0,70.0,0.0,0.0,0.0,0.0,0.0,52.0,9,0,0,-5,"ORBIT pos-0.03 orbit L0.29 M0.68 R0.29 tn0.70 yaw+0 pit+0 rc(9, 0, 0, -5)",0.2864,0.6782,0.2903,,
575,67234,574,,depth/000575.npy,1,121.7,266.7,-1.0,-100.0,-100.0,-100.0,-54.0,70.0,0.0,0.0,0.0,0.0,0.0,52.0,8,0,0,-5,"ORBIT pos-0.04 orbit L0.32 M0.66 R0.29 tn0.69 yaw+0 pit+0 rc(8, 0, 0, -5)",0.3215,0.6567,0.2864,,
576,67349,575,,depth/000576.npy,1,122.1,251.1,-1.0,-100.0,-100.0,-100.0,-54.0,70.0,0.0,0.0,0.0,0.0,0.0,52.0,7,0,0,-9,"ORBIT pos-0.06 orbit L0.35 M0.67 R0.29 tn0.69 yaw-5 pit+0 rc(7, 0, 0, -9)",0.353,0.6743,0.2942,,
577,67473,576,,depth/000577.npy,1,121.8,308.4,-1.0,-100.0,-100.0,-100.0,-54.0,70.0,0.0,0.0,0.0,0.0,0.0,52.0,7,0,0,-10,"ORBIT pos-0.08 orbit L0.35 M0.64 R0.29 tn0.68 yaw-6 pit+0 rc(7, 0, 0, -10)",0.353,0.6431,0.2864,,
578,67587,577,,depth/000578.npy,1,119.5,283.3,-1.0,-100.0,-100.0,-100.0,-54.0,70.0,0.0,0.0,0.0,0.0,0.0,52.0,6,0,0,-12,"ORBIT pos-0.11 orbit L0.36 M0.64 R0.27 tn0.68 yaw-8 pit+0 rc(6, 0, 0, -12)",0.3569,0.6372,0.2744,,
579,67704,578,,depth/000579.npy,1,123.8,240.9,-1.0,-100.0,-100.0,-100.0,-54.0,70.0,0.0,0.0,0.0,0.0,0.0,52.0,5,0,0,-13,"ORBIT pos-0.12 orbit L0.40 M0.64 R0.31 tn0.69 yaw-10 pit+0 rc(5, 0, 0, -13)",0.396,0.6392,0.3098,,
580,67819,579,,depth/000580.npy,1,123.9,221.2,-1.0,-100.0,-100.0,-100.0,-54.0,70.0,0.0,0.0,0.0,0.0,0.0,52.0,4,0,0,-14,"ORBIT pos-0.15 orbit L0.40 M0.61 R0.29 tn0.69 yaw-12 pit+0 rc(4, 0, 0, -14)",0.396,0.6118,0.2903,,
581,67944,580,,depth/000581.npy,1,120.5,212.3,-1.0,-100.0,-100.0,-100.0,-55.0,70.0,0.0,0.0,0.0,0.0,0.0,52.0,4,0,0,-15,"ORBIT pos-0.16 orbit L0.40 M0.60 R0.29 tn0.69 yaw-13 pit+0 rc(4, 0, 0, -15)",0.3999,0.6001,0.2864,,
582,68059,581,,depth/000582.npy,1,118.5,230.3,-1.0,-100.0,-100.0,-100.0,-55.0,70.0,0.0,0.0,0.0,0.0,0.0,52.0,3,0,0,-17,"ORBIT pos-0.18 orbit L0.41 M0.59 R0.28 tn0.70 yaw-15 pit+0 rc(3, 0, 0, -17)",0.4119,0.5923,0.2844,,
583,68172,582,,depth/000583.npy,1,124.4,274.3,-1.0,-100.0,-100.0,-100.0,-56.0,70.0,0.0,0.0,0.0,0.0,0.0,52.0,2,0,0,-16,"ORBIT pos-0.19 orbit L0.41 M0.59 R0.28 tn0.70 yaw-15 pit+0 rc(2, 0, 0, -16)",0.4197,0.5923,0.2864,,
584,68297,583,,depth/000584.npy,1,126.6,277.2,-1.0,-100.0,-100.0,-100.0,-57.0,70.0,0.0,0.0,0.0,0.0,0.0,52.0,2,0,0,-17,"ORBIT pos-0.21 orbit L0.42 M0.58 R0.27 tn0.70 yaw-16 pit+0 rc(2, 0, 0, -17)",0.4236,0.5845,0.2744,,
585,68423,584,,depth/000585.npy,1,118.8,260.0,-1.0,-100.0,-100.0,-100.0,-58.0,70.0,0.0,0.0,0.0,0.0,0.0,52.0,1,0,0,-18,"ORBIT pos-0.22 orbit L0.41 M0.60 R0.29 tn0.70 yaw-17 pit+0 rc(1, 0, 0, -18)",0.408,0.6001,0.2903,,
586,68539,585,,depth/000586.npy,1,115.3,231.3,-1.0,-100.0,-100.0,-100.0,-59.0,70.0,0.0,0.0,0.0,0.0,0.0,52.0,2,0,0,-18,"ORBIT pos-0.21 orbit L0.36 M0.64 R0.28 tn0.70 yaw-17 pit+0 rc(2, 0, 0, -18)",0.3569,0.6372,0.2783,,
587,68653,586,,depth/000587.npy,1,131.1,222.5,-1.0,-100.0,-100.0,-100.0,-60.0,70.0,0.0,0.0,0.0,0.0,0.0,52.0,2,0,0,-17,"ORBIT pos-0.20 orbit L0.37 M0.68 R0.30 tn0.71 yaw-16 pit+0 rc(2, 0, 0, -17)",0.3687,0.6802,0.302,,
588,68770,587,,depth/000588.npy,1,131.4,205.8,-1.0,-100.0,-100.0,-100.0,-60.0,70.0,0.0,0.0,0.0,0.0,0.0,52.0,2,0,0,-16,"ORBIT pos-0.19 orbit L0.37 M0.68 R0.30 tn0.72 yaw-15 pit+0 rc(2, 0, 0, -16)",0.3569,0.6943,0.3372,,
589,68884,588,,depth/000588.npy,1,131.4,323.6,-1.0,-100.0,-100.0,-100.0,-62.0,70.0,0.0,0.0,0.0,0.0,0.0,52.0,3,0,0,-15,"ORBIT pos-0.17 orbit L0.36 M0.69 R0.34 tn0.73 yaw-13 pit+0 rc(3, 0, 0, -15)",0.3569,0.6943,0.3372,,
590,69001,589,,depth/000590.npy,1,149.0,326.4,-1.0,-100.0,-100.0,-100.0,-63.0,70.0,0.0,0.0,0.0,0.0,0.0,52.0,4,0,0,-14,"ORBIT pos-0.15 orbit L0.34 M0.69 R0.35 tn0.73 yaw-12 pit+0 rc(4, 0, 0, -14)",0.3411,0.6943,0.3491,,
591,69116,590,,depth/000591.npy,1,120.3,284.2,-1.0,-100.0,-100.0,-100.0,-64.0,70.0,0.0,0.0,0.0,0.0,0.0,52.0,5,0,0,-12,"ORBIT pos-0.12 orbit L0.31 M0.67 R0.35 tn0.72 yaw-9 pit+0 rc(5, 0, 0, -12)",0.3137,0.6704,0.3491,,
592,69242,591,,depth/000592.npy,1,121.9,277.8,-1.0,-100.0,-100.0,-100.0,-64.0,70.0,0.0,0.0,0.0,0.0,0.0,52.0,7,0,0,-10,"ORBIT pos-0.08 orbit L0.29 M0.66 R0.34 tn0.71 yaw-6 pit+0 rc(7, 0, 0, -10)",0.2883,0.6626,0.3411,,
593,69366,592,,depth/000593.npy,1,118.4,273.0,-1.0,-100.0,-100.0,-100.0,-65.0,70.0,0.0,0.0,0.0,0.0,0.0,52.0,8,0,0,-10,"ORBIT pos-0.06 orbit L0.31 M0.67 R0.37 tn0.72 yaw-5 pit+0 rc(8, 0, 0, -10)",0.3059,0.6665,0.3706,,
594,69486,593,,depth/000594.npy,1,126.8,254.7,-1.0,-100.0,-100.0,-100.0,-65.0,70.0,0.0,0.0,0.0,0.0,0.0,52.0,9,0,0,-5,"ORBIT pos-0.02 orbit L0.28 M0.65 R0.36 tn0.71 yaw+0 pit+0 rc(9, 0, 0, -5)",0.2804,0.647,0.3608,,
595,69600,594,,depth/000595.npy,1,123.5,292.0,-1.0,-100.0,-100.0,-100.0,-66.0,70.0,0.0,0.0,0.0,0.0,0.0,52.0,10,0,0,-6,"ORBIT pos+0.00 orbit L0.28 M0.64 R0.37 tn0.71 yaw+0 pit+0 rc(10, 0, 0, -6)",0.2784,0.6372,0.3706,,
596,69714,595,,depth/000596.npy,1,121.0,250.0,-1.0,-100.0,-100.0,-100.0,-66.0,70.0,0.0,0.0,0.0,0.0,0.0,52.0,9,0,0,-5,"ORBIT pos+0.03 orbit L0.30 M0.65 R0.38 tn0.72 yaw+0 pit+0 rc(9, 0, 0, -5)",0.3,0.647,0.3843,,
597,69839,596,,depth/000597.npy,1,127.7,273.3,-1.0,-100.0,-100.0,-100.0,-66.0,70.0,0.0,0.0,0.0,0.0,0.0,52.0,8,0,0,-5,"ORBIT pos+0.05 orbit L0.30 M0.64 R0.40 tn0.72 yaw+0 pit+0 rc(8, 0, 0, -5)",0.302,0.6353,0.396,,
598,69955,597,,depth/000598.npy,1,115.4,268.2,-1.0,-100.0,-100.0,-100.0,-66.0,70.0,0.0,0.0,0.0,0.0,0.0,52.0,7,0,0,1,"ORBIT pos+0.07 orbit L0.29 M0.62 R0.38 tn0.71 yaw+5 pit+0 rc(7, 0, 0, 1)",0.2883,0.6235,0.3843,,
599,70080,598,,depth/000599.npy,1,120.6,251.4,-1.0,-100.0,-100.0,-100.0,-66.0,70.0,0.0,0.0,0.0,0.0,0.0,52.0,7,0,0,2,"ORBIT pos+0.08 orbit L0.29 M0.63 R0.39 tn0.71 yaw+6 pit+0 rc(7, 0, 0, 2)",0.2942,0.6274,0.3882,,
600,70195,599,,depth/000600.npy,1,124.7,267.0,-1.0,-100.0,-100.0,-100.0,-66.0,70.0,0.0,0.0,0.0,0.0,0.0,52.0,6,0,0,3,"ORBIT pos+0.09 orbit L0.28 M0.62 R0.38 tn0.70 yaw+7 pit+0 rc(6, 0, 0, 3)",0.2804,0.6235,0.3765,,
601,70309,600,,depth/000601.npy,1,123.1,245.9,-1.0,-100.0,-100.0,-100.0,-66.0,70.0,0.0,0.0,0.0,0.0,0.0,52.0,6,0,0,3,"ORBIT pos+0.09 orbit L0.29 M0.63 R0.38 tn0.70 yaw+7 pit+0 rc(6, 0, 0, 3)",0.2903,0.6313,0.3843,,
602,70424,601,,depth/000602.npy,1,120.9,264.1,-1.0,-100.0,-100.0,-100.0,-66.0,70.0,0.0,0.0,0.0,0.0,0.0,52.0,6,0,0,4,"ORBIT pos+0.10 orbit L0.28 M0.63 R0.38 tn0.70 yaw+8 pit+0 rc(6, 0, 0, 4)",0.2823,0.6294,0.3765,,
603,70538,602,,depth/000603.npy,1,118.9,229.9,-1.0,-100.0,-100.0,-100.0,-66.0,70.0,0.0,0.0,0.0,0.0,0.0,52.0,6,0,0,4,"ORBIT pos+0.10 orbit L0.28 M0.64 R0.37 tn0.70 yaw+8 pit+0 rc(6, 0, 0, 4)",0.2823,0.6353,0.3726,,
604,70653,603,,depth/000604.npy,1,121.0,206.3,-1.0,-100.0,-100.0,-100.0,-66.0,70.0,0.0,0.0,0.0,0.0,0.0,52.0,6,0,0,4,"ORBIT pos+0.10 orbit L0.30 M0.64 R0.37 tn0.70 yaw+8 pit+0 rc(6, 0, 0, 4)",0.2961,0.6431,0.3726,,
605,70778,604,,depth/000605.npy,1,125.1,233.3,-1.0,-100.0,-100.0,-100.0,-66.0,70.0,0.0,0.0,0.0,0.0,0.0,52.0,6,0,0,4,"ORBIT pos+0.09 orbit L0.30 M0.65 R0.38 tn0.71 yaw+8 pit+0 rc(6, 0, 0, 4)",0.302,0.647,0.3804,,
606,70903,605,,depth/000606.npy,1,119.5,228.9,-1.0,-100.0,-100.0,-100.0,-67.0,70.0,0.0,0.0,0.0,0.0,0.0,52.0,6,0,0,3,"ORBIT pos+0.09 orbit L0.29 M0.65 R0.37 tn0.71 yaw+7 pit+0 rc(6, 0, 0, 3)",0.2922,0.645,0.3726,,
607,71018,606,,depth/000607.npy,1,124.9,224.9,-1.0,-100.0,-100.0,-100.0,-67.0,70.0,0.0,0.0,0.0,0.0,0.0,52.0,6,0,0,3,"ORBIT pos+0.09 orbit L0.30 M0.65 R0.38 tn0.72 yaw+7 pit+0 rc(6, 0, 0, 3)",0.302,0.6509,0.3843,,
608,71133,607,,depth/000608.npy,1,119.2,203.3,-1.0,-100.0,-100.0,-100.0,-67.0,70.0,0.0,0.0,0.0,0.0,0.0,52.0,6,0,0,3,"ORBIT pos+0.09 orbit L0.30 M0.65 R0.38 tn0.72 yaw+7 pit+0 rc(6, 0, 0, 3)",0.2961,0.647,0.3765,,
609,71248,608,,depth/000609.npy,1,124.3,216.4,-1.0,-100.0,-100.0,-100.0,-67.0,70.0,0.0,0.0,0.0,0.0,0.0,52.0,6,0,0,3,"ORBIT pos+0.09 orbit L0.29 M0.65 R0.37 tn0.72 yaw+7 pit+0 rc(6, 0, 0, 3)",0.2864,0.6509,0.3726,,
610,71372,609,,depth/000610.npy,1,116.5,242.4,-1.0,-100.0,-100.0,-100.0,-67.0,70.0,0.0,0.0,0.0,0.0,0.0,52.0,6,0,0,3,"ORBIT pos+0.09 orbit L0.29 M0.65 R0.37 tn0.71 yaw+7 pit+0 rc(6, 0, 0, 3)",0.2903,0.647,0.3726,,
611,71495,610,,depth/000611.npy,1,126.7,217.4,-1.0,-100.0,-100.0,-100.0,-67.0,70.0,0.0,0.0,0.0,0.0,0.0,52.0,6,0,0,3,"ORBIT pos+0.09 orbit L0.29 M0.64 R0.37 tn0.71 yaw+7 pit+0 rc(6, 0, 0, 3)",0.2883,0.6431,0.3726,,
612,71612,611,,depth/000612.npy,1,153.5,244.0,-1.0,-100.0,-100.0,-100.0,-67.0,70.0,0.0,0.0,0.0,0.0,0.0,52.0,6,0,0,3,"ORBIT pos+0.09 orbit L0.29 M0.64 R0.37 tn0.71 yaw+7 pit+0 rc(6, 0, 0, 3)",0.2725,0.6431,0.3647,,
613,71727,612,,depth/000613.npy,1,120.8,199.3,-1.0,-100.0,-100.0,-100.0,-67.0,70.0,0.0,0.0,0.0,0.0,0.0,52.0,7,0,0,3,"ORBIT pos+0.09 orbit L0.27 M0.64 R0.36 tn0.72 yaw+7 pit+0 rc(7, 0, 0, 3)",0.2922,0.6392,0.3647,,
614,71852,613,,depth/000614.npy,1,121.0,187.7,-1.0,-100.0,-100.0,-100.0,-67.0,70.0,0.0,0.0,0.0,0.0,0.0,52.0,7,0,0,3,"ORBIT pos+0.08 orbit L0.29 M0.64 R0.36 tn0.71 yaw+7 pit+0 rc(7, 0, 0, 3)",0.2843,0.6353,0.3569,,
615,71966,614,,depth/000614.npy,1,123.6,305.9,-1.0,-100.0,-100.0,-100.0,-67.0,70.0,0.0,0.0,0.0,0.0,0.0,52.0,7,0,0,2,"ORBIT pos+0.08 orbit L0.28 M0.64 R0.36 tn0.70 yaw+6 pit+0 rc(7, 0, 0, 2)",0.2843,0.6353,0.3569,,
616,72083,615,,depth/000616.npy,1,123.6,284.5,-1.0,-100.0,-100.0,-100.0,-67.0,70.0,0.0,0.0,0.0,0.0,0.0,51.0,7,0,0,2,"ORBIT pos+0.08 orbit L0.28 M0.64 R0.35 tn0.70 yaw+6 pit+0 rc(7, 0, 0, 2)",0.2804,0.6431,0.353,,
617,72198,616,,depth/000617.npy,1,118.6,268.1,-1.0,-100.0,-100.0,-100.0,-67.0,70.0,0.0,0.0,0.0,0.0,0.0,51.0,7,0,0,1,"ORBIT pos+0.07 orbit L0.29 M0.65 R0.36 tn0.70 yaw+5 pit+0 rc(7, 0, 0, 1)",0.2883,0.647,0.3569,,
618,72322,617,,depth/000618.npy,1,123.6,292.9,-1.0,-100.0,-100.0,-100.0,-67.0,70.0,0.0,0.0,0.0,0.0,0.0,51.0,8,0,0,0,"ORBIT pos+0.06 orbit L0.29 M0.65 R0.36 tn0.70 yaw+5 pit+0 rc(8, 0, 0, 0)",0.2942,0.6509,0.3647,,
619,72447,618,,depth/000619.npy,1,121.9,287.5,-1.0,-100.0,-100.0,-100.0,-67.0,70.0,0.0,0.0,0.0,0.0,0.0,51.0,8,0,0,-1,"ORBIT pos+0.05 orbit L0.30 M0.65 R0.36 tn0.69 yaw+4 pit+0 rc(8, 0, 0, -1)",0.2981,0.6548,0.3628,,
620,72565,619,,depth/000620.npy,1,120.0,258.7,-1.0,-100.0,-100.0,-100.0,-67.0,70.0,0.0,0.0,0.0,0.0,0.0,51.0,8,0,0,-5,"ORBIT pos+0.05 orbit L0.29 M0.64 R0.35 tn0.69 yaw+0 pit+0 rc(8, 0, 0, -5)",0.2883,0.6353,0.3452,,
621,72679,620,,depth/000621.npy,1,124.8,251.2,-1.0,-100.0,-100.0,-100.0,-67.0,70.0,0.0,0.0,0.0,0.0,0.0,51.0,8,0,0,-5,"ORBIT pos+0.04 orbit L0.29 M0.65 R0.35 tn0.69 yaw+0 pit+0 rc(8, 0, 0, -5)",0.2903,0.647,0.3491,,
622,72803,621,,depth/000622.npy,1,118.3,272.6,-1.0,-100.0,-100.0,-100.0,-67.0,70.0,0.0,0.0,0.0,0.0,0.0,51.0,8,0,0,-5,"ORBIT pos+0.04 orbit L0.28 M0.63 R0.34 tn0.68 yaw+0 pit+0 rc(8, 0, 0, -5)",0.2843,0.6313,0.3372,,
623,72917,622,,depth/000623.npy,1,122.2,249.2,-1.0,-100.0,-100.0,-100.0,-66.0,70.0,0.0,0.0,0.0,0.0,0.0,51.0,9,0,0,-5,"ORBIT pos+0.03 orbit L0.28 M0.65 R0.33 tn0.68 yaw+0 pit+0 rc(9, 0, 0, -5)",0.2843,0.647,0.3333,,
624,73034,623,,depth/000624.npy,1,124.4,240.4,-1.0,-100.0,-100.0,-100.0,-66.0,70.0,0.0,0.0,0.0,0.0,0.0,51.0,9,0,0,-5,"ORBIT pos+0.03 orbit L0.28 M0.65 R0.33 tn0.68 yaw+0 pit+0 rc(9, 0, 0, -5)",0.2823,0.6509,0.3293,,
625,73148,624,,depth/000625.npy,1,121.4,283.6,-1.0,-100.0,-100.0,-100.0,-65.0,70.0,0.0,0.0,0.0,0.0,0.0,51.0,9,0,0,-5,"ORBIT pos+0.02 orbit L0.28 M0.65 R0.32 tn0.69 yaw+0 pit+0 rc(9, 0, 0, -5)",0.2804,0.647,0.3215,,
626,73273,625,,depth/000626.npy,1,121.9,273.9,-1.0,-100.0,-100.0,-100.0,-65.0,70.0,0.0,0.0,0.0,0.0,0.0,51.0,9,0,0,-5,"ORBIT pos+0.02 orbit L0.29 M0.65 R0.33 tn0.69 yaw+0 pit+0 rc(9, 0, 0, -5)",0.2883,0.6548,0.3254,,
627,73397,626,,depth/000627.npy,1,120.8,269.3,-1.0,-100.0,-100.0,-100.0,-65.0,70.0,0.0,0.0,0.0,0.0,0.0,51.0,10,0,0,-6,"ORBIT pos+0.01 orbit L0.29 M0.65 R0.33 tn0.69 yaw+0 pit+0 rc(10, 0, 0, -6)",0.2864,0.647,0.3254,,
628,73514,627,,depth/000628.npy,1,116.3,250.5,-1.0,-100.0,-100.0,-100.0,-65.0,70.0,0.0,0.0,0.0,0.0,0.0,51.0,10,0,0,-6,"ORBIT pos+0.00 orbit L0.29 M0.65 R0.32 tn0.68 yaw+0 pit+0 rc(10, 0, 0, -6)",0.2864,0.6509,0.3157,,
629,73628,628,,depth/000629.npy,1,130.6,257.4,-1.0,-100.0,-100.0,-100.0,-65.0,70.0,0.0,0.0,0.0,0.0,0.0,51.0,10,0,0,-6,"ORBIT pos-0.00 orbit L0.29 M0.67 R0.33 tn0.69 yaw+0 pit+0 rc(10, 0, 0, -6)",0.2942,0.6743,0.3254,,
630,73753,629,,depth/000630.npy,1,120.8,222.8,-1.0,-100.0,-100.0,-100.0,-65.0,70.0,0.0,0.0,0.0,0.0,0.0,51.0,9,0,0,-5,"ORBIT pos-0.01 orbit L0.28 M0.65 R0.30 tn0.68 yaw+0 pit+0 rc(9, 0, 0, -5)",0.2825,0.647,0.302,,
631,73877,630,,depth/000631.npy,1,118.1,216.6,-1.0,-100.0,-100.0,-100.0,-65.0,70.0,0.0,0.0,0.0,0.0,0.0,51.0,9,0,0,-5,"ORBIT pos-0.02 orbit L0.31 M0.66 R0.33 tn0.68 yaw+0 pit+0 rc(9, 0, 0, -5)",0.3098,0.6587,0.3293,,
632,73993,631,,depth/000632.npy,1,127.5,301.2,-1.0,-100.0,-100.0,-100.0,-65.0,70.0,0.0,0.0,0.0,0.0,0.0,51.0,9,0,0,-5,"ORBIT pos-0.03 orbit L0.31 M0.66 R0.33 tn0.68 yaw+0 pit+0 rc(9, 0, 0, -5)",0.3059,0.6626,0.3254,,
633,74110,632,,depth/000633.npy,1,143.6,248.6,-1.0,-100.0,-100.0,-100.0,-64.0,70.0,0.0,0.0,0.0,0.0,0.0,51.0,9,0,0,-5,"ORBIT pos-0.03 orbit L0.31 M0.66 R0.33 tn0.68 yaw+0 pit+0 rc(9, 0, 0, -5)",0.2981,0.6665,0.302,,
634,74225,633,,depth/000633.npy,1,143.6,364.9,-1.0,-100.0,-100.0,-100.0,-64.0,70.0,0.0,0.0,0.0,0.0,0.0,51.0,8,0,0,-5,"ORBIT pos-0.04 orbit L0.30 M0.67 R0.30 tn0.68 yaw+0 pit+0 rc(8, 0, 0, -5)",0.2981,0.6665,0.302,,
635,74344,634,,depth/000635.npy,1,181.3,351.4,-1.0,-100.0,-100.0,-100.0,-64.0,70.0,0.0,0.0,0.0,0.0,0.0,51.0,8,0,0,-5,"ORBIT pos-0.05 orbit L0.31 M0.66 R0.30 tn0.68 yaw+0 pit+0 rc(8, 0, 0, -5)",0.3098,0.6626,0.304,,
636,74461,635,,depth/000636.npy,1,137.3,266.3,-1.0,-100.0,-100.0,-100.0,-64.0,70.0,0.0,0.0,0.0,0.0,0.0,51.0,8,0,0,-10,"ORBIT pos-0.06 orbit L0.31 M0.65 R0.29 tn0.68 yaw-5 pit+0 rc(8, 0, 0, -10)",0.3098,0.647,0.2942,,
637,74588,636,,depth/000637.npy,1,127.3,279.5,-1.0,-100.0,-100.0,-100.0,-64.0,70.0,0.0,0.0,0.0,0.0,0.0,51.0,7,0,0,-10,"ORBIT pos-0.07 orbit L0.33 M0.64 R0.30 tn0.68 yaw-6 pit+0 rc(7, 0, 0, -10)",0.3254,0.6431,0.2981,,
638,74703,637,,depth/000638.npy,1,134.6,205.4,-1.0,-100.0,-100.0,-100.0,-65.0,70.0,0.0,0.0,0.0,0.0,0.0,51.0,7,0,0,-11,"ORBIT pos-0.09 orbit L0.34 M0.65 R0.30 tn0.68 yaw-7 pit+0 rc(7, 0, 0, -11)",0.3372,0.6548,0.302,,
639,74830,638,,depth/000639.npy,1,122.2,233.8,-1.0,-100.0,-100.0,-100.0,-65.0,70.0,0.0,0.0,0.0,0.0,0.0,51.0,6,0,0,-12,"ORBIT pos-0.09 orbit L0.34 M0.65 R0.30 tn0.68 yaw-8 pit+0 rc(6, 0, 0, -12)",0.3411,0.6509,0.3059,,
640,74948,639,,depth/000640.npy,1,131.5,229.8,-1.0,-100.0,-100.0,-100.0,-66.0,70.0,0.0,0.0,0.0,0.0,0.0,51.0,6,0,0,-13,"ORBIT pos-0.11 orbit L0.35 M0.62 R0.31 tn0.67 yaw-9 pit+0 rc(6, 0, 0, -13)",0.3491,0.6235,0.3059,,
641,75074,640,,depth/000641.npy,1,122.6,239.8,-1.0,-100.0,-100.0,-100.0,-67.0,70.0,0.0,0.0,0.0,0.0,0.0,51.0,5,0,0,-12,"ORBIT pos-0.12 orbit L0.35 M0.62 R0.30 tn0.67 yaw-9 pit+0 rc(5, 0, 0, -12)",0.3452,0.6157,0.302,,
642,75197,641,,depth/000642.npy,1,131.6,233.4,-1.0,-100.0,-100.0,-100.0,-67.0,70.0,0.0,0.0,0.0,0.0,0.0,51.0,5,0,0,-13,"ORBIT pos-0.12 orbit L0.35 M0.62 R0.30 tn0.67 yaw-10 pit+0 rc(5, 0, 0, -13)",0.3411,0.6118,0.2942,,
643,75312,642,,depth/000643.npy,1,121.0,215.8,-1.0,-100.0,-100.0,-100.0,-68.0,70.0,0.0,0.0,0.0,0.0,0.0,51.0,5,0,0,-13,"ORBIT pos-0.13 orbit L0.34 M0.62 R0.30 tn0.66 yaw-10 pit+0 rc(5, 0, 0, -13)",0.3411,0.6196,0.2981,,
644,75431,643,,depth/000643.npy,1,121.0,321.7,-1.0,-100.0,-100.0,-100.0,-70.0,70.0,0.0,0.0,0.0,0.0,0.0,51.0,5,0,0,-14,"ORBIT pos-0.13 orbit L0.34 M0.62 R0.30 tn0.66 yaw-11 pit+0 rc(5, 0, 0, -14)",0.3411,0.6196,0.2981,,
645,75547,644,,depth/000645.npy,1,192.0,347.3,-1.0,-100.0,-100.0,-100.0,-71.0,70.0,0.0,0.0,0.0,0.0,0.0,51.0,5,0,0,-14,"ORBIT pos-0.14 orbit L0.32 M0.62 R0.28 tn0.66 yaw-11 pit+0 rc(5, 0, 0, -14)",0.3176,0.6235,0.2783,,
646,75672,645,,depth/000646.npy,1,117.7,304.6,-1.0,-100.0,-100.0,-100.0,-71.0,70.0,0.0,0.0,0.0,0.0,0.0,51.0,5,0,0,-13,"ORBIT pos-0.13 orbit L0.31 M0.67 R0.31 tn0.67 yaw-10 pit+0 rc(5, 0, 0, -13)",0.3137,0.6665,0.3059,,
647,75787,646,,depth/000647.npy,1,116.5,255.3,-1.0,-100.0,-100.0,-100.0,-73.0,70.0,0.0,0.0,0.0,0.0,0.0,51.0,5,0,0,-12,"ORBIT pos-0.11 orbit L0.29 M0.65 R0.31 tn0.67 yaw-9 pit+0 rc(5, 0, 0, -12)",0.2864,0.647,0.3137,,
648,75904,647,,depth/000648.npy,1,121.1,238.9,-1.0,-100.0,-100.0,-100.0,-73.0,70.0,0.0,0.0,0.0,0.0,0.0,51.0,6,0,0,-12,"ORBIT pos-0.10 orbit L0.27 M0.61 R0.33 tn0.67 yaw-8 pit+0 rc(6, 0, 0, -12)",0.2725,0.6118,0.3254,,
649,76018,648,,depth/000649.npy,1,127.0,251.8,-1.0,-100.0,-100.0,-100.0,-74.0,70.0,0.0,0.0,0.0,0.0,0.0,51.0,7,0,0,-9,"ORBIT pos-0.06 orbit L0.28 M0.62 R0.34 tn0.66 yaw-5 pit+0 rc(7, 0, 0, -9)",0.2765,0.6157,0.3372,,
650,76144,649,,depth/000650.npy,1,121.1,212.9,-1.0,-100.0,-100.0,-100.0,-75.0,70.0,0.0,0.0,0.0,0.0,0.0,51.0,9,0,0,-5,"ORBIT pos-0.03 orbit L0.27 M0.62 R0.35 tn0.66 yaw+0 pit+0 rc(9, 0, 0, -5)",0.2725,0.6157,0.353,,
651,76268,650,,depth/000651.npy,1,120.4,238.7,-1.0,-100.0,-100.0,-100.0,-76.0,70.0,0.0,0.0,0.0,0.0,0.0,51.0,10,0,0,-6,"ORBIT pos-0.01 orbit L0.27 M0.60 R0.35 tn0.65 yaw+0 pit+0 rc(10, 0, 0, -6)",0.2666,0.604,0.353,,
652,76386,651,,depth/000652.npy,1,116.2,252.1,-1.0,-100.0,-100.0,-100.0,-76.0,70.0,0.0,0.0,0.0,0.0,0.0,51.0,9,0,0,-5,"ORBIT pos+0.03 orbit L0.28 M0.61 R0.37 tn0.65 yaw+0 pit+0 rc(9, 0, 0, -5)",0.2784,0.6079,0.3687,,
653,76511,652,,depth/000653.npy,1,132.2,313.0,-1.0,-100.0,-100.0,-100.0,-77.0,70.0,0.0,0.0,0.0,0.0,0.0,51.0,7,0,0,2,"ORBIT pos+0.07 orbit L0.27 M0.61 R0.36 tn0.65 yaw+6 pit+0 rc(7, 0, 0, 2)",0.2705,0.6118,0.3647,,
654,76636,653,,depth/000654.npy,1,121.0,272.7,-1.0,-100.0,-100.0,-100.0,-77.0,70.0,0.0,0.0,0.0,0.0,0.0,51.0,7,0,0,3,"ORBIT pos+0.09 orbit L0.26 M0.60 R0.37 tn0.66 yaw+7 pit+0 rc(7, 0, 0, 3)",0.2607,0.604,0.3687,,
655,76762,654,,depth/000655.npy,1,133.5,234.8,-1.0,-100.0,-100.0,-100.0,-77.0,70.0,0.0,0.0,0.0,0.0,0.0,51.0,5,0,0,6,"ORBIT pos+0.11 orbit L0.27 M0.61 R0.38 tn0.67 yaw+9 pit+0 rc(5, 0, 0, 6)",0.2686,0.6118,0.3804,,
656,76879,655,,depth/000656.npy,1,122.6,217.3,-1.0,-100.0,-100.0,-100.0,-77.0,70.0,0.0,0.0,0.0,0.0,0.0,51.0,5,0,0,7,"ORBIT pos+0.13 orbit L0.26 M0.61 R0.38 tn0.67 yaw+10 pit+0 rc(5, 0, 0, 7)",0.2646,0.6118,0.3804,,
657,76994,656,,depth/000657.npy,1,120.0,229.2,-1.0,-100.0,-100.0,-100.0,-77.0,70.0,0.0,0.0,0.0,0.0,0.0,51.0,4,0,0,10,"ORBIT pos+0.15 orbit L0.26 M0.60 R0.38 tn0.66 yaw+12 pit+0 rc(4, 0, 0, 10)",0.2607,0.6001,0.3765,,
658,77110,657,,depth/000658.npy,1,124.6,240.9,-1.0,-100.0,-100.0,-100.0,-77.0,70.0,0.0,0.0,0.0,0.0,0.0,51.0,4,0,0,10,"ORBIT pos+0.16 orbit L0.26 M0.60 R0.38 tn0.66 yaw+12 pit+0 rc(4, 0, 0, 10)",0.2568,0.6079,0.3765,,
659,77235,658,,depth/000659.npy,1,121.4,241.9,-1.0,-100.0,-100.0,-100.0,-77.0,70.0,0.0,0.0,0.0,0.0,0.0,51.0,3,0,0,11,"ORBIT pos+0.16 orbit L0.26 M0.61 R0.38 tn0.66 yaw+13 pit+0 rc(3, 0, 0, 11)",0.2607,0.6079,0.3765,,
660,77350,659,,depth/000660.npy,1,121.5,219.8,-1.0,-100.0,-100.0,-100.0,-76.0,70.0,0.0,0.0,0.0,0.0,0.0,51.0,3,0,0,11,"ORBIT pos+0.17 orbit L0.26 M0.61 R0.38 tn0.67 yaw+13 pit+0 rc(3, 0, 0, 11)",0.2568,0.6021,0.3687,,
661,77464,660,,depth/000661.npy,1,121.7,270.3,-1.0,-100.0,-100.0,-100.0,-75.0,70.0,0.0,0.0,0.0,0.0,0.0,51.0,3,0,0,11,"ORBIT pos+0.17 orbit L0.25 M0.61 R0.37 tn0.67 yaw+13 pit+0 rc(3, 0, 0, 11)",0.2549,0.6079,0.3687,,
662,77590,661,,depth/000662.npy,1,119.7,230.6,-1.0,-100.0,-100.0,-100.0,-75.0,70.0,0.0,0.0,0.0,0.0,0.0,51.0,3,0,0,11,"ORBIT pos+0.17 orbit L0.25 M0.62 R0.38 tn0.68 yaw+13 pit+0 rc(3, 0, 0, 11)",0.2529,0.6157,0.3765,,
663,77705,662,,depth/000663.npy,1,126.0,208.9,-1.0,-100.0,-100.0,-100.0,-74.0,70.0,0.0,0.0,0.0,0.0,0.0,51.0,3,0,0,11,"ORBIT pos+0.17 orbit L0.25 M0.62 R0.38 tn0.68 yaw+13 pit+0 rc(3, 0, 0, 11)",0.2607,0.6079,0.3726,,
664,77820,663,,depth/000664.npy,1,120.5,189.5,-1.0,-100.0,-100.0,-100.0,-74.0,70.0,0.0,0.0,0.0,0.0,0.0,51.0,3,0,0,11,"ORBIT pos+0.16 orbit L0.27 M0.61 R0.36 tn0.68 yaw+13 pit+0 rc(3, 0, 0, 11)",0.2705,0.6118,0.3608,,
665,77944,664,,depth/000665.npy,1,119.4,247.5,-1.0,-100.0,-100.0,-100.0,-73.0,70.0,0.0,0.0,0.0,0.0,0.0,51.0,4,0,0,11,"ORBIT pos+0.16 orbit L0.27 M0.61 R0.36 tn0.67 yaw+13 pit+0 rc(4, 0, 0, 11)",0.2607,0.6138,0.3569,,
666,78069,665,,depth/000666.npy,1,125.2,207.2,-1.0,-100.0,-100.0,-100.0,-73.0,70.0,0.0,0.0,0.0,0.0,0.0,51.0,4,0,0,10,"ORBIT pos+0.15 orbit L0.27 M0.62 R0.35 tn0.66 yaw+12 pit+0 rc(4, 0, 0, 10)",0.2725,0.6157,0.353,,
667,78184,666,,depth/000667.npy,1,121.0,186.9,-1.0,-100.0,-100.0,-100.0,-72.0,70.0,0.0,0.0,0.0,0.0,0.0,51.0,4,0,0,9,"ORBIT pos+0.14 orbit L0.27 M0.62 R0.35 tn0.66 yaw+11 pit+0 rc(4, 0, 0, 9)",0.2588,0.6294,0.3372,,
668,78310,667,,depth/000668.npy,1,119.7,178.3,-1.0,-100.0,-100.0,-100.0,-72.0,70.0,0.0,0.0,0.0,0.0,0.0,51.0,5,0,0,6,"ORBIT pos+0.12 orbit L0.28 M0.63 R0.36 tn0.66 yaw+9 pit+0 rc(5, 0, 0, 6)",0.2804,0.6313,0.3569,,
669,78434,668,,depth/000669.npy,1,123.2,237.6,-1.0,-100.0,-100.0,-100.0,-72.0,70.0,0.0,0.0,0.0,0.0,0.0,51.0,6,0,0,4,"ORBIT pos+0.10 orbit L0.28 M0.63 R0.36 tn0.66 yaw+8 pit+0 rc(6, 0, 0, 4)",0.2765,0.6392,0.3491,,
670,78559,669,,depth/000670.npy,1,121.6,196.5,-1.0,-100.0,-100.0,-100.0,-71.0,70.0,0.0,0.0,0.0,0.0,0.0,51.0,7,0,0,3,"ORBIT pos+0.08 orbit L0.28 M0.64 R0.35 tn0.66 yaw+7 pit+0 rc(7, 0, 0, 3)",0.2804,0.6353,0.3452,,
671,78676,670,,depth/000671.npy,1,121.1,174.8,-1.0,-100.0,-100.0,-100.0,-71.0,70.0,0.0,0.0,0.0,0.0,0.0,51.0,7,0,0,2,"ORBIT pos+0.07 orbit L0.28 M0.64 R0.35 tn0.66 yaw+6 pit+0 rc(7, 0, 0, 2)",0.2804,0.6196,0.3372,,
672,78801,671,,depth/000672.npy,1,119.6,170.6,-1.0,-100.0,-100.0,-100.0,-71.0,70.0,0.0,0.0,0.0,0.0,0.0,51.0,8,0,0,-1,"ORBIT pos+0.05 orbit L0.28 M0.62 R0.31 tn0.65 yaw+4 pit+0 rc(8, 0, 0, -1)",0.2765,0.6157,0.3098,,
673,78924,672,,depth/000673.npy,1,125.0,229.4,-1.0,-100.0,-100.0,-100.0,-71.0,70.0,0.0,0.0,0.0,0.0,0.0,51.0,8,0,0,-5,"ORBIT pos+0.04 orbit L0.28 M0.62 R0.31 tn0.65 yaw+0 pit+0 rc(8, 0, 0, -5)",0.2705,0.6177,0.3137,,
674,79040,673,,depth/000674.npy,1,131.0,169.9,-1.0,-100.0,-100.0,-100.0,-71.0,70.0,0.0,0.0,0.0,0.0,0.0,51.0,9,0,0,-5,"ORBIT pos+0.03 orbit L0.28 M0.62 R0.31 tn0.65 yaw+0 pit+0 rc(9, 0, 0, -5)",0.2783,0.6196,0.3137,,
675,79159,674,,depth/000674.npy,1,131.0,287.8,-1.0,-100.0,-100.0,-100.0,-71.0,70.0,0.0,0.0,0.0,0.0,0.0,51.0,9,0,0,-5,"ORBIT pos+0.02 orbit L0.28 M0.62 R0.31 tn0.65 yaw+0 pit+0 rc(9, 0, 0, -5)",0.2783,0.6196,0.3137,,
676,79276,675,,depth/000676.npy,1,148.3,310.4,-1.0,-100.0,-100.0,-100.0,-71.0,70.0,0.0,0.0,0.0,0.0,0.0,51.0,10,0,0,-6,"ORBIT pos+0.01 orbit L0.28 M0.63 R0.31 tn0.65 yaw+0 pit+0 rc(10, 0, 0, -6)",0.2783,0.6313,0.3118,,
677,79401,676,,depth/000677.npy,1,122.5,272.1,-1.0,-100.0,-100.0,-100.0,-71.0,70.0,0.0,0.0,0.0,0.0,0.0,51.0,10,0,0,-6,"ORBIT pos+0.00 orbit L0.29 M0.63 R0.31 tn0.66 yaw+0 pit+0 rc(10, 0, 0, -6)",0.2883,0.6313,0.3098,,
678,79516,677,,depth/000678.npy,1,118.0,285.2,-1.0,-100.0,-100.0,-100.0,-71.0,70.0,0.0,0.0,0.0,0.0,0.0,51.0,10,0,0,-6,"ORBIT pos+0.00 orbit L0.29 M0.62 R0.31 tn0.65 yaw+0 pit+0 rc(10, 0, 0, -6)",0.2864,0.6235,0.3059,,
679,79631,678,,depth/000679.npy,1,121.0,271.3,-1.0,-100.0,-100.0,-100.0,-72.0,70.0,0.0,0.0,0.0,0.0,0.0,51.0,10,0,0,-6,"ORBIT pos-0.01 orbit L0.29 M0.65 R0.31 tn0.66 yaw+0 pit+0 rc(10, 0, 0, -6)",0.2903,0.6509,0.3098,,
680,79747,679,,depth/000680.npy,1,124.5,252.2,-1.0,-100.0,-100.0,-100.0,-72.0,70.0,0.0,0.0,0.0,0.0,0.0,51.0,10,0,0,-6,"ORBIT pos-0.01 orbit L0.28 M0.63 R0.31 tn0.66 yaw+0 pit+0 rc(10, 0, 0, -6)",0.2825,0.6313,0.3059,,
681,79862,680,,depth/000681.npy,1,129.0,297.0,-1.0,-100.0,-100.0,-100.0,-72.0,70.0,0.0,0.0,0.0,0.0,0.0,51.0,9,0,0,-5,"ORBIT pos-0.01 orbit L0.29 M0.63 R0.31 tn0.66 yaw+0 pit+0 rc(9, 0, 0, -5)",0.2864,0.6313,0.3098,,
682,79987,681,,depth/000682.npy,1,120.3,255.6,-1.0,-100.0,-100.0,-100.0,-72.0,70.0,0.0,0.0,0.0,0.0,0.0,51.0,9,0,0,-5,"ORBIT pos-0.02 orbit L0.29 M0.64 R0.31 tn0.66 yaw+0 pit+0 rc(9, 0, 0, -5)",0.2864,0.6431,0.3059,,
683,80112,682,,depth/000683.npy,1,116.6,280.0,-1.0,-100.0,-100.0,-100.0,-72.0,70.0,0.0,0.0,0.0,0.0,0.0,51.0,9,0,0,-5,"ORBIT pos-0.03 orbit L0.29 M0.65 R0.30 tn0.66 yaw+0 pit+0 rc(9, 0, 0, -5)",0.2864,0.647,0.302,,
684,80230,683,,depth/000684.npy,1,121.0,260.0,-1.0,-100.0,-100.0,-100.0,-72.0,70.0,0.0,0.0,0.0,0.0,0.0,51.0,9,0,0,-5,"ORBIT pos-0.03 orbit L0.28 M0.64 R0.30 tn0.66 yaw+0 pit+0 rc(9, 0, 0, -5)",0.2825,0.6431,0.2981,,
685,80345,684,,depth/000685.npy,1,126.6,273.3,-1.0,-100.0,-100.0,-100.0,-72.0,70.0,0.0,0.0,0.0,0.0,0.0,51.0,8,0,0,-5,"ORBIT pos-0.04 orbit L0.29 M0.64 R0.29 tn0.66 yaw+0 pit+0 rc(8, 0, 0, -5)",0.2903,0.6353,0.2942,,
686,80469,685,,depth/000686.npy,1,120.9,237.9,-1.0,-100.0,-100.0,-100.0,-72.0,70.0,0.0,0.0,0.0,0.0,0.0,51.0,8,0,0,-9,"ORBIT pos-0.05 orbit L0.30 M0.63 R0.28 tn0.65 yaw-4 pit+0 rc(8, 0, 0, -9)",0.302,0.6313,0.2825,,
687,80594,686,,depth/000687.npy,1,118.8,273.4,-1.0,-100.0,-100.0,-100.0,-71.0,70.0,0.0,0.0,0.0,0.0,0.0,51.0,8,0,0,-10,"ORBIT pos-0.06 orbit L0.31 M0.64 R0.29 tn0.65 yaw-5 pit+0 rc(8, 0, 0, -10)",0.3059,0.6353,0.2864,,
688,80711,687,,depth/000688.npy,1,126.3,314.8,-1.0,-100.0,-100.0,-100.0,-72.0,70.0,0.0,0.0,0.0,0.0,0.0,51.0,7,0,0,-9,"ORBIT pos-0.07 orbit L0.31 M0.66 R0.29 tn0.66 yaw-5 pit+0 rc(7, 0, 0, -9)",0.3137,0.6626,0.2942,,
689,80826,688,,depth/000689.npy,1,122.7,262.8,-1.0,-100.0,-100.0,-100.0,-72.0,70.0,0.0,0.0,0.0,0.0,0.0,51.0,7,0,0,-10,"ORBIT pos-0.08 orbit L0.33 M0.64 R0.29 tn0.66 yaw-6 pit+0 rc(7, 0, 0, -10)",0.3293,0.6392,0.2903,,
690,80950,689,,depth/000690.npy,1,118.7,222.6,-1.0,-100.0,-100.0,-100.0,-72.0,70.0,0.0,0.0,0.0,0.0,0.0,50.0,7,0,0,-11,"ORBIT pos-0.08 orbit L0.33 M0.63 R0.28 tn0.66 yaw-7 pit+0 rc(7, 0, 0, -11)",0.3293,0.6274,0.2783,,
691,81076,690,,depth/000691.npy,1,120.0,214.7,-1.0,-100.0,-100.0,-100.0,-73.0,70.0,0.0,0.0,0.0,0.0,0.0,50.0,6,0,0,-12,"ORBIT pos-0.10 orbit L0.34 M0.63 R0.27 tn0.66 yaw-8 pit+0 rc(6, 0, 0, -12)",0.3431,0.6313,0.2744,,
692,81192,691,,depth/000692.npy,1,124.2,295.4,-1.0,-100.0,-100.0,-100.0,-73.0,70.0,0.0,0.0,0.0,0.0,0.0,50.0,6,0,0,-12,"ORBIT pos-0.10 orbit L0.35 M0.63 R0.28 tn0.66 yaw-8 pit+0 rc(6, 0, 0, -12)",0.3452,0.6313,0.2783,,
693,81307,692,,depth/000693.npy,1,122.8,238.4,-1.0,-100.0,-100.0,-100.0,-74.0,70.0,0.0,0.0,0.0,0.0,0.0,50.0,5,0,0,-12,"ORBIT pos-0.12 orbit L0.35 M0.64 R0.27 tn0.66 yaw-9 pit+0 rc(5, 0, 0, -12)",0.3452,0.6353,0.2744,,
694,81431,693,,depth/000694.npy,1,117.8,233.8,-1.0,-100.0,-100.0,-100.0,-75.0,70.0,0.0,0.0,0.0,0.0,0.0,50.0,5,0,0,-13,"ORBIT pos-0.12 orbit L0.34 M0.63 R0.27 tn0.66 yaw-10 pit+0 rc(5, 0, 0, -13)",0.3411,0.6274,0.2744,,
695,81555,694,,depth/000695.npy,1,124.3,252.1,-1.0,-100.0,-100.0,-100.0,-76.0,70.0,0.0,0.0,0.0,0.0,0.0,50.0,5,0,0,-13,"ORBIT pos-0.12 orbit L0.32 M0.64 R0.28 tn0.66 yaw-10 pit+0 rc(5, 0, 0, -13)",0.3196,0.6353,0.2825,,
696,81683,695,,depth/000696.npy,1,130.2,286.6,-1.0,-100.0,-100.0,-100.0,-77.0,70.0,0.0,0.0,0.0,0.0,0.0,50.0,5,0,0,-13,"ORBIT pos-0.12 orbit L0.32 M0.67 R0.31 tn0.68 yaw-10 pit+0 rc(5, 0, 0, -13)",0.3215,0.6743,0.3079,,
697,81797,696,,depth/000697.npy,1,139.2,235.4,-1.0,-100.0,-100.0,-100.0,-77.0,70.0,0.0,0.0,0.0,0.0,0.0,50.0,5,0,0,-12,"ORBIT pos-0.11 orbit L0.31 M0.66 R0.31 tn0.68 yaw-9 pit+0 rc(5, 0, 0, -12)",0.3059,0.6587,0.3098,,
698,81912,697,,depth/000698.npy,1,123.2,214.0,-1.0,-100.0,-100.0,-100.0,-78.0,70.0,0.0,0.0,0.0,0.0,0.0,50.0,6,0,0,-12,"ORBIT pos-0.10 orbit L0.30 M0.65 R0.32 tn0.68 yaw-8 pit+0 rc(6, 0, 0, -12)",0.2981,0.647,0.3157,,
699,82037,698,,depth/000699.npy,1,120.1,174.2,-1.0,-100.0,-100.0,-100.0,-78.0,70.0,0.0,0.0,0.0,0.0,0.0,50.0,6,0,0,-11,"ORBIT pos-0.09 orbit L0.30 M0.65 R0.32 tn0.67 yaw-7 pit+0 rc(6, 0, 0, -11)",0.2922,0.6274,0.3254,,
700,82154,699,,depth/000700.npy,1,123.0,255.2,-1.0,-100.0,-100.0,-100.0,-79.0,70.0,0.0,0.0,0.0,0.0,0.0,50.0,7,0,0,-9,"ORBIT pos-0.07 orbit L0.29 M0.64 R0.32 tn0.66 yaw-5 pit+0 rc(7, 0, 0, -9)",0.2903,0.6353,0.3215,,
701,82279,700,,depth/000701.npy,1,123.1,214.3,-1.0,-100.0,-100.0,-100.0,-79.0,70.0,0.0,0.0,0.0,0.0,0.0,50.0,8,0,0,-10,"ORBIT pos-0.06 orbit L0.29 M0.64 R0.32 tn0.66 yaw-5 pit+0 rc(8, 0, 0, -10)",0.2942,0.647,0.3333,,
702,82404,701,,depth/000702.npy,1,120.7,172.8,-1.0,-100.0,-100.0,-100.0,-79.0,70.0,0.0,0.0,0.0,0.0,0.0,50.0,8,0,0,-5,"ORBIT pos-0.04 orbit L0.28 M0.63 R0.33 tn0.66 yaw+0 pit+0 rc(8, 0, 0, -5)",0.2823,0.6313,0.3293,,
703,82528,702,,depth/000703.npy,1,120.9,224.8,-1.0,-100.0,-100.0,-100.0,-79.0,70.0,0.0,0.0,0.0,0.0,0.0,50.0,9,0,0,-5,"ORBIT pos-0.03 orbit L0.28 M0.63 R0.33 tn0.66 yaw+0 pit+0 rc(9, 0, 0, -5)",0.2864,0.6372,0.3293,,
704,82646,703,,depth/000704.npy,1,121.8,249.2,-1.0,-100.0,-100.0,-100.0,-79.0,70.0,0.0,0.0,0.0,0.0,0.0,50.0,9,0,0,-5,"ORBIT pos-0.02 orbit L0.29 M0.66 R0.33 tn0.67 yaw+0 pit+0 rc(9, 0, 0, -5)",0.2942,0.6567,0.3293,,
705,82770,704,,depth/000705.npy,1,125.4,234.1,-1.0,-100.0,-100.0,-100.0,-78.0,70.0,0.0,0.0,0.0,0.0,0.0,50.0,9,0,0,-5,"ORBIT pos-0.01 orbit L0.29 M0.66 R0.33 tn0.68 yaw+0 pit+0 rc(9, 0, 0, -5)",0.2942,0.647,0.3333,,
706,82885,705,,depth/000706.npy,1,119.7,209.0,-1.0,-100.0,-100.0,-100.0,-78.0,70.0,0.0,0.0,0.0,0.0,0.0,50.0,10,0,0,-6,"ORBIT pos-0.01 orbit L0.29 M0.65 R0.32 tn0.67 yaw+0 pit+0 rc(10, 0, 0, -6)",0.2903,0.647,0.3235,,
707,82999,706,,depth/000707.npy,1,121.0,172.4,-1.0,-100.0,-100.0,-100.0,-78.0,70.0,0.0,0.0,0.0,0.0,0.0,50.0,10,0,0,-6,"ORBIT pos-0.01 orbit L0.29 M0.65 R0.32 tn0.67 yaw+0 pit+0 rc(10, 0, 0, -6)",0.2864,0.6431,0.3176,,
708,83115,707,,depth/000708.npy,1,122.8,202.1,-1.0,-100.0,-100.0,-100.0,-77.0,70.0,0.0,0.0,0.0,0.0,0.0,50.0,10,0,0,-6,"ORBIT pos-0.01 orbit L0.29 M0.64 R0.31 tn0.67 yaw+0 pit+0 rc(10, 0, 0, -6)",0.2864,0.6431,0.3079,,
709,83239,708,,depth/000709.npy,1,124.2,174.4,-1.0,-100.0,-100.0,-100.0,-77.0,70.0,0.0,0.0,0.0,0.0,0.0,50.0,9,0,0,-5,"ORBIT pos-0.01 orbit L0.29 M0.64 R0.31 tn0.67 yaw+0 pit+0 rc(9, 0, 0, -5)",0.2783,0.6509,0.302,,
710,83354,709,,depth/000710.npy,1,117.7,193.8,-1.0,-100.0,-100.0,-100.0,-76.0,70.0,0.0,0.0,0.0,0.0,0.0,50.0,9,0,0,-5,"ORBIT pos-0.02 orbit L0.28 M0.65 R0.30 tn0.67 yaw+0 pit+0 rc(9, 0, 0, -5)",0.2705,0.6353,0.2942,,
711,83470,710,,depth/000711.npy,1,125.4,163.5,-1.0,-100.0,-100.0,-100.0,-76.0,70.0,0.0,0.0,0.0,0.0,0.0,50.0,9,0,0,-5,"ORBIT pos-0.02 orbit L0.27 M0.64 R0.29 tn0.67 yaw+0 pit+0 rc(9, 0, 0, -5)",0.2981,0.6392,0.2825,,
712,83585,711,,depth/000712.npy,1,122.5,190.7,-1.0,-100.0,-100.0,-100.0,-76.0,70.0,0.0,0.0,0.0,0.0,0.0,50.0,9,0,0,-5,"ORBIT pos-0.04 orbit L0.30 M0.64 R0.28 tn0.66 yaw+0 pit+0 rc(9, 0, 0, -5)",0.302,0.6626,0.2864,,
713,83712,712,,depth/000713.npy,1,120.5,182.9,-1.0,-100.0,-100.0,-100.0,-75.0,70.0,0.0,0.0,0.0,0.0,0.0,50.0,8,0,0,-9,"ORBIT pos-0.05 orbit L0.30 M0.66 R0.29 tn0.67 yaw-4 pit+0 rc(8, 0, 0, -9)",0.3215,0.647,0.2825,,
714,83837,713,,depth/000714.npy,1,119.5,176.5,-1.0,-100.0,-100.0,-100.0,-75.0,70.0,0.0,0.0,0.0,0.0,0.0,50.0,7,0,0,-9,"ORBIT pos-0.06 orbit L0.32 M0.65 R0.28 tn0.67 yaw-5 pit+0 rc(7, 0, 0, -9)",0.3254,0.604,0.2744,,
715,83957,714,,depth/000715.npy,1,125.9,226.6,-1.0,-100.0,-100.0,-100.0,-76.0,70.0,0.0,0.0,0.0,0.0,0.0,50.0,7,0,0,-11,"ORBIT pos-0.08 orbit L0.33 M0.60 R0.27 tn0.65 yaw-7 pit+0 rc(7, 0, 0, -11)",0.3274,0.6196,0.2825,,
716,84072,715,,depth/000716.npy,1,122.6,176.8,-1.0,-100.0,-100.0,-100.0,-76.0,70.0,0.0,0.0,0.0,0.0,0.0,50.0,6,0,0,-11,"ORBIT pos-0.09 orbit L0.33 M0.62 R0.28 tn0.65 yaw-7 pit+0 rc(6, 0, 0, -11)",0.3215,0.6079,0.2686,,
717,84186,716,,depth/000716.npy,1,122.6,290.6,-1.0,-100.0,-100.0,-100.0,-77.0,70.0,0.0,0.0,0.0,0.0,0.0,50.0,6,0,0,-12,"ORBIT pos-0.10 orbit L0.32 M0.61 R0.27 tn0.66 yaw-8 pit+0 rc(6, 0, 0, -12)",0.3215,0.6079,0.2686,,
718,84310,717,,depth/000718.npy,1,121.4,319.3,-1.0,-100.0,-100.0,-100.0,-77.0,70.0,0.0,0.0,0.0,0.0,0.0,50.0,6,0,0,-13,"ORBIT pos-0.11 orbit L0.33 M0.59 R0.28 tn0.65 yaw-9 pit+0 rc(6, 0, 0, -13)",0.3274,0.5923,0.2764,,
719,84428,718,,depth/000719.npy,1,121.1,266.7,-1.0,-100.0,-100.0,-100.0,-78.0,70.0,0.0,0.0,0.0,0.0,0.0,50.0,5,0,0,-12,"ORBIT pos-0.12 orbit L0.33 M0.60 R0.28 tn0.65 yaw-9 pit+0 rc(5, 0, 0, -12)",0.3333,0.6001,0.2825,,
720,84554,719,,depth/000720.npy,1,132.0,257.9,-1.0,-100.0,-100.0,-100.0,-78.0,70.0,0.0,0.0,0.0,0.0,0.0,50.0,5,0,0,-13,"ORBIT pos-0.13 orbit L0.35 M0.61 R0.28 tn0.65 yaw-10 pit+0 rc(5, 0, 0, -13)",0.3452,0.6079,0.2825,,
721,84678,720,,depth/000721.npy,1,121.6,284.2,-1.0,-100.0,-100.0,-100.0,-79.0,70.0,0.0,0.0,0.0,0.0,0.0,50.0,5,0,0,-14,"ORBIT pos-0.13 orbit L0.35 M0.63 R0.29 tn0.66 yaw-11 pit+0 rc(5, 0, 0, -14)",0.3452,0.6313,0.2903,,
722,84796,721,,depth/000722.npy,1,125.8,268.2,-1.0,-100.0,-100.0,-100.0,-80.0,70.0,0.0,0.0,0.0,0.0,0.0,50.0,5,0,0,-14,"ORBIT pos-0.13 orbit L0.33 M0.60 R0.27 tn0.65 yaw-11 pit+0 rc(5, 0, 0, -14)",0.3293,0.6001,0.2705,,
723,84910,722,,depth/000723.npy,1,120.5,243.2,-1.0,-100.0,-100.0,-100.0,-81.0,70.0,0.0,0.0,0.0,0.0,0.0,50.0,5,0,0,-14,"ORBIT pos-0.13 orbit L0.34 M0.61 R0.28 tn0.65 yaw-11 pit+0 rc(5, 0, 0, -14)",0.3372,0.6079,0.2825,,
724,85026,723,,depth/000724.npy,1,117.1,295.8,-1.0,-100.0,-100.0,-100.0,-81.0,70.0,0.0,0.0,0.0,0.0,0.0,50.0,5,0,0,-13,"ORBIT pos-0.13 orbit L0.33 M0.61 R0.28 tn0.65 yaw-10 pit+0 rc(5, 0, 0, -13)",0.3293,0.6118,0.2783,,
725,85150,724,,depth/000725.npy,1,126.3,254.0,-1.0,-100.0,-100.0,-100.0,-82.0,70.0,0.0,0.0,0.0,0.0,0.0,50.0,5,0,0,-13,"ORBIT pos-0.13 orbit L0.31 M0.62 R0.28 tn0.65 yaw-10 pit+0 rc(5, 0, 0, -13)",0.3137,0.6196,0.2783,,
726,85269,725,,depth/000726.npy,1,120.1,264.2,-1.0,-100.0,-100.0,-100.0,-83.0,70.0,0.0,0.0,0.0,0.0,0.0,50.0,6,0,0,-13,"ORBIT pos-0.11 orbit L0.29 M0.63 R0.27 tn0.66 yaw-9 pit+0 rc(6, 0, 0, -13)",0.2864,0.6313,0.2744,,
727,85394,726,,depth/000727.npy,1,125.9,262.4,-1.0,-100.0,-100.0,-100.0,-85.0,70.0,0.0,0.0,0.0,0.0,0.0,50.0,7,0,0,-11,"ORBIT pos-0.09 orbit L0.27 M0.62 R0.28 tn0.65 yaw-7 pit+0 rc(7, 0, 0, -11)",0.2744,0.6157,0.2825,,
728,85519,727,,depth/000728.npy,1,129.8,286.9,-1.0,-100.0,-100.0,-100.0,-86.0,70.0,0.0,0.0,0.0,0.0,0.0,50.0,7,5,0,-10,"ORBIT pos-0.07 orbit L0.28 M0.59 R0.31 tn0.64 yaw-6 pit+5 rc(7, 5, 0, -10)",0.2783,0.5903,0.3137,,
729,85634,728,,depth/000729.npy,1,114.0,269.7,-1.0,-100.0,-100.0,-100.0,-86.0,70.0,0.0,0.0,0.0,0.0,0.0,50.0,8,0,0,-5,"ORBIT pos-0.04 orbit L0.27 M0.64 R0.31 tn0.64 yaw+0 pit+0 rc(8, 0, 0, -5)",0.2666,0.6392,0.3137,,
730,85751,729,,depth/000730.npy,1,122.3,240.3,-1.0,-100.0,-100.0,-100.0,-87.0,70.0,0.0,0.0,0.0,0.0,0.0,50.0,9,0,0,-5,"ORBIT pos-0.02 orbit L0.27 M0.61 R0.32 tn0.64 yaw+0 pit+0 rc(9, 0, 0, -5)",0.2666,0.6079,0.3176,,
731,85866,730,,depth/000731.npy,1,126.4,282.4,-1.0,-100.0,-100.0,-100.0,-88.0,70.0,0.0,0.0,0.0,0.0,0.0,50.0,9,0,0,-5,"ORBIT pos+0.01 orbit L0.27 M0.62 R0.34 tn0.64 yaw+0 pit+0 rc(9, 0, 0, -5)",0.2686,0.6157,0.3372,,
732,85990,731,,depth/000732.npy,1,116.8,259.4,-1.0,-100.0,-100.0,-100.0,-88.0,70.0,0.0,0.0,0.0,0.0,0.0,50.0,9,0,0,-5,"ORBIT pos+0.03 orbit L0.28 M0.61 R0.35 tn0.64 yaw+0 pit+0 rc(9, 0, 0, -5)",0.2764,0.6079,0.353,,
733,86115,732,,depth/000733.npy,1,125.5,214.6,-1.0,-100.0,-100.0,-100.0,-90.0,70.0,0.0,0.0,0.0,0.0,0.0,50.0,7,0,0,1,"ORBIT pos+0.07 orbit L0.27 M0.60 R0.37 tn0.64 yaw+5 pit+0 rc(7, 0, 0, 1)",0.2686,0.604,0.3687,,
734,86232,733,,depth/000734.npy,1,117.6,232.0,-1.0,-100.0,-100.0,-100.0,-90.0,70.0,0.0,0.0,0.0,0.0,0.0,50.0,6,0,0,3,"ORBIT pos+0.09 orbit L0.26 M0.60 R0.37 tn0.64 yaw+7 pit+0 rc(6, 0, 0, 3)",0.2646,0.5962,0.3726,,
735,86357,734,,depth/000735.npy,1,129.7,227.1,-1.0,-100.0,-100.0,-100.0,-91.0,70.0,0.0,0.0,0.0,0.0,0.0,50.0,5,0,0,7,"ORBIT pos+0.13 orbit L0.26 M0.57 R0.38 tn0.64 yaw+10 pit+0 rc(5, 0, 0, 7)",0.2588,0.5688,0.3843,,
736,86473,735,,depth/000736.npy,1,125.3,240.7,-1.0,-100.0,-100.0,-100.0,-91.0,70.0,0.0,0.0,0.0,0.0,0.0,50.0,4,0,0,10,"ORBIT pos+0.15 orbit L0.26 M0.54 R0.40 tn0.64 yaw+12 pit+0 rc(4, 0, 0, 10)",0.2588,0.5449,0.3999,,
737,86586,736,,depth/000737.npy,1,120.3,223.6,-1.0,-100.0,-100.0,-100.0,-92.0,70.0,0.0,0.0,0.0,0.0,0.0,50.0,3,0,0,12,"ORBIT pos+0.18 orbit L0.26 M0.53 R0.41 tn0.65 yaw+14 pit+0 rc(3, 0, 0, 12)",0.2588,0.5254,0.4119,,
738,86701,737,,depth/000738.npy,1,132.5,231.7,-1.0,-100.0,-100.0,-100.0,-92.0,70.0,0.0,0.0,0.0,0.0,0.0,50.0,2,0,0,14,"ORBIT pos+0.19 orbit L0.26 M0.53 R0.41 tn0.66 yaw+15 pit+0 rc(2, 0, 0, 14)",0.2607,0.5293,0.4158,,
739,86816,738,,depth/000739.npy,1,142.8,182.5,-1.0,-100.0,-100.0,-100.0,-93.0,70.0,0.0,0.0,0.0,0.0,0.0,50.0,1,0,0,16,"ORBIT pos+0.22 orbit L0.26 M0.53 R0.42 tn0.67 yaw+17 pit+0 rc(1, 0, 0, 16)",0.2607,0.5254,0.4236,,
740,86932,739,,depth/000740.npy,1,117.4,191.6,-1.0,-100.0,-100.0,-100.0,-93.0,70.0,0.0,0.0,0.0,0.0,0.0,50.0,1,0,0,17,"ORBIT pos+0.23 orbit L0.26 M0.53 R0.42 tn0.67 yaw+18 pit+0 rc(1, 0, 0, 17)",0.2627,0.5137,0.4353,,
741,87046,740,,depth/000741.npy,1,122.5,184.2,-1.0,-100.0,-100.0,-100.0,-93.0,70.0,0.0,0.0,0.0,0.0,0.0,50.0,0,0,0,20,"ORBIT pos+0.24 orbit L0.26 M0.51 R0.44 tn0.68 yaw+20 pit+0 rc(0, 0, 0, 20)",0.2568,0.5098,0.4353,,
742,87162,741,,depth/000741.npy,1,122.5,300.1,-1.0,-100.0,-100.0,-100.0,-93.0,70.0,0.0,0.0,0.0,0.0,0.0,50.0,0,0,0,20,"ORBIT pos+0.25 center L0.26 M0.51 R0.44 tn0.67 yaw+20 pit+0 rc(0, 0, 0, 20)",0.2568,0.5098,0.4353,,
743,87277,742,,depth/000743.npy,1,128.4,283.2,-1.0,-100.0,-100.0,-100.0,-92.0,70.0,0.0,0.0,0.0,0.0,0.0,50.0,0,0,0,21,"ORBIT pos+0.26 center L0.25 M0.51 R0.44 tn0.67 yaw+21 pit+0 rc(0, 0, 0, 21)",0.2549,0.5059,0.4392,,
744,87402,743,,depth/000744.npy,1,116.8,273.2,-1.0,-100.0,-100.0,-100.0,-92.0,70.0,0.0,0.0,0.0,0.0,0.0,50.0,0,0,0,21,"ORBIT pos+0.27 center L0.25 M0.51 R0.44 tn0.67 yaw+21 pit+0 rc(0, 0, 0, 21)",0.2529,0.5059,0.4353,,
745,87516,744,,depth/000745.npy,1,127.2,288.6,-1.0,-100.0,-100.0,-100.0,-91.0,70.0,0.0,0.0,0.0,0.0,0.0,50.0,0,0,0,22,"ORBIT pos+0.27 center L0.25 M0.51 R0.43 tn0.66 yaw+22 pit+0 rc(0, 0, 0, 22)",0.2529,0.5098,0.4314,,
746,87632,745,,depth/000746.npy,1,118.4,240.4,-1.0,-100.0,-100.0,-100.0,-91.0,70.0,0.0,0.0,0.0,0.0,0.0,50.0,0,0,0,22,"ORBIT pos+0.27 center L0.25 M0.51 R0.41 tn0.66 yaw+22 pit+0 rc(0, 0, 0, 22)",0.251,0.5059,0.4119,,
747,87747,746,,depth/000747.npy,1,126.3,251.5,-1.0,-100.0,-100.0,-100.0,-90.0,70.0,0.0,0.0,0.0,0.0,0.0,50.0,0,0,0,22,"ORBIT pos+0.27 center L0.26 M0.51 R0.42 tn0.66 yaw+22 pit+0 rc(0, 0, 0, 22)",0.2568,0.5098,0.4158,,
748,87872,747,,depth/000748.npy,1,122.2,279.0,-1.0,-100.0,-100.0,-100.0,-89.0,70.0,0.0,0.0,0.0,0.0,0.0,50.0,0,0,0,22,"ORBIT pos+0.27 center L0.26 M0.49 R0.41 tn0.65 yaw+22 pit+0 rc(0, 0, 0, 22)",0.2588,0.4941,0.4119,,
749,87997,748,,depth/000749.npy,1,125.0,265.3,-1.0,-100.0,-100.0,-100.0,-89.0,70.0,0.0,0.0,0.0,0.0,0.0,50.0,0,0,0,22,"ORBIT pos+0.27 center L0.26 M0.51 R0.40 tn0.65 yaw+22 pit+0 rc(0, 0, 0, 22)",0.2646,0.5137,0.3999,,
750,88120,749,,depth/000750.npy,1,127.5,292.0,-1.0,-100.0,-100.0,-100.0,-88.0,70.0,0.0,0.0,0.0,0.0,0.0,50.0,0,0,0,21,"ORBIT pos+0.26 center L0.27 M0.54 R0.40 tn0.65 yaw+21 pit+0 rc(0, 0, 0, 21)",0.2666,0.5371,0.396,,
751,88236,750,,depth/000751.npy,1,148.0,303.9,-1.0,-100.0,-100.0,-100.0,-86.0,70.0,0.0,0.0,0.0,0.0,0.0,50.0,0,0,0,21,"ORBIT pos+0.26 center L0.27 M0.54 R0.40 tn0.65 yaw+21 pit+0 rc(0, 0, 0, 21)",0.2666,0.5688,0.3726,,
752,88361,751,,depth/000752.npy,1,129.4,249.3,-1.0,-100.0,-100.0,-100.0,-85.0,70.0,0.0,0.0,0.0,0.0,0.0,50.0,1,0,0,18,"ORBIT pos+0.24 orbit L0.27 M0.59 R0.35 tn0.65 yaw+19 pit+0 rc(1, 0, 0, 18)",0.2744,0.5923,0.3452,,
753,88486,752,,depth/000753.npy,1,123.4,216.6,-1.0,-100.0,-100.0,-100.0,-84.0,70.0,0.0,0.0,0.0,0.0,0.0,50.0,1,0,0,17,"ORBIT pos+0.22 orbit L0.27 M0.59 R0.35 tn0.64 yaw+18 pit+0 rc(1, 0, 0, 17)",0.2764,0.6196,0.3254,,
754,88610,753,,depth/000754.npy,1,116.6,217.1,-1.0,-100.0,-100.0,-100.0,-82.0,70.0,0.0,0.0,0.0,0.0,0.0,50.0,3,5,0,12,"ORBIT pos+0.17 orbit L0.27 M0.62 R0.31 tn0.64 yaw+14 pit+5 rc(3, 5, 0, 12)",0.2725,0.6196,0.3059,,
755,88727,754,,depth/000755.npy,1,123.9,229.6,-1.0,-100.0,-100.0,-100.0,-81.0,70.0,0.0,0.0,0.0,0.0,0.0,50.0,4,5,0,10,"ORBIT pos+0.15 orbit L0.27 M0.62 R0.31 tn0.63 yaw+12 pit+5 rc(4, 5, 0, 10)",0.2725,0.6177,0.3059,,
756,88843,755,,depth/000756.npy,1,124.5,245.7,-1.0,-100.0,-100.0,-100.0,-81.0,70.0,0.0,0.0,0.0,0.0,0.0,50.0,6,5,0,4,"ORBIT pos+0.10 orbit L0.28 M0.63 R0.28 tn0.63 yaw+8 pit+5 rc(6, 5, 0, 4)",0.2825,0.6255,0.2844,,
757,88968,756,,depth/000757.npy,1,120.7,204.1,-1.0,-100.0,-100.0,-100.0,-80.0,70.0,0.0,0.0,0.0,0.0,0.0,50.0,7,5,0,2,"ORBIT pos+0.07 orbit L0.28 M0.63 R0.28 tn0.63 yaw+6 pit+5 rc(7, 5, 0, 2)",0.2903,0.6196,0.2864,,
758,89093,757,,depth/000758.npy,1,118.2,229.0,-1.0,-100.0,-100.0,-100.0,-80.0,70.0,0.0,0.0,0.0,0.0,0.0,49.0,9,5,0,-5,"ORBIT pos+0.02 orbit L0.31 M0.61 R0.29 tn0.62 yaw+0 pit+5 rc(9, 5, 0, -5)",0.3059,0.6079,0.2864,,
759,89207,758,,depth/000759.npy,1,129.7,279.3,-1.0,-100.0,-100.0,-100.0,-81.0,70.0,0.0,0.0,0.0,0.0,0.0,49.0,10,6,0,-6,"ORBIT pos-0.00 orbit L0.31 M0.61 R0.29 tn0.62 yaw+0 pit+6 rc(10, 6, 0, -6)",0.302,0.604,0.2844,,
760,89323,759,,depth/000760.npy,1,131.3,163.2,-1.0,-100.0,-100.0,-100.0,-81.0,70.0,0.0,0.0,0.0,0.0,0.0,49.0,9,5,0,-5,"ORBIT pos-0.03 orbit L0.30 M0.60 R0.28 tn0.62 yaw+0 pit+5 rc(9, 5, 0, -5)",0.3098,0.6353,0.2903,,
761,89444,760,,depth/000760.npy,1,131.3,284.1,-1.0,-100.0,-100.0,-100.0,-81.0,70.0,0.0,0.0,0.0,0.0,0.0,49.0,8,5,0,-5,"ORBIT pos-0.05 orbit L0.31 M0.64 R0.29 tn0.63 yaw+0 pit+5 rc(8, 5, 0, -5)",0.3098,0.6353,0.2903,,
762,89560,761,,depth/000762.npy,1,149.9,301.9,-1.0,-100.0,-100.0,-100.0,-82.0,70.0,0.0,0.0,0.0,0.0,0.0,49.0,7,0,0,-9,"ORBIT pos-0.07 orbit L0.31 M0.64 R0.28 tn0.64 yaw-5 pit+0 rc(7, 0, 0, -9)",0.3098,0.6392,0.2844,,
763,89678,762,,depth/000763.npy,1,117.4,253.9,-1.0,-100.0,-100.0,-100.0,-83.0,70.0,0.0,0.0,0.0,0.0,0.0,49.0,7,0,0,-10,"ORBIT pos-0.07 orbit L0.33 M0.63 R0.29 tn0.64 yaw-6 pit+0 rc(7, 0, 0, -10)",0.3254,0.6313,0.2942,,
764,89796,763,,depth/000764.npy,1,128.6,266.8,-1.0,-100.0,-100.0,-100.0,-84.0,70.0,0.0,0.0,0.0,0.0,0.0,49.0,7,0,0,-11,"ORBIT pos-0.08 orbit L0.32 M0.64 R0.30 tn0.65 yaw-7 pit+0 rc(7, 0, 0, -11)",0.3215,0.6431,0.2981,,
765,89924,764,,depth/000765.npy,1,132.0,285.2,-1.0,-100.0,-100.0,-100.0,-85.0,70.0,0.0,0.0,0.0,0.0,0.0,49.0,7,0,0,-11,"ORBIT pos-0.09 orbit L0.33 M0.65 R0.30 tn0.65 yaw-7 pit+0 rc(7, 0, 0, -11)",0.3254,0.647,0.2981,,
766,90063,765,,depth/000766.npy,1,168.7,300.5,-1.0,-100.0,-100.0,-100.0,-87.0,70.0,0.0,0.0,0.0,0.0,0.0,49.0,7,0,0,-11,"ORBIT pos-0.09 orbit L0.29 M0.64 R0.28 tn0.66 yaw-7 pit+0 rc(7, 0, 0, -11)",0.2942,0.6392,0.2825,,
767,90179,766,,depth/000767.npy,1,120.4,233.8,-1.0,-100.0,-100.0,-100.0,-88.0,70.0,0.0,0.0,0.0,0.0,0.0,49.0,7,0,0,-10,"ORBIT pos-0.08 orbit L0.28 M0.61 R0.30 tn0.65 yaw-6 pit+0 rc(7, 0, 0, -10)",0.2783,0.6079,0.3,,
768,90294,767,,depth/000768.npy,1,128.5,229.0,-1.0,-100.0,-100.0,-100.0,-89.0,70.0,0.0,0.0,0.0,0.0,0.0,49.0,8,0,0,-9,"ORBIT pos-0.05 orbit L0.27 M0.63 R0.31 tn0.65 yaw-4 pit+0 rc(8, 0, 0, -9)",0.2666,0.6313,0.3098,,
769,90419,768,,depth/000769.npy,1,119.0,220.6,-1.0,-100.0,-100.0,-100.0,-90.0,70.0,0.0,0.0,0.0,0.0,0.0,49.0,8,0,0,-5,"ORBIT pos-0.04 orbit L0.27 M0.63 R0.31 tn0.65 yaw+0 pit+0 rc(8, 0, 0, -5)",0.2705,0.6235,0.3254,,
770,90544,769,,depth/000770.npy,1,119.4,238.2,-1.0,-100.0,-100.0,-100.0,-92.0,70.0,0.0,0.0,0.0,0.0,0.0,49.0,10,0,0,-6,"ORBIT pos+0.00 orbit L0.26 M0.61 R0.33 tn0.65 yaw+0 pit+0 rc(10, 0, 0, -6)",0.2627,0.6099,0.3293,,
771,90662,770,,depth/000771.npy,1,124.8,233.1,-1.0,-100.0,-100.0,-100.0,-93.0,70.0,0.0,0.0,0.0,0.0,0.0,49.0,9,0,0,-5,"ORBIT pos+0.03 orbit L0.26 M0.61 R0.33 tn0.65 yaw+0 pit+0 rc(9, 0, 0, -5)",0.2666,0.5825,0.3452,,
772,90776,771,,depth/000772.npy,1,121.5,211.1,-1.0,-100.0,-100.0,-100.0,-93.0,70.0,0.0,0.0,0.0,0.0,0.0,49.0,7,0,0,2,"ORBIT pos+0.07 orbit L0.27 M0.55 R0.36 tn0.64 yaw+6 pit+0 rc(7, 0, 0, 2)",0.2686,0.5527,0.3569,,
773,90901,772,,depth/000773.npy,1,119.7,235.4,-1.0,-100.0,-100.0,-100.0,-94.0,70.0,0.0,0.0,0.0,0.0,0.0,49.0,6,0,0,4,"ORBIT pos+0.10 orbit L0.27 M0.55 R0.36 tn0.64 yaw+8 pit+0 rc(6, 0, 0, 4)",0.2646,0.5371,0.3667,,
774,91015,773,,depth/000774.npy,1,120.2,236.7,-1.0,-100.0,-100.0,-100.0,-94.0,70.0,0.0,0.0,0.0,0.0,0.0,49.0,4,5,0,9,"ORBIT pos+0.14 orbit L0.27 M0.54 R0.38 tn0.64 yaw+11 pit+5 rc(4, 5, 0, 9)",0.2705,0.5371,0.3804,,
775,91134,774,,depth/000775.npy,1,125.1,237.1,-1.0,-100.0,-100.0,-100.0,-94.0,70.0,0.0,0.0,0.0,0.0,0.0,49.0,4,5,0,11,"ORBIT pos+0.16 orbit L0.27 M0.54 R0.38 tn0.64 yaw+13 pit+5 rc(4, 5, 0, 11)",0.2705,0.5254,0.3921,,
776,91258,775,,depth/000776.npy,1,122.3,195.6,-1.0,-100.0,-100.0,-100.0,-94.0,70.0,0.0,0.0,0.0,0.0,0.0,49.0,3,0,0,13,"ORBIT pos+0.19 orbit L0.27 M0.54 R0.39 tn0.65 yaw+15 pit+0 rc(3, 0, 0, 13)",0.2705,0.5371,0.3921,,
777,91373,776,,depth/000777.npy,1,121.6,171.5,-1.0,-100.0,-100.0,-100.0,-93.0,70.0,0.0,0.0,0.0,0.0,0.0,49.0,2,0,0,15,"ORBIT pos+0.20 orbit L0.27 M0.54 R0.39 tn0.65 yaw+16 pit+0 rc(2, 0, 0, 15)",0.2646,0.5391,0.3921,,
778,91487,777,,depth/000778.npy,1,121.8,180.8,-1.0,-100.0,-100.0,-100.0,-93.0,70.0,0.0,0.0,0.0,0.0,0.0,49.0,2,0,0,16,"ORBIT pos+0.21 orbit L0.26 M0.55 R0.39 tn0.66 yaw+17 pit+0 rc(2, 0, 0, 16)",0.2646,0.5488,0.3882,,
779,91612,778,,depth/000779.npy,1,117.9,185.1,-1.0,-100.0,-100.0,-100.0,-92.0,70.0,0.0,0.0,0.0,0.0,0.0,49.0,1,0,0,16,"ORBIT pos+0.21 orbit L0.26 M0.55 R0.39 tn0.66 yaw+17 pit+0 rc(1, 0, 0, 16)",0.2607,0.5527,0.3765,,
780,91737,779,,depth/000780.npy,1,132.7,174.6,-1.0,-100.0,-100.0,-100.0,-91.0,70.0,0.0,0.0,0.0,0.0,0.0,49.0,1,0,0,16,"ORBIT pos+0.21 orbit L0.26 M0.58 R0.38 tn0.66 yaw+17 pit+0 rc(1, 0, 0, 16)",0.2607,0.5767,0.3804,,
781,91853,780,,depth/000781.npy,1,129.5,188.9,-1.0,-100.0,-100.0,-100.0,-90.0,70.0,0.0,0.0,0.0,0.0,0.0,49.0,1,0,0,16,"ORBIT pos+0.21 orbit L0.26 M0.58 R0.38 tn0.65 yaw+17 pit+0 rc(1, 0, 0, 16)",0.2607,0.6001,0.3608,,
782,91968,781,,depth/000782.npy,1,119.9,184.2,-1.0,-100.0,-100.0,-100.0,-88.0,70.0,0.0,0.0,0.0,0.0,-1.0,49.0,2,0,0,15,"ORBIT pos+0.20 orbit L0.26 M0.60 R0.36 tn0.65 yaw+16 pit+0 rc(2, 0, 0, 15)",0.2666,0.6079,0.3372,,
783,92083,782,,depth/000782.npy,1,119.9,297.9,-1.0,-100.0,-100.0,-100.0,-88.0,70.0,0.0,0.0,0.0,0.0,0.0,49.0,2,0,0,14,"ORBIT pos+0.19 orbit L0.27 M0.61 R0.34 tn0.65 yaw+15 pit+0 rc(2, 0, 0, 14)",0.2666,0.6079,0.3372,,
784,92207,783,,depth/000784.npy,1,122.8,314.5,-1.0,-100.0,-100.0,-100.0,-87.0,70.0,0.0,0.0,0.0,0.0,0.0,49.0,4,5,0,11,"ORBIT pos+0.16 orbit L0.26 M0.62 R0.32 tn0.64 yaw+13 pit+5 rc(4, 5, 0, 11)",0.2646,0.6196,0.3215,,
785,92323,784,,depth/000785.npy,1,122.5,291.6,-1.0,-100.0,-100.0,-100.0,-86.0,70.0,0.0,0.0,0.0,0.0,0.0,49.0,5,5,0,8,"ORBIT pos+0.14 orbit L0.27 M0.60 R0.31 tn0.63 yaw+11 pit+5 rc(5, 5, 0, 8)",0.2686,0.6001,0.3098,,
786,92439,785,,depth/000786.npy,1,120.4,242.4,-1.0,-100.0,-100.0,-100.0,-85.0,70.0,0.0,0.0,0.0,0.0,0.0,49.0,6,5,0,3,"ORBIT pos+0.09 orbit L0.28 M0.63 R0.29 tn0.63 yaw+7 pit+5 rc(6, 5, 0, 3)",0.2825,0.6294,0.2942,,
787,92564,786,,depth/000787.npy,1,122.3,259.1,-1.0,-100.0,-100.0,-100.0,-85.0,70.0,0.0,0.0,0.0,0.0,0.0,49.0,7,5,0,1,"ORBIT pos+0.06 orbit L0.28 M0.61 R0.27 tn0.62 yaw+5 pit+5 rc(7, 5, 0, 1)",0.2783,0.6079,0.2705,,
788,92678,787,,depth/000788.npy,1,121.0,256.0,-1.0,-100.0,-100.0,-100.0,-84.0,70.0,0.0,0.0,0.0,0.0,0.0,49.0,9,5,0,-5,"ORBIT pos+0.02 orbit L0.29 M0.64 R0.26 tn0.63 yaw+0 pit+5 rc(9, 5, 0, -5)",0.2864,0.6353,0.2627,,
789,92797,788,,depth/000789.npy,1,119.7,266.9,-1.0,-100.0,-100.0,-100.0,-84.0,70.0,0.0,0.0,0.0,0.0,0.0,49.0,10,5,0,-6,"ORBIT pos-0.00 orbit L0.29 M0.63 R0.27 tn0.63 yaw+0 pit+5 rc(10, 5, 0, -6)",0.2903,0.6313,0.2744,,
790,92913,789,,depth/000790.npy,1,122.4,250.4,-1.0,-100.0,-100.0,-100.0,-84.0,70.0,0.0,0.0,0.0,0.0,0.0,49.0,9,0,0,-5,"ORBIT pos-0.04 orbit L0.30 M0.64 R0.27 tn0.64 yaw+0 pit+0 rc(9, 0, 0, -5)",0.302,0.6431,0.2744,,
791,93037,790,,depth/000791.npy,1,121.4,275.1,-1.0,-100.0,-100.0,-100.0,-84.0,70.0,0.0,0.0,0.0,0.0,0.0,49.0,8,0,0,-5,"ORBIT pos-0.05 orbit L0.31 M0.64 R0.28 tn0.65 yaw+0 pit+0 rc(8, 0, 0, -5)",0.3098,0.6392,0.2783,,
792,93152,791,,depth/000792.npy,1,124.6,290.7,-1.0,-100.0,-100.0,-100.0,-84.0,70.0,0.0,0.0,0.0,0.0,0.0,49.0,7,0,0,-10,"ORBIT pos-0.07 orbit L0.31 M0.64 R0.28 tn0.65 yaw-6 pit+0 rc(7, 0, 0, -10)",0.3137,0.6353,0.2825,,
793,93268,792,,depth/000793.npy,1,125.3,238.0,-1.0,-100.0,-100.0,-100.0,-84.0,70.0,0.0,0.0,0.0,0.0,0.0,49.0,7,0,0,-10,"ORBIT pos-0.08 orbit L0.32 M0.63 R0.28 tn0.65 yaw-6 pit+0 rc(7, 0, 0, -10)",0.3196,0.6274,0.2825,,
794,93382,793,,depth/000794.npy,1,122.9,288.6,-1.0,-100.0,-100.0,-100.0,-84.0,70.0,0.0,0.0,0.0,0.0,0.0,49.0,6,0,0,-11,"ORBIT pos-0.09 orbit L0.33 M0.62 R0.28 tn0.65 yaw-7 pit+0 rc(6, 0, 0, -11)",0.3293,0.6157,0.2783,,
795,93498,794,,depth/000795.npy,1,120.4,237.1,-1.0,-100.0,-100.0,-100.0,-84.0,70.0,0.0,0.0,0.0,0.0,0.0,49.0,6,0,0,-12,"ORBIT pos-0.10 orbit L0.33 M0.61 R0.27 tn0.65 yaw-8 pit+0 rc(6, 0, 0, -12)",0.3333,0.6118,0.2744,,
796,93612,795,,depth/000796.npy,1,122.5,217.4,-1.0,-100.0,-100.0,-100.0,-84.0,70.0,0.0,0.0,0.0,0.0,0.0,49.0,6,0,0,-13,"ORBIT pos-0.11 orbit L0.34 M0.62 R0.28 tn0.64 yaw-9 pit+0 rc(6, 0, 0, -13)",0.3411,0.6235,0.2783,,
797,93728,796,,depth/000797.npy,1,123.9,232.8,-1.0,-100.0,-100.0,-100.0,-84.0,70.0,0.0,0.0,0.0,0.0,0.0,49.0,5,0,0,-12,"ORBIT pos-0.11 orbit L0.34 M0.62 R0.28 tn0.64 yaw-9 pit+0 rc(5, 0, 0, -12)",0.3372,0.6157,0.2744,,
798,93846,797,,depth/000798.npy,1,120.9,251.3,-1.0,-100.0,-100.0,-100.0,-85.0,70.0,0.0,0.0,0.0,0.0,0.0,49.0,5,0,0,-13,"ORBIT pos-0.12 orbit L0.34 M0.61 R0.27 tn0.64 yaw-10 pit+0 rc(5, 0, 0, -13)",0.3372,0.6138,0.2666,,
799,93971,798,,depth/000799.npy,1,123.7,243.4,-1.0,-100.0,-100.0,-100.0,-85.0,70.0,0.0,0.0,0.0,0.0,0.0,49.0,5,0,0,-13,"ORBIT pos-0.12 orbit L0.34 M0.61 R0.27 tn0.65 yaw-10 pit+0 rc(5, 0, 0, -13)",0.3411,0.5962,0.2627,,
800,94097,799,,depth/000800.npy,1,121.7,234.2,-1.0,-100.0,-100.0,-100.0,-86.0,70.0,0.0,0.0,0.0,0.0,0.0,49.0,5,5,0,-14,"ORBIT pos-0.13 orbit L0.34 M0.60 R0.27 tn0.64 yaw-11 pit+5 rc(5, 5, 0, -14)",0.3411,0.5962,0.2666,,
801,94214,800,,depth/000801.npy,1,121.1,217.1,-1.0,-100.0,-100.0,-100.0,-86.0,70.0,0.0,0.0,0.0,0.0,0.0,49.0,5,5,0,-14,"ORBIT pos-0.14 orbit L0.34 M0.60 R0.27 tn0.64 yaw-11 pit+5 rc(5, 5, 0, -14)",0.3411,0.5903,0.2666,,
802,94328,801,,depth/000802.npy,1,121.4,230.9,-1.0,-100.0,-100.0,-100.0,-87.0,70.0,0.0,0.0,0.0,0.0,0.0,49.0,4,5,0,-13,"ORBIT pos-0.14 orbit L0.35 M0.60 R0.26 tn0.64 yaw-11 pit+5 rc(4, 5, 0, -13)",0.3491,0.6001,0.2627,,
803,94451,802,,depth/000803.npy,1,125.0,218.3,-1.0,-100.0,-100.0,-100.0,-87.0,70.0,0.0,0.0,0.0,0.0,0.0,49.0,4,0,0,-14,"ORBIT pos-0.15 orbit L0.35 M0.60 R0.26 tn0.64 yaw-12 pit+0 rc(4, 0, 0, -14)",0.3431,0.6079,0.2783,,
804,94568,803,,depth/000804.npy,1,121.1,247.2,-1.0,-100.0,-100.0,-100.0,-88.0,70.0,0.0,0.0,0.0,0.0,0.0,49.0,4,0,0,-13,"ORBIT pos-0.14 orbit L0.33 M0.61 R0.27 tn0.64 yaw-11 pit+0 rc(4, 0, 0, -13)",0.3293,0.6118,0.2705,,
805,94683,804,,depth/000805.npy,1,123.6,178.8,-1.0,-100.0,-100.0,-100.0,-88.0,70.0,0.0,0.0,0.0,0.0,0.0,49.0,4,0,0,-13,"ORBIT pos-0.14 orbit L0.33 M0.61 R0.27 tn0.64 yaw-11 pit+0 rc(4, 0, 0, -13)",0.3215,0.6118,0.2744,,
806,94798,805,,depth/000806.npy,1,118.4,226.4,-1.0,-100.0,-100.0,-100.0,-88.0,70.0,0.0,0.0,0.0,0.0,0.0,49.0,5,0,0,-14,"ORBIT pos-0.13 orbit L0.32 M0.63 R0.28 tn0.65 yaw-11 pit+0 rc(5, 0, 0, -14)",0.3176,0.6274,0.2764,,
807,94923,806,,depth/000807.npy,1,123.6,274.9,-1.0,-100.0,-100.0,-100.0,-88.0,70.0,0.0,0.0,0.0,0.0,0.0,49.0,5,0,0,-13,"ORBIT pos-0.13 orbit L0.32 M0.63 R0.28 tn0.65 yaw-10 pit+0 rc(5, 0, 0, -13)",0.3137,0.6196,0.2783,,
808,95038,807,,depth/000808.npy,1,119.4,190.0,-1.0,-100.0,-100.0,-100.0,-89.0,70.0,0.0,0.0,0.0,0.0,0.0,49.0,5,0,0,-13,"ORBIT pos-0.12 orbit L0.31 M0.62 R0.28 tn0.65 yaw-10 pit+0 rc(5, 0, 0, -13)",0.3137,0.6392,0.2744,,
809,95154,808,,depth/000809.npy,1,114.4,149.8,-1.0,-100.0,-100.0,-100.0,-89.0,70.0,0.0,0.0,0.0,0.0,0.0,49.0,5,0,0,-12,"ORBIT pos-0.12 orbit L0.31 M0.64 R0.27 tn0.65 yaw-9 pit+0 rc(5, 0, 0, -12)",0.3079,0.6431,0.2705,,
810,95268,809,,depth/000809.npy,1,114.4,263.5,-1.0,-100.0,-100.0,-100.0,-89.0,70.0,0.0,0.0,0.0,0.0,0.0,49.0,6,0,0,-12,"ORBIT pos-0.11 orbit L0.31 M0.64 R0.27 tn0.66 yaw-8 pit+0 rc(6, 0, 0, -12)",0.3079,0.6431,0.2705,,
811,95392,810,,depth/000811.npy,1,122.6,262.3,-1.0,-100.0,-100.0,-100.0,-90.0,70.0,0.0,0.0,0.0,0.0,0.0,49.0,6,0,0,-12,"ORBIT pos-0.10 orbit L0.29 M0.65 R0.26 tn0.66 yaw-8 pit+0 rc(6, 0, 0, -12)",0.2942,0.6509,0.2627,,
812,95507,811,,depth/000812.npy,1,122.8,296.6,-1.0,-100.0,-100.0,-100.0,-90.0,70.0,0.0,0.0,0.0,0.0,0.0,49.0,6,0,0,-11,"ORBIT pos-0.09 orbit L0.29 M0.64 R0.27 tn0.66 yaw-7 pit+0 rc(6, 0, 0, -11)",0.2942,0.6353,0.2666,,
813,95624,812,,depth/000813.npy,1,122.8,262.4,-1.0,-100.0,-100.0,-100.0,-90.0,70.0,0.0,0.0,0.0,0.0,0.0,49.0,6,0,0,-11,"ORBIT pos-0.09 orbit L0.30 M0.68 R0.26 tn0.67 yaw-7 pit+0 rc(6, 0, 0, -11)",0.2981,0.6821,0.2588,,
814,95740,813,,depth/000814.npy,1,120.7,310.4,-1.0,-100.0,-100.0,-100.0,-90.0,70.0,0.0,0.0,0.0,0.0,0.0,49.0,7,0,0,-11,"ORBIT pos-0.08 orbit L0.29 M0.68 R0.26 tn0.68 yaw-7 pit+0 rc(7, 0, 0, -11)",0.2942,0.6782,0.2627,,
815,95866,814,,depth/000815.npy,1,123.2,270.1,-1.0,-100.0,-100.0,-100.0,-90.0,70.0,0.0,0.0,0.0,0.0,0.0,49.0,7,0,0,-10,"ORBIT pos-0.08 orbit L0.30 M0.65 R0.27 tn0.68 yaw-6 pit+0 rc(7, 0, 0, -10)",0.2981,0.6548,0.2666,,
816,95980,815,,depth/000816.npy,1,120.0,255.4,-1.0,-100.0,-100.0,-100.0,-90.0,70.0,0.0,0.0,0.0,0.0,0.0,48.0,7,0,0,-10,"ORBIT pos-0.08 orbit L0.30 M0.65 R0.27 tn0.68 yaw-6 pit+0 rc(7, 0, 0, -10)",0.302,0.6509,0.2666,,
817,96097,816,,depth/000817.npy,1,125.2,268.0,-1.0,-100.0,-100.0,-100.0,-90.0,70.0,0.0,0.0,0.0,0.0,0.0,48.0,7,0,0,-10,"ORBIT pos-0.08 orbit L0.31 M0.66 R0.27 tn0.67 yaw-6 pit+0 rc(7, 0, 0, -10)",0.3098,0.6587,0.2705,,
818,96212,817,,depth/000818.npy,1,120.3,248.2,-1.0,-100.0,-100.0,-100.0,-91.0,70.0,0.0,0.0,0.0,0.0,0.0,48.0,7,0,0,-10,"ORBIT pos-0.08 orbit L0.31 M0.65 R0.27 tn0.67 yaw-6 pit+0 rc(7, 0, 0, -10)",0.3098,0.647,0.2705,,
819,96337,818,,depth/000819.npy,1,119.9,239.9,-1.0,-100.0,-100.0,-100.0,-91.0,70.0,0.0,0.0,0.0,0.0,0.0,48.0,7,0,0,-10,"ORBIT pos-0.08 orbit L0.31 M0.64 R0.27 tn0.66 yaw-6 pit+0 rc(7, 0, 0, -10)",0.3059,0.6392,0.2705,,
820,96461,819,,depth/000820.npy,1,121.4,266.1,-1.0,-100.0,-100.0,-100.0,-91.0,70.0,0.0,0.0,0.0,0.0,0.0,48.0,7,0,0,-10,"ORBIT pos-0.08 orbit L0.30 M0.64 R0.27 tn0.66 yaw-6 pit+0 rc(7, 0, 0, -10)",0.302,0.6431,0.2666,,
821,96580,820,,depth/000821.npy,1,123.6,283.0,-1.0,-100.0,-100.0,-100.0,-91.0,70.0,0.0,0.0,0.0,0.0,0.0,48.0,7,0,0,-10,"ORBIT pos-0.08 orbit L0.30 M0.65 R0.27 tn0.66 yaw-6 pit+0 rc(7, 0, 0, -10)",0.302,0.647,0.2705,,
822,96705,821,,depth/000822.npy,1,123.8,275.5,-1.0,-100.0,-100.0,-100.0,-92.0,70.0,0.0,0.0,0.0,0.0,0.0,48.0,7,0,0,-10,"ORBIT pos-0.08 orbit L0.30 M0.65 R0.27 tn0.66 yaw-6 pit+0 rc(7, 0, 0, -10)",0.304,0.647,0.2705,,
823,96830,822,,depth/000823.npy,1,141.2,267.7,-1.0,-100.0,-100.0,-100.0,-92.0,70.0,0.0,0.0,0.0,0.0,0.0,48.0,7,0,0,-10,"ORBIT pos-0.08 orbit L0.29 M0.65 R0.27 tn0.66 yaw-6 pit+0 rc(7, 0, 0, -10)",0.2942,0.6548,0.2705,,
824,96955,823,,depth/000824.npy,1,132.6,229.2,-1.0,-100.0,-100.0,-100.0,-92.0,70.0,0.0,0.0,0.0,0.0,0.0,48.0,7,0,0,-10,"ORBIT pos-0.08 orbit L0.29 M0.66 R0.27 tn0.67 yaw-6 pit+0 rc(7, 0, 0, -10)",0.2942,0.6626,0.2705,,
825,97071,824,,depth/000825.npy,1,114.4,207.8,-1.0,-100.0,-100.0,-100.0,-92.0,70.0,0.0,0.0,0.0,0.0,0.0,48.0,7,0,0,-10,"ORBIT pos-0.07 orbit L0.29 M0.66 R0.27 tn0.67 yaw-6 pit+0 rc(7, 0, 0, -10)",0.2942,0.6548,0.2705,,
826,97186,825,,depth/000826.npy,1,127.0,212.5,-1.0,-100.0,-100.0,-100.0,-93.0,70.0,0.0,0.0,0.0,0.0,0.0,48.0,7,0,0,-9,"ORBIT pos-0.06 orbit L0.29 M0.65 R0.29 tn0.68 yaw-5 pit+0 rc(7, 0, 0, -9)",0.2942,0.6548,0.2864,,
827,97308,826,,depth/000827.npy,1,125.8,213.1,-1.0,-100.0,-100.0,-100.0,-93.0,70.0,0.0,0.0,0.0,0.0,0.0,48.0,8,0,0,-10,"ORBIT pos-0.06 orbit L0.29 M0.65 R0.29 tn0.68 yaw-5 pit+0 rc(8, 0, 0, -10)",0.2864,0.647,0.2783,,
828,97433,827,,depth/000828.npy,1,119.2,224.2,-1.0,-100.0,-100.0,-100.0,-93.0,70.0,0.0,0.0,0.0,0.0,0.0,48.0,8,0,0,-9,"ORBIT pos-0.05 orbit L0.29 M0.65 R0.28 tn0.68 yaw-4 pit+0 rc(8, 0, 0, -9)",0.2864,0.647,0.2825,,
829,97549,828,,depth/000829.npy,1,122.5,253.2,-1.0,-100.0,-100.0,-100.0,-94.0,70.0,0.0,0.0,0.0,0.0,0.0,48.0,8,0,0,-9,"ORBIT pos-0.05 orbit L0.29 M0.65 R0.28 tn0.68 yaw-4 pit+0 rc(8, 0, 0, -9)",0.2825,0.6313,0.2764,,
830,97665,829,,depth/000830.npy,1,122.7,234.1,-1.0,-100.0,-100.0,-100.0,-94.0,70.0,0.0,0.0,0.0,0.0,0.0,48.0,8,0,0,-5,"ORBIT pos-0.04 orbit L0.28 M0.67 R0.28 tn0.67 yaw+0 pit+0 rc(8, 0, 0, -5)",0.2783,0.6665,0.2825,,
831,97789,830,,depth/000831.npy,1,121.0,192.3,-1.0,-100.0,-100.0,-100.0,-94.0,70.0,0.0,0.0,0.0,0.0,0.0,48.0,8,0,0,-5,"ORBIT pos-0.04 orbit L0.28 M0.67 R0.28 tn0.68 yaw+0 pit+0 rc(8, 0, 0, -5)",0.2744,0.6587,0.3079,,
832,97914,831,,depth/000832.npy,1,120.1,218.6,-1.0,-100.0,-100.0,-100.0,-94.0,70.0,0.0,0.0,0.0,0.0,0.0,48.0,9,0,0,-5,"ORBIT pos-0.03 orbit L0.27 M0.65 R0.30 tn0.68 yaw+0 pit+0 rc(9, 0, 0, -5)",0.2705,0.6548,0.302,,
833,98030,832,,depth/000833.npy,1,120.9,235.1,-1.0,-100.0,-100.0,-100.0,-95.0,70.0,0.0,0.0,0.0,0.0,0.0,48.0,9,0,0,-5,"ORBIT pos-0.03 orbit L0.27 M0.65 R0.30 tn0.67 yaw+0 pit+0 rc(9, 0, 0, -5)",0.2705,0.6528,0.302,,
834,98144,833,,depth/000834.npy,1,126.2,215.9,-1.0,-100.0,-100.0,-100.0,-95.0,70.0,0.0,0.0,0.0,0.0,0.0,48.0,9,0,0,-5,"ORBIT pos-0.02 orbit L0.27 M0.65 R0.31 tn0.67 yaw+0 pit+0 rc(9, 0, 0, -5)",0.2666,0.647,0.3059,,
835,98268,834,,depth/000835.npy,1,123.1,303.6,-1.0,-100.0,-100.0,-100.0,-95.0,70.0,0.0,0.0,0.0,0.0,0.0,48.0,9,0,0,-5,"ORBIT pos-0.02 orbit L0.27 M0.65 R0.31 tn0.67 yaw+0 pit+0 rc(9, 0, 0, -5)",0.2705,0.6587,0.3059,,
836,98392,835,,depth/000836.npy,1,115.4,197.8,-1.0,-100.0,-100.0,-100.0,-95.0,70.0,0.0,0.0,0.0,0.0,0.0,48.0,9,0,0,-5,"ORBIT pos-0.02 orbit L0.28 M0.68 R0.29 tn0.67 yaw+0 pit+0 rc(9, 0, 0, -5)",0.2825,0.6782,0.2903,,
837,98508,836,,depth/000837.npy,1,127.3,212.2,-1.0,-100.0,-100.0,-100.0,-95.0,70.0,0.0,0.0,0.0,0.0,0.0,48.0,9,0,0,-5,"ORBIT pos-0.02 orbit L0.28 M0.68 R0.29 tn0.68 yaw+0 pit+0 rc(9, 0, 0, -5)",0.2864,0.6704,0.2825,,
838,98623,837,,depth/000838.npy,1,119.6,161.7,-1.0,-100.0,-100.0,-100.0,-95.0,70.0,0.0,0.0,0.0,0.0,0.0,48.0,9,0,0,-5,"ORBIT pos-0.02 orbit L0.29 M0.67 R0.28 tn0.68 yaw+0 pit+0 rc(9, 0, 0, -5)",0.2903,0.6943,0.2864,,
839,98748,838,,depth/000839.npy,1,121.6,187.2,-1.0,-100.0,-100.0,-100.0,-95.0,70.0,0.0,0.0,0.0,0.0,0.0,48.0,9,0,0,-5,"ORBIT pos-0.02 orbit L0.29 M0.69 R0.29 tn0.68 yaw+0 pit+0 rc(9, 0, 0, -5)",0.2864,0.686,0.2844,,
840,98861,839,,depth/000840.npy,1,119.5,168.0,-1.0,-100.0,-100.0,-100.0,-94.0,70.0,0.0,0.0,0.0,0.0,0.0,48.0,9,0,0,-5,"ORBIT pos-0.03 orbit L0.29 M0.69 R0.28 tn0.69 yaw+0 pit+0 rc(9, 0, 0, -5)",0.2961,0.6821,0.2705,,
841,98979,840,,depth/000841.npy,1,128.4,184.1,-1.0,-100.0,-100.0,-100.0,-94.0,70.0,0.0,0.0,0.0,0.0,0.0,48.0,9,0,0,-5,"ORBIT pos-0.03 orbit L0.30 M0.68 R0.27 tn0.69 yaw+0 pit+0 rc(9, 0, 0, -5)",0.2981,0.6782,0.2705,,
842,99094,841,,depth/000842.npy,1,120.3,163.8,-1.0,-100.0,-100.0,-100.0,-94.0,70.0,0.0,0.0,0.0,0.0,0.0,48.0,8,0,0,-5,"ORBIT pos-0.04 orbit L0.30 M0.68 R0.27 tn0.69 yaw+0 pit+0 rc(8, 0, 0, -5)",0.302,0.6626,0.2705,,
843,99221,842,,depth/000843.npy,1,120.7,189.4,-1.0,-100.0,-100.0,-100.0,-94.0,70.0,0.0,0.0,0.0,0.0,0.0,48.0,8,0,0,-5,"ORBIT pos-0.05 orbit L0.30 M0.66 R0.27 tn0.68 yaw+0 pit+0 rc(8, 0, 0, -5)",0.3098,0.6626,0.2744,,
844,99346,843,,depth/000844.npy,1,119.8,220.1,-1.0,-100.0,-100.0,-100.0,-94.0,70.0,0.0,0.0,0.0,0.0,0.0,48.0,8,0,0,-9,"ORBIT pos-0.05 orbit L0.31 M0.66 R0.27 tn0.68 yaw-4 pit+0 rc(8, 0, 0, -9)",0.3098,0.6587,0.2744,,
845,99463,844,,depth/000845.npy,1,123.1,169.3,-1.0,-100.0,-100.0,-100.0,-93.0,70.0,0.0,0.0,0.0,0.0,0.0,48.0,8,0,0,-10,"ORBIT pos-0.06 orbit L0.31 M0.66 R0.27 tn0.68 yaw-5 pit+0 rc(8, 0, 0, -10)",0.3176,0.686,0.2783,,
846,99579,845,,depth/000845.npy,1,123.1,284.4,-1.0,-100.0,-100.0,-100.0,-93.0,70.0,0.0,0.0,0.0,0.0,0.0,48.0,7,0,0,-9,"ORBIT pos-0.07 orbit L0.32 M0.69 R0.28 tn0.68 yaw-5 pit+0 rc(7, 0, 0, -9)",0.3176,0.686,0.2783,,
847,99693,846,,depth/000847.npy,1,138.0,292.4,-1.0,-100.0,-100.0,-100.0,-93.0,70.0,0.0,0.0,0.0,0.0,0.0,48.0,7,0,0,-10,"ORBIT pos-0.08 orbit L0.32 M0.69 R0.28 tn0.69 yaw-6 pit+0 rc(7, 0, 0, -10)",0.3215,0.6904,0.2825,,
848,99818,847,,depth/000848.npy,1,141.0,292.0,-1.0,-100.0,-100.0,-100.0,-93.0,70.0,0.0,0.0,0.0,0.0,0.0,48.0,7,0,0,-11,"ORBIT pos-0.08 orbit L0.33 M0.67 R0.28 tn0.69 yaw-7 pit+0 rc(7, 0, 0, -11)",0.3333,0.6743,0.2825,,
849,99934,848,,depth/000849.npy,1,116.4,305.3,-1.0,-100.0,-100.0,-100.0,-92.0,70.0,0.0,0.0,0.0,0.0,0.0,48.0,6,0,0,-11,"ORBIT pos-0.09 orbit L0.33 M0.68 R0.27 tn0.69 yaw-7 pit+0 rc(6, 0, 0, -11)",0.3293,0.6782,0.2744,,
850,100060,849,,depth/000850.npy,1,127.0,295.2,-1.0,-100.0,-100.0,-100.0,-92.0,70.0,0.0,0.0,0.0,0.0,0.0,48.0,6,0,0,-12,"ORBIT pos-0.10 orbit L0.34 M0.69 R0.28 tn0.70 yaw-8 pit+0 rc(6, 0, 0, -12)",0.3411,0.6904,0.2783,,
851,100185,850,,depth/000851.npy,1,117.7,289.1,-1.0,-100.0,-100.0,-100.0,-92.0,70.0,0.0,0.0,0.0,0.0,0.0,48.0,6,0,0,-13,"ORBIT pos-0.11 orbit L0.34 M0.69 R0.27 tn0.70 yaw-9 pit+0 rc(6, 0, 0, -13)",0.3391,0.6904,0.2725,,
852,100299,851,,depth/000852.npy,1,120.0,264.8,-1.0,-100.0,-100.0,-100.0,-92.0,70.0,0.0,0.0,0.0,0.0,0.0,48.0,5,0,0,-12,"ORBIT pos-0.12 orbit L0.35 M0.69 R0.26 tn0.70 yaw-9 pit+0 rc(5, 0, 0, -12)",0.3452,0.6904,0.2588,,
853,100415,852,,depth/000853.npy,1,119.5,283.9,-1.0,-100.0,-100.0,-100.0,-92.0,70.0,0.0,0.0,0.0,0.0,0.0,48.0,5,0,0,-13,"ORBIT pos-0.12 orbit L0.35 M0.67 R0.25 tn0.70 yaw-10 pit+0 rc(5, 0, 0, -13)",0.3452,0.6665,0.249,,
854,100529,853,,depth/000854.npy,1,126.1,266.9,-1.0,-100.0,-100.0,-100.0,-91.0,70.0,0.0,0.0,0.0,0.0,0.0,48.0,5,0,0,-14,"ORBIT pos-0.14 orbit L0.37 M0.66 R0.26 tn0.70 yaw-11 pit+0 rc(5, 0, 0, -14)",0.3726,0.6626,0.2607,,
855,100655,854,,depth/000855.npy,1,118.7,224.9,-1.0,-100.0,-100.0,-100.0,-91.0,70.0,0.0,0.0,0.0,0.0,0.0,48.0,4,0,0,-14,"ORBIT pos-0.15 orbit L0.38 M0.67 R0.26 tn0.71 yaw-12 pit+0 rc(4, 0, 0, -14)",0.3765,0.6704,0.2588,,
856,100770,855,,depth/000856.npy,1,121.3,209.5,-1.0,-100.0,-100.0,-100.0,-91.0,70.0,0.0,0.0,0.0,0.0,0.0,48.0,4,0,0,-15,"ORBIT pos-0.16 orbit L0.39 M0.66 R0.26 tn0.71 yaw-13 pit+0 rc(4, 0, 0, -15)",0.3882,0.6626,0.2627,,
857,100887,856,,depth/000857.npy,1,119.5,258.5,-1.0,-100.0,-100.0,-100.0,-91.0,70.0,0.0,0.0,0.0,0.0,0.0,48.0,3,0,0,-16,"ORBIT pos-0.17 orbit L0.39 M0.65 R0.26 tn0.71 yaw-14 pit+0 rc(3, 0, 0, -16)",0.3882,0.6509,0.2627,,
858,101011,857,,depth/000858.npy,1,124.3,215.8,-1.0,-100.0,-100.0,-100.0,-91.0,70.0,0.0,0.0,0.0,0.0,0.0,48.0,3,0,0,-17,"ORBIT pos-0.18 orbit L0.41 M0.63 R0.26 tn0.70 yaw-15 pit+0 rc(3, 0, 0, -17)",0.4059,0.6313,0.2627,,
859,101125,858,,depth/000859.npy,1,123.1,231.2,-1.0,-100.0,-100.0,-100.0,-91.0,70.0,0.0,0.0,0.0,0.0,0.0,48.0,2,0,0,-17,"ORBIT pos-0.19 orbit L0.42 M0.64 R0.27 tn0.70 yaw-16 pit+0 rc(2, 0, 0, -17)",0.4158,0.6392,0.2705,,
860,101249,859,,depth/000860.npy,1,119.4,222.7,-1.0,-100.0,-100.0,-100.0,-91.0,70.0,0.0,0.0,0.0,0.0,0.0,48.0,2,0,0,-17,"ORBIT pos-0.20 orbit L0.42 M0.63 R0.27 tn0.70 yaw-16 pit+0 rc(2, 0, 0, -17)",0.4158,0.6313,0.2744,,
861,101366,860,,depth/000861.npy,1,118.3,238.2,-1.0,-100.0,-100.0,-100.0,-91.0,70.0,0.0,0.0,0.0,0.0,0.0,48.0,2,0,0,-18,"ORBIT pos-0.21 orbit L0.42 M0.62 R0.27 tn0.70 yaw-17 pit+0 rc(2, 0, 0, -18)",0.4197,0.6196,0.2744,,
862,101492,861,,depth/000862.npy,1,123.3,222.4,-1.0,-100.0,-100.0,-100.0,-91.0,70.0,0.0,0.0,0.0,0.0,0.0,48.0,1,0,0,-18,"ORBIT pos-0.22 orbit L0.42 M0.62 R0.27 tn0.70 yaw-17 pit+0 rc(1, 0, 0, -18)",0.4236,0.6196,0.2744,,
863,101616,862,,depth/000863.npy,1,119.4,223.1,-1.0,-100.0,-100.0,-100.0,-92.0,70.0,0.0,0.0,0.0,0.0,0.0,48.0,1,0,0,-19,"ORBIT pos-0.22 orbit L0.42 M0.61 R0.27 tn0.71 yaw-18 pit+0 rc(1, 0, 0, -19)",0.4236,0.6118,0.2705,,
864,101730,863,,depth/000864.npy,1,118.3,206.2,-1.0,-100.0,-100.0,-100.0,-93.0,70.0,0.0,0.0,0.0,0.0,0.0,48.0,1,0,0,-19,"ORBIT pos-0.23 orbit L0.43 M0.61 R0.27 tn0.71 yaw-18 pit+0 rc(1, 0, 0, -19)",0.4255,0.606,0.2705,,
865,101849,864,,depth/000865.npy,1,128.6,223.0,-1.0,-100.0,-100.0,-100.0,-93.0,70.0,0.0,0.0,0.0,0.0,0.0,48.0,1,0,0,-19,"ORBIT pos-0.23 orbit L0.43 M0.61 R0.27 tn0.71 yaw-18 pit+0 rc(1, 0, 0, -19)",0.4314,0.604,0.2825,,
866,101964,865,,depth/000866.npy,1,147.8,234.2,-1.0,-100.0,-100.0,-100.0,-94.0,70.0,0.0,0.0,0.0,0.0,0.0,48.0,1,0,0,-20,"ORBIT pos-0.23 orbit L0.43 M0.60 R0.28 tn0.71 yaw-19 pit+0 rc(1, 0, 0, -20)",0.4197,0.6079,0.2825,,
867,102090,866,,depth/000867.npy,1,115.7,193.5,-1.0,-100.0,-100.0,-100.0,-95.0,70.0,0.0,0.0,0.0,0.0,0.0,48.0,1,0,0,-20,"ORBIT pos-0.23 orbit L0.40 M0.65 R0.27 tn0.70 yaw-19 pit+0 rc(1, 0, 0, -20)",0.3999,0.6548,0.2705,,
868,102214,867,,depth/000868.npy,1,124.4,185.4,-1.0,-100.0,-100.0,-100.0,-96.0,70.0,0.0,0.0,0.0,0.0,0.0,48.0,1,0,0,-19,"ORBIT pos-0.23 orbit L0.40 M0.65 R0.27 tn0.70 yaw-18 pit+0 rc(1, 0, 0, -19)",0.3687,0.6743,0.2588,,
869,102330,868,,depth/000869.npy,1,119.3,200.0,-1.0,-100.0,-100.0,-100.0,-98.0,70.0,0.0,0.0,0.0,0.0,0.0,48.0,2,0,0,-18,"ORBIT pos-0.21 orbit L0.34 M0.69 R0.26 tn0.70 yaw-17 pit+0 rc(2, 0, 0, -18)",0.3372,0.686,0.2627,,
870,102454,869,,depth/000870.npy,1,124.7,189.2,-1.0,-100.0,-100.0,-100.0,-99.0,70.0,0.0,0.0,0.0,0.0,0.0,48.0,2,0,0,-17,"ORBIT pos-0.20 orbit L0.34 M0.69 R0.26 tn0.70 yaw-16 pit+0 rc(2, 0, 0, -17)",0.2981,0.6782,0.2627,,
871,102578,870,,depth/000871.npy,1,118.8,229.7,-1.0,-100.0,-100.0,-100.0,-99.0,70.0,0.0,0.0,0.0,0.0,0.0,48.0,3,0,0,-15,"ORBIT pos-0.16 orbit L0.30 M0.65 R0.27 tn0.69 yaw-13 pit+0 rc(3, 0, 0, -15)",0.302,0.6548,0.2666,,
872,102703,871,,depth/000872.npy,1,121.8,176.8,-1.0,-100.0,-100.0,-100.0,-100.0,70.0,0.0,0.0,0.0,0.0,0.0,48.0,4,0,0,-14,"ORBIT pos-0.15 orbit L0.30 M0.65 R0.27 tn0.68 yaw-12 pit+0 rc(4, 0, 0, -14)",0.2783,0.6963,0.2903,,
873,102821,872,,depth/000873.npy,1,117.7,190.0,-1.0,-100.0,-100.0,-100.0,-101.0,70.0,0.0,0.0,0.0,0.0,0.0,48.0,6,0,0,-12,"ORBIT pos-0.10 orbit L0.26 M0.71 R0.31 tn0.69 yaw-8 pit+0 rc(6, 0, 0, -12)",0.2646,0.7061,0.3098,,
874,102946,873,,depth/000874.npy,1,125.2,182.2,-1.0,-100.0,-100.0,-100.0,-102.0,70.0,0.0,0.0,0.0,0.0,0.0,48.0,8,0,0,-10,"ORBIT pos-0.06 orbit L0.27 M0.67 R0.32 tn0.69 yaw-5 pit+0 rc(8, 0, 0, -10)",0.2666,0.6743,0.3176,,
875,103070,874,,depth/000875.npy,1,120.6,202.2,-1.0,-100.0,-100.0,-100.0,-103.0,70.0,0.0,0.0,0.0,0.0,0.0,48.0,9,0,0,-5,"ORBIT pos-0.04 orbit L0.27 M0.67 R0.32 tn0.69 yaw+0 pit+0 rc(9, 0, 0, -5)",0.2666,0.6704,0.3215,,
876,103195,875,,depth/000876.npy,1,118.8,231.2,-1.0,-100.0,-100.0,-100.0,-103.0,70.0,0.0,0.0,0.0,0.0,0.0,48.0,10,0,0,-6,"ORBIT pos+0.00 orbit L0.27 M0.69 R0.34 tn0.69 yaw+0 pit+0 rc(10, 0, 0, -6)",0.2705,0.6943,0.3372,,
877,103310,876,,depth/000877.npy,1,122.9,212.1,-1.0,-100.0,-100.0,-100.0,-103.0,70.0,0.0,0.0,0.0,0.0,0.0,48.0,9,0,0,-5,"ORBIT pos+0.02 orbit L0.27 M0.69 R0.34 tn0.70 yaw+0 pit+0 rc(9, 0, 0, -5)",0.2627,0.6904,0.3491,,
878,103435,877,,depth/000878.npy,1,122.2,172.0,-1.0,-100.0,-100.0,-100.0,-103.0,70.0,0.0,0.0,0.0,0.0,0.0,48.0,8,0,0,-1,"ORBIT pos+0.06 orbit L0.27 M0.68 R0.36 tn0.70 yaw+4 pit+0 rc(8, 0, 0, -1)",0.2705,0.6802,0.3647,,
879,103551,878,,depth/000879.npy,1,124.5,211.4,-1.0,-100.0,-100.0,-100.0,-104.0,70.0,0.0,0.0,0.0,0.0,0.0,48.0,7,0,0,2,"ORBIT pos+0.07 orbit L0.27 M0.68 R0.36 tn0.70 yaw+6 pit+0 rc(7, 0, 0, 2)",0.2705,0.6821,0.3647,,
880,103666,879,,depth/000880.npy,1,119.4,204.2,-1.0,-100.0,-100.0,-100.0,-103.0,70.0,0.0,0.0,0.0,0.0,0.0,48.0,6,0,0,3,"ORBIT pos+0.09 orbit L0.27 M0.68 R0.37 tn0.71 yaw+7 pit+0 rc(6, 0, 0, 3)",0.2725,0.6821,0.3726,,
881,103780,880,,depth/000881.npy,1,120.7,186.8,-1.0,-100.0,-100.0,-100.0,-103.0,70.0,0.0,0.0,0.0,0.0,0.0,48.0,6,0,0,4,"ORBIT pos+0.10 orbit L0.27 M0.68 R0.37 tn0.71 yaw+8 pit+0 rc(6, 0, 0, 4)",0.2686,0.6743,0.3726,,
882,103898,881,,depth/000882.npy,1,126.5,167.2,-1.0,-100.0,-100.0,-100.0,-103.0,70.0,0.0,0.0,0.0,0.0,0.0,48.0,5,0,0,7,"ORBIT pos+0.12 orbit L0.27 M0.67 R0.37 tn0.71 yaw+10 pit+0 rc(5, 0, 0, 7)",0.2646,0.6743,0.3608,,
883,104012,882,,depth/000883.npy,1,118.8,217.0,-1.0,-100.0,-100.0,-100.0,-103.0,70.0,0.0,0.0,0.0,0.0,0.0,48.0,5,0,0,7,"ORBIT pos+0.12 orbit L0.26 M0.67 R0.36 tn0.71 yaw+10 pit+0 rc(5, 0, 0, 7)",0.2627,0.6548,0.3608,,
884,104127,883,,depth/000884.npy,1,122.0,168.2,-1.0,-100.0,-100.0,-100.0,-103.0,70.0,0.0,0.0,0.0,0.0,0.0,48.0,5,0,0,7,"ORBIT pos+0.13 orbit L0.26 M0.65 R0.36 tn0.70 yaw+10 pit+0 rc(5, 0, 0, 7)",0.2666,0.6665,0.3491,,
885,104241,884,,depth/000884.npy,1,122.0,284.4,-1.0,-100.0,-100.0,-100.0,-102.0,70.0,0.0,0.0,0.0,0.0,0.0,48.0,5,0,0,8,"ORBIT pos+0.13 orbit L0.27 M0.67 R0.35 tn0.70 yaw+11 pit+0 rc(5, 0, 0, 8)",0.2666,0.6665,0.3491,,
886,104360,885,,depth/000886.npy,1,126.6,295.8,-1.0,-100.0,-100.0,-100.0,-102.0,70.0,0.0,0.0,0.0,0.0,0.0,48.0,5,0,0,7,"ORBIT pos+0.13 orbit L0.26 M0.65 R0.35 tn0.70 yaw+10 pit+0 rc(5, 0, 0, 7)",0.2646,0.6548,0.3452,,
887,104479,886,,depth/000887.npy,1,130.2,249.2,-1.0,-100.0,-100.0,-100.0,-101.0,70.0,0.0,0.0,0.0,0.0,0.0,48.0,5,0,0,7,"ORBIT pos+0.13 orbit L0.26 M0.64 R0.33 tn0.69 yaw+10 pit+0 rc(5, 0, 0, 7)",0.2568,0.6431,0.3254,,
888,104598,887,,depth/000888.npy,1,133.2,257.1,-1.0,-100.0,-100.0,-100.0,-101.0,70.0,0.0,0.0,0.0,0.0,0.0,48.0,5,0,0,6,"ORBIT pos+0.12 orbit L0.26 M0.64 R0.33 tn0.68 yaw+9 pit+0 rc(5, 0, 0, 6)",0.2627,0.6392,0.3254,,
889,104717,888,,depth/000889.npy,1,132.2,224.8,-1.0,-100.0,-100.0,-100.0,-100.0,70.0,0.0,0.0,0.0,0.0,0.0,48.0,5,0,0,6,"ORBIT pos+0.11 orbit L0.27 M0.69 R0.33 tn0.69 yaw+9 pit+0 rc(5, 0, 0, 6)",0.2705,0.686,0.3293,,
890,104832,889,,depth/000890.npy,1,133.2,218.4,-1.0,-100.0,-100.0,-100.0,-100.0,70.0,0.0,0.0,0.0,0.0,0.0,48.0,6,0,0,4,"ORBIT pos+0.10 orbit L0.27 M0.67 R0.31 tn0.69 yaw+8 pit+0 rc(6, 0, 0, 4)",0.2666,0.6704,0.3137,,
891,104948,890,,depth/000891.npy,1,130.9,217.2,-1.0,-100.0,-100.0,-100.0,-100.0,70.0,0.0,0.0,0.0,0.0,0.0,48.0,6,0,0,4,"ORBIT pos+0.10 orbit L0.27 M0.67 R0.31 tn0.69 yaw+8 pit+0 rc(6, 0, 0, 4)",0.2666,0.6821,0.3059,,
892,105063,891,,depth/000892.npy,1,120.5,165.1,-1.0,-100.0,-100.0,-100.0,-100.0,70.0,0.0,0.0,0.0,0.0,0.0,48.0,7,0,0,2,"ORBIT pos+0.08 orbit L0.27 M0.66 R0.30 tn0.69 yaw+6 pit+0 rc(7, 0, 0, 2)",0.2666,0.6587,0.2981,,
893,105186,892,,depth/000893.npy,1,123.1,203.5,-1.0,-100.0,-100.0,-100.0,-100.0,70.0,0.0,0.0,0.0,0.0,0.0,48.0,7,0,0,1,"ORBIT pos+0.07 orbit L0.27 M0.66 R0.30 tn0.68 yaw+5 pit+0 rc(7, 0, 0, 1)",0.2705,0.6626,0.3059,,
894,105302,893,,depth/000894.npy,1,116.7,171.1,-1.0,-100.0,-100.0,-100.0,-100.0,70.0,0.0,0.0,0.0,0.0,0.0,48.0,8,0,0,-5,"ORBIT pos+0.04 orbit L0.27 M0.67 R0.30 tn0.68 yaw+0 pit+0 rc(8, 0, 0, -5)",0.2744,0.6665,0.302,,
895,105427,894,,depth/000895.npy,1,125.7,196.4,-1.0,-100.0,-100.0,-100.0,-100.0,70.0,0.0,0.0,0.0,0.0,0.0,48.0,9,0,0,-5,"ORBIT pos+0.04 orbit L0.27 M0.67 R0.30 tn0.68 yaw+0 pit+0 rc(9, 0, 0, -5)",0.2744,0.6646,0.302,,
896,105551,895,,depth/000896.npy,1,120.0,243.7,-1.0,-100.0,-100.0,-100.0,-101.0,70.0,0.0,0.0,0.0,0.0,0.0,48.0,9,0,0,-5,"ORBIT pos+0.02 orbit L0.27 M0.65 R0.30 tn0.68 yaw+0 pit+0 rc(9, 0, 0, -5)",0.2744,0.6509,0.2981,,
897,105676,896,,depth/000897.npy,1,121.4,183.8,-1.0,-100.0,-100.0,-100.0,-101.0,70.0,0.0,0.0,0.0,0.0,0.0,48.0,9,0,0,-5,"ORBIT pos+0.01 orbit L0.27 M0.65 R0.30 tn0.67 yaw+0 pit+0 rc(9, 0, 0, -5)",0.2903,0.6626,0.2981,,
898,105792,897,,depth/000898.npy,1,121.3,165.3,-1.0,-100.0,-100.0,-100.0,-102.0,70.0,0.0,0.0,0.0,0.0,0.0,48.0,10,0,0,-6,"ORBIT pos+0.00 orbit L0.29 M0.67 R0.30 tn0.68 yaw+0 pit+0 rc(10, 0, 0, -6)",0.2942,0.6743,0.302,,
899,105919,898,,depth/000899.npy,1,120.7,179.0,-1.0,-100.0,-100.0,-100.0,-103.0,70.0,0.0,0.0,0.0,0.0,0.0,48.0,10,0,0,-6,"ORBIT pos-0.01 orbit L0.29 M0.67 R0.30 tn0.68 yaw+0 pit+0 rc(10, 0, 0, -6)",0.2903,0.6665,0.2981,,
900,106043,899,,depth/000900.npy,1,121.2,212.9,-1.0,-100.0,-100.0,-100.0,-103.0,70.0,0.0,0.0,0.0,0.0,0.0,48.0,10,0,0,-6,"ORBIT pos-0.01 orbit L0.29 M0.67 R0.30 tn0.68 yaw+0 pit+0 rc(10, 0, 0, -6)",0.2981,0.6704,0.3059,,
901,106158,900,,depth/000901.npy,1,121.6,186.1,-1.0,-100.0,-100.0,-100.0,-105.0,70.0,0.0,0.0,0.0,0.0,0.0,48.0,10,0,0,-6,"ORBIT pos-0.01 orbit L0.28 M0.67 R0.31 tn0.68 yaw+0 pit+0 rc(10, 0, 0, -6)",0.2783,0.6704,0.3059,,
902,106275,901,,depth/000902.npy,1,124.5,175.7,-1.0,-100.0,-100.0,-100.0,-105.0,70.0,0.0,0.0,0.0,0.0,0.0,48.0,10,0,0,-6,"ORBIT pos-0.01 orbit L0.28 M0.67 R0.31 tn0.68 yaw+0 pit+0 rc(10, 0, 0, -6)",0.2705,0.647,0.3137,,
903,106389,902,,depth/000903.npy,1,119.3,220.8,-1.0,-100.0,-100.0,-100.0,-106.0,70.0,0.0,0.0,0.0,0.0,0.0,48.0,10,0,0,-6,"ORBIT pos+0.00 orbit L0.27 M0.65 R0.31 tn0.67 yaw+0 pit+0 rc(10, 0, 0, -6)",0.2627,0.6626,0.3059,,
904,106514,903,,depth/000904.npy,1,124.3,196.4,-1.0,-100.0,-100.0,-100.0,-107.0,70.0,0.0,0.0,0.0,0.0,0.0,48.0,10,0,0,-6,"ORBIT pos+0.01 orbit L0.26 M0.66 R0.31 tn0.67 yaw+0 pit+0 rc(10, 0, 0, -6)",0.2666,0.6626,0.3274,,
905,106639,904,,depth/000905.npy,1,117.2,180.4,-1.0,-100.0,-100.0,-100.0,-107.0,70.0,0.0,0.0,0.0,0.0,0.0,48.0,9,0,0,-5,"ORBIT pos+0.03 orbit L0.27 M0.68 R0.34 tn0.68 yaw+0 pit+0 rc(9, 0, 0, -5)",0.2744,0.6821,0.3411,,
906,106757,905,,depth/000906.npy,1,127.5,194.1,-1.0,-100.0,-100.0,-100.0,-108.0,70.0,0.0,0.0,0.0,0.0,0.0,48.0,9,0,0,-5,"ORBIT pos+0.04 orbit L0.27 M0.68 R0.34 tn0.68 yaw+0 pit+0 rc(9, 0, 0, -5)",0.2825,0.686,0.3569,,
907,106872,906,,depth/000907.npy,1,129.7,202.7,-1.0,-100.0,-100.0,-100.0,-108.0,70.0,0.0,0.0,0.0,0.0,0.0,48.0,8,0,0,-1,"ORBIT pos+0.05 orbit L0.28 M0.69 R0.36 tn0.69 yaw+4 pit+0 rc(8, 0, 0, -1)",0.2705,0.6743,0.3608,,
908,106989,907,,depth/000907.npy,1,129.7,316.6,-1.0,-100.0,-100.0,-100.0,-109.0,70.0,0.0,0.0,0.0,0.0,0.0,48.0,8,0,0,0,"ORBIT pos+0.06 orbit L0.27 M0.67 R0.36 tn0.70 yaw+5 pit+0 rc(8, 0, 0, 0)",0.2705,0.6743,0.3608,,
909,107106,908,,depth/000909.npy,1,201.2,309.8,-1.0,-100.0,-100.0,-100.0,-109.0,70.0,0.0,0.0,0.0,0.0,0.0,48.0,7,0,0,2,"ORBIT pos+0.08 orbit L0.27 M0.67 R0.36 tn0.70 yaw+6 pit+0 rc(7, 0, 0, 2)",0.2744,0.6743,0.3569,,
910,107223,909,,depth/000910.npy,1,115.1,207.4,-1.0,-100.0,-100.0,-100.0,-110.0,70.0,0.0,0.0,0.0,0.0,0.0,48.0,7,0,0,3,"ORBIT pos+0.08 orbit L0.27 M0.67 R0.36 tn0.70 yaw+7 pit+0 rc(7, 0, 0, 3)",0.2705,0.6548,0.3687,,
911,107347,910,,depth/000911.npy,1,126.4,183.4,-1.0,-100.0,-100.0,-100.0,-110.0,70.0,0.0,0.0,0.0,0.0,0.0,48.0,6,0,0,4,"ORBIT pos+0.10 orbit L0.27 M0.67 R0.36 tn0.70 yaw+8 pit+0 rc(6, 0, 0, 4)",0.2705,0.6665,0.3608,,
912,107472,911,,depth/000912.npy,1,119.3,175.3,-1.0,-100.0,-100.0,-100.0,-111.0,70.0,0.0,0.0,0.0,0.0,0.0,48.0,6,0,0,4,"ORBIT pos+0.10 orbit L0.27 M0.67 R0.36 tn0.70 yaw+8 pit+0 rc(6, 0, 0, 4)",0.2744,0.6704,0.3608,,
913,107588,912,,depth/000913.npy,1,119.2,281.5,-1.0,-100.0,-100.0,-100.0,-111.0,70.0,0.0,0.0,0.0,0.0,0.0,48.0,6,0,0,5,"ORBIT pos+0.11 orbit L0.27 M0.67 R0.36 tn0.71 yaw+9 pit+0 rc(6, 0, 0, 5)",0.2744,0.6704,0.3608,,
914,107705,913,,depth/000914.npy,1,120.7,209.0,-1.0,-100.0,-100.0,-100.0,-112.0,70.0,0.0,0.0,0.0,0.0,0.0,48.0,5,0,0,6,"ORBIT pos+0.11 orbit L0.27 M0.67 R0.36 tn0.71 yaw+9 pit+0 rc(5, 0, 0, 6)",0.2705,0.6782,0.3569,,
915,107819,914,,depth/000915.npy,1,123.8,186.9,-1.0,-100.0,-100.0,-100.0,-112.0,70.0,0.0,0.0,0.0,0.0,0.0,48.0,5,0,0,6,"ORBIT pos+0.12 orbit L0.28 M0.66 R0.36 tn0.71 yaw+9 pit+0 rc(5, 0, 0, 6)",0.2783,0.6587,0.3647,,
916,107944,915,,depth/000916.npy,1,122.2,214.8,-1.0,-100.0,-100.0,-100.0,-113.0,70.0,0.0,0.0,0.0,0.0,0.0,48.0,5,0,0,7,"ORBIT pos+0.12 orbit L0.28 M0.66 R0.36 tn0.71 yaw+10 pit+0 rc(5, 0, 0, 7)",0.2825,0.6548,0.3765,,
917,108062,916,,depth/000917.npy,1,120.5,165.4,-1.0,-100.0,-100.0,-100.0,-113.0,70.0,0.0,0.0,0.0,0.0,0.0,48.0,5,0,0,7,"ORBIT pos+0.13 orbit L0.29 M0.64 R0.38 tn0.70 yaw+10 pit+0 rc(5, 0, 0, 7)",0.2942,0.6392,0.3843,,
918,108187,917,,depth/000918.npy,1,123.2,190.1,-1.0,-100.0,-100.0,-100.0,-113.0,70.0,0.0,0.0,0.0,0.0,0.0,48.0,5,0,0,8,"ORBIT pos+0.14 orbit L0.29 M0.64 R0.38 tn0.70 yaw+11 pit+0 rc(5, 0, 0, 8)",0.2942,0.6274,0.3765,,
919,108312,918,,depth/000919.npy,1,120.6,181.5,-1.0,-100.0,-100.0,-100.0,-112.0,70.0,0.0,0.0,0.0,0.0,0.0,48.0,4,0,0,9,"ORBIT pos+0.14 orbit L0.28 M0.64 R0.36 tn0.69 yaw+11 pit+0 rc(4, 0, 0, 9)",0.2825,0.6411,0.3647,,
920,108436,919,,depth/000920.npy,1,123.9,178.0,-1.0,-100.0,-100.0,-100.0,-112.0,70.0,0.0,0.0,0.0,0.0,0.0,48.0,4,0,0,9,"ORBIT pos+0.14 orbit L0.28 M0.64 R0.36 tn0.69 yaw+11 pit+0 rc(4, 0, 0, 9)",0.2783,0.6235,0.3569,,
921,108552,920,,depth/000921.npy,1,118.0,245.6,-1.0,-100.0,-100.0,-100.0,-112.0,70.0,0.0,0.0,0.0,0.0,0.0,48.0,4,0,0,9,"ORBIT pos+0.14 orbit L0.29 M0.63 R0.35 tn0.69 yaw+11 pit+0 rc(4, 0, 0, 9)",0.2864,0.6313,0.353,,
922,108678,921,,depth/000922.npy,1,120.7,182.7,-1.0,-100.0,-100.0,-100.0,-112.0,70.0,0.0,0.0,0.0,0.0,0.0,48.0,4,0,0,9,"ORBIT pos+0.14 orbit L0.28 M0.66 R0.36 tn0.69 yaw+11 pit+0 rc(4, 0, 0, 9)",0.2783,0.6626,0.3569,,
923,108801,922,,depth/000923.npy,1,123.5,204.8,-1.0,-100.0,-100.0,-100.0,-111.0,70.0,0.0,0.0,0.0,0.0,0.0,48.0,4,0,0,9,"ORBIT pos+0.14 orbit L0.28 M0.66 R0.36 tn0.70 yaw+11 pit+0 rc(4, 0, 0, 9)",0.2825,0.6587,0.353,,
924,108926,923,,depth/000924.npy,1,118.8,202.9,-1.0,-100.0,-100.0,-100.0,-111.0,70.0,0.0,0.0,0.0,0.0,0.0,48.0,5,0,0,8,"ORBIT pos+0.14 orbit L0.28 M0.65 R0.35 tn0.70 yaw+11 pit+0 rc(5, 0, 0, 8)",0.2825,0.6548,0.3491,,
925,109043,924,,depth/000925.npy,1,122.2,214.8,-1.0,-100.0,-100.0,-100.0,-111.0,70.0,0.0,0.0,0.0,0.0,0.0,47.0,5,0,0,8,"ORBIT pos+0.13 orbit L0.28 M0.65 R0.35 tn0.70 yaw+11 pit+0 rc(5, 0, 0, 8)",0.2864,0.6704,0.3491,,
926,109156,925,,depth/000926.npy,1,119.7,161.7,-1.0,-100.0,-100.0,-100.0,-110.0,70.0,0.0,0.0,0.0,0.0,0.0,47.0,5,0,0,7,"ORBIT pos+0.13 orbit L0.29 M0.66 R0.34 tn0.70 yaw+10 pit+0 rc(5, 0, 0, 7)",0.2864,0.6587,0.3411,,
927,109281,926,,depth/000927.npy,1,125.5,183.3,-1.0,-100.0,-100.0,-100.0,-110.0,70.0,0.0,0.0,0.0,0.0,0.0,47.0,5,0,0,7,"ORBIT pos+0.13 orbit L0.29 M0.66 R0.34 tn0.70 yaw+10 pit+0 rc(5, 0, 0, 7)",0.2825,0.6509,0.3333,,
928,109406,927,,depth/000928.npy,1,120.7,177.1,-1.0,-100.0,-100.0,-100.0,-109.0,70.0,0.0,0.0,0.0,0.0,0.0,47.0,5,0,0,7,"ORBIT pos+0.12 orbit L0.29 M0.67 R0.33 tn0.69 yaw+10 pit+0 rc(5, 0, 0, 7)",0.2864,0.6665,0.3293,,
929,109523,928,,depth/000929.npy,1,121.6,218.2,-1.0,-100.0,-100.0,-100.0,-109.0,70.0,0.0,0.0,0.0,0.0,0.0,47.0,5,0,0,6,"ORBIT pos+0.12 orbit L0.29 M0.67 R0.33 tn0.69 yaw+9 pit+0 rc(5, 0, 0, 6)",0.2783,0.6743,0.3254,,
930,109637,929,,depth/000930.npy,1,127.2,175.1,-1.0,-100.0,-100.0,-100.0,-109.0,70.0,0.0,0.0,0.0,0.0,0.0,47.0,6,0,0,4,"ORBIT pos+0.11 orbit L0.28 M0.67 R0.33 tn0.69 yaw+8 pit+0 rc(6, 0, 0, 4)",0.2764,0.6821,0.3137,,
931,109761,930,,depth/000931.npy,1,114.2,198.6,-1.0,-100.0,-100.0,-100.0,-108.0,70.0,0.0,0.0,0.0,0.0,0.0,47.0,6,0,0,4,"ORBIT pos+0.10 orbit L0.28 M0.68 R0.31 tn0.69 yaw+8 pit+0 rc(6, 0, 0, 4)",0.2783,0.6943,0.3137,,
932,109877,931,,depth/000931.npy,1,114.2,318.8,-1.0,-100.0,-100.0,-100.0,-107.0,70.0,0.0,0.0,0.0,0.0,0.0,47.0,7,0,0,3,"ORBIT pos+0.08 orbit L0.28 M0.69 R0.31 tn0.70 yaw+7 pit+0 rc(7, 0, 0, 3)",0.2783,0.6943,0.3137,,
933,109996,932,,depth/000933.npy,1,150.1,333.2,-1.0,-100.0,-100.0,-100.0,-106.0,70.0,0.0,0.0,0.0,0.0,0.0,47.0,7,0,0,2,"ORBIT pos+0.08 orbit L0.29 M0.69 R0.31 tn0.70 yaw+6 pit+0 rc(7, 0, 0, 2)",0.2864,0.686,0.3059,,
934,110113,933,,depth/000934.npy,1,134.6,282.9,-1.0,-100.0,-100.0,-100.0,-106.0,70.0,0.0,0.0,0.0,0.0,0.0,47.0,8,0,0,-1,"ORBIT pos+0.06 orbit L0.31 M0.66 R0.29 tn0.70 yaw+4 pit+0 rc(8, 0, 0, -1)",0.3059,0.6626,0.2942,,
935,110238,934,,depth/000935.npy,1,116.8,247.7,-1.0,-100.0,-100.0,-100.0,-105.0,70.0,0.0,0.0,0.0,0.0,0.0,47.0,9,0,0,-5,"ORBIT pos+0.03 orbit L0.32 M0.68 R0.29 tn0.70 yaw+0 pit+0 rc(9, 0, 0, -5)",0.3215,0.6821,0.2864,,
936,110363,935,,depth/000936.npy,1,129.8,268.6,-1.0,-100.0,-100.0,-100.0,-105.0,70.0,0.0,0.0,0.0,0.0,0.0,47.0,10,0,0,-6,"ORBIT pos+0.01 orbit L0.33 M0.68 R0.28 tn0.70 yaw+0 pit+0 rc(10, 0, 0, -6)",0.3333,0.6821,0.2825,,
937,110482,936,,depth/000937.npy,1,117.3,316.8,-1.0,-100.0,-100.0,-100.0,-104.0,70.0,0.0,0.0,0.0,0.0,0.0,47.0,9,0,0,-5,"ORBIT pos-0.02 orbit L0.33 M0.67 R0.27 tn0.70 yaw+0 pit+0 rc(9, 0, 0, -5)",0.3254,0.6665,0.2705,,
938,110598,937,,depth/000938.npy,1,121.3,292.5,-1.0,-100.0,-100.0,-100.0,-103.0,70.0,0.0,0.0,0.0,0.0,0.0,47.0,9,0,0,-5,"ORBIT pos-0.03 orbit L0.35 M0.68 R0.27 tn0.70 yaw+0 pit+0 rc(9, 0, 0, -5)",0.353,0.6821,0.2725,,
939,110723,938,,depth/000939.npy,1,120.7,262.4,-1.0,-100.0,-100.0,-100.0,-103.0,70.0,0.0,0.0,0.0,0.0,0.0,47.0,8,0,0,-10,"ORBIT pos-0.06 orbit L0.38 M0.70 R0.28 tn0.71 yaw-5 pit+0 rc(8, 0, 0, -10)",0.3804,0.6982,0.2844,,
940,110849,939,,depth/000940.npy,1,123.9,281.2,-1.0,-100.0,-100.0,-100.0,-102.0,70.0,0.0,0.0,0.0,0.0,0.0,47.0,6,0,0,-11,"ORBIT pos-0.09 orbit L0.38 M0.68 R0.28 tn0.72 yaw-7 pit+0 rc(6, 0, 0, -11)",0.3765,0.6821,0.2784,,
941,110966,940,,depth/000941.npy,1,119.3,304.8,-1.0,-100.0,-100.0,-100.0,-101.0,70.0,0.0,0.0,0.0,0.0,0.0,47.0,6,0,0,-13,"ORBIT pos-0.11 orbit L0.40 M0.65 R0.28 tn0.73 yaw-9 pit+0 rc(6, 0, 0, -13)",0.4038,0.6548,0.2804,,
942,111082,941,,depth/000942.npy,1,121.5,252.1,-1.0,-100.0,-100.0,-100.0,-100.0,70.0,0.0,0.0,0.0,0.0,0.0,47.0,4,0,0,-13,"ORBIT pos-0.14 orbit L0.43 M0.58 R0.27 tn0.74 yaw-11 pit+0 rc(4, 0, 0, -13)",0.4314,0.5845,0.2666,,
943,111208,942,,depth/000943.npy,1,124.2,278.4,-1.0,-100.0,-100.0,-100.0,-99.0,70.0,0.0,0.0,0.0,0.0,0.0,47.0,3,0,0,-17,"ORBIT pos-0.18 orbit L0.45 M0.56 R0.27 tn0.73 yaw-15 pit+0 rc(3, 0, 0, -17)",0.4548,0.5649,0.2744,,
944,111324,943,,depth/000944.npy,1,123.0,257.3,-1.0,-100.0,-100.0,-100.0,-98.0,70.0,0.0,0.0,0.0,0.0,0.0,47.0,2,0,0,-17,"ORBIT pos-0.20 orbit L0.47 M0.53 R0.27 tn0.72 yaw-16 pit+0 rc(2, 0, 0, -17)",0.4707,0.5312,0.2686,,
945,111438,944,,depth/000945.npy,1,122.8,270.6,-1.0,-100.0,-100.0,-100.0,-98.0,70.0,0.0,0.0,0.0,0.0,0.0,47.0,1,0,0,-20,"ORBIT pos-0.24 orbit L0.51 M0.51 R0.27 tn0.72 yaw-19 pit+0 rc(1, 0, 0, -20)",0.5059,0.5137,0.2744,,
946,111555,945,,depth/000946.npy,1,122.1,248.0,-1.0,-100.0,-100.0,-100.0,-98.0,70.0,0.0,0.0,0.0,0.0,0.0,47.0,0,0,0,-21,"ORBIT pos-0.26 center L0.55 M0.47 R0.29 tn0.72 yaw-21 pit+0 rc(0, 0, 0, -21)",0.5488,0.4746,0.2864,,
947,111670,946,,depth/000947.npy,1,123.3,209.8,-1.0,-100.0,-100.0,-100.0,-98.0,70.0,0.0,0.0,0.0,0.0,0.0,47.0,0,0,0,-24,"ORBIT pos-0.30 center L0.56 M0.46 R0.29 tn0.71 yaw-24 pit+0 rc(0, 0, 0, -24)",0.5649,0.4587,0.2942,,
948,111794,947,,depth/000948.npy,1,118.3,289.8,-1.0,-100.0,-100.0,-100.0,-98.0,70.0,0.0,0.0,0.0,0.0,0.0,47.0,0,0,0,-25,"ORBIT pos-0.32 center L0.58 M0.46 R0.29 tn0.71 yaw-25 pit+0 rc(0, 0, 0, -25)",0.5806,0.4587,0.2942,,
949,111912,948,,depth/000949.npy,1,127.5,246.1,-1.0,-100.0,-100.0,-100.0,-99.0,70.0,0.0,0.0,0.0,0.0,0.0,47.0,0,0,0,-25,"ORBIT pos-0.35 center L0.57 M0.44 R0.29 tn0.71 yaw-28 pit+0 rc(0, 0, 0, -25)",0.5728,0.4353,0.2942,,
950,112028,949,,depth/000950.npy,1,141.8,233.9,-1.0,-100.0,-100.0,-100.0,-99.0,70.0,0.0,0.0,0.0,0.0,0.0,47.0,0,0,0,-25,"ORBIT pos-0.36 center L0.57 M0.44 R0.29 tn0.71 yaw-29 pit+0 rc(0, 0, 0, -25)",0.5806,0.4314,0.2942,,
951,112144,950,,depth/000951.npy,1,118.1,180.1,-1.0,-100.0,-100.0,-100.0,-100.0,70.0,0.0,0.0,0.0,0.0,0.0,47.0,0,0,0,-25,"ORBIT pos-0.38 center L0.59 M0.43 R0.30 tn0.70 yaw-30 pit+0 rc(0, 0, 0, -25)",0.5884,0.4314,0.2981,,
952,112269,951,,depth/000952.npy,1,120.6,173.7,-1.0,-100.0,-100.0,-100.0,-101.0,70.0,0.0,0.0,0.0,0.0,0.0,47.0,0,0,0,-25,"ORBIT pos-0.39 center L0.59 M0.43 R0.30 tn0.70 yaw-31 pit+0 rc(0, 0, 0, -25)",0.5923,0.4255,0.2942,,
953,112385,952,,depth/000953.npy,1,121.4,220.2,-1.0,-100.0,-100.0,-100.0,-103.0,70.0,0.0,0.0,0.0,0.0,0.0,47.0,0,0,0,-25,"ORBIT pos-0.40 center L0.58 M0.43 R0.29 tn0.69 yaw-32 pit+0 rc(0, 0, 0, -25)",0.5845,0.4314,0.2903,,
954,112509,953,,depth/000954.npy,1,120.0,203.5,-1.0,-100.0,-100.0,-100.0,-104.0,70.0,0.0,0.0,0.0,0.0,0.0,47.0,0,0,0,-25,"ORBIT pos-0.41 center L0.58 M0.43 R0.29 tn0.69 yaw-33 pit+0 rc(0, 0, 0, -25)",0.5449,0.4746,0.2864,,
955,112634,954,,depth/000955.npy,1,118.1,176.6,-1.0,-100.0,-100.0,-100.0,-106.0,70.0,0.0,0.0,0.0,0.0,0.0,47.0,0,0,0,-25,"ORBIT pos-0.40 center L0.49 M0.53 R0.29 tn0.70 yaw-32 pit+0 rc(0, 0, 0, -25)",0.4902,0.5254,0.2883,,
956,112749,955,,depth/000956.npy,1,127.5,256.0,-1.0,-100.0,-100.0,-100.0,-107.0,70.0,0.0,0.0,0.0,0.0,0.0,47.0,0,0,0,-25,"ORBIT pos-0.39 center L0.49 M0.53 R0.29 tn0.70 yaw-31 pit+0 rc(0, 0, 0, -25)",0.4863,0.5293,0.2864,,
957,112864,956,,depth/000957.npy,1,119.4,202.2,-1.0,-100.0,-100.0,-100.0,-108.0,70.0,0.0,0.0,0.0,0.0,0.0,47.0,0,0,0,-25,"ORBIT pos-0.36 center L0.43 M0.59 R0.29 tn0.70 yaw-29 pit+0 rc(0, 0, 0, -25)",0.4275,0.5942,0.2864,,
958,112979,957,,depth/000958.npy,1,120.1,164.7,-1.0,-100.0,-100.0,-100.0,-110.0,70.0,0.0,0.0,0.0,0.0,0.0,47.0,0,0,0,-25,"ORBIT pos-0.34 center L0.43 M0.59 R0.29 tn0.70 yaw-27 pit+0 rc(0, 0, 0, -25)",0.3765,0.6704,0.2804,,
959,113094,958,,depth/000959.npy,1,128.3,167.7,-1.0,-100.0,-100.0,-100.0,-113.0,70.0,0.0,0.0,0.0,0.0,0.0,47.0,0,0,0,-23,"ORBIT pos-0.29 center L0.38 M0.67 R0.28 tn0.70 yaw-23 pit+0 rc(0, 0, 0, -23)",0.3333,0.6782,0.2686,,
960,113212,959,,depth/000960.npy,1,123.2,184.7,-1.0,-100.0,-100.0,-100.0,-114.0,70.0,0.0,0.0,0.0,0.0,0.0,47.0,0,0,0,-21,"ORBIT pos-0.26 center L0.33 M0.68 R0.27 tn0.69 yaw-21 pit+0 rc(0, 0, 0, -21)",0.3098,0.686,0.2627,,
961,113326,960,,depth/000960.npy,1,123.2,301.1,-1.0,-100.0,-100.0,-100.0,-116.0,70.0,0.0,0.0,0.0,0.0,0.0,47.0,2,0,0,-17,"ORBIT pos-0.20 orbit L0.31 M0.69 R0.26 tn0.68 yaw-16 pit+0 rc(2, 0, 0, -17)",0.3098,0.686,0.2627,,
962,113442,961,,depth/000962.npy,1,122.4,309.4,-1.0,-100.0,-100.0,-100.0,-117.0,70.0,0.0,0.0,0.0,0.0,-1.0,47.0,4,0,0,-15,"ORBIT pos-0.16 orbit L0.29 M0.69 R0.28 tn0.68 yaw-13 pit+0 rc(4, 0, 0, -15)",0.2903,0.686,0.2783,,
963,113567,962,,depth/000963.npy,1,125.2,267.3,-1.0,-100.0,-100.0,-100.0,-118.0,70.0,0.0,0.0,0.0,0.0,0.0,47.0,7,0,0,-10,"ORBIT pos-0.07 orbit L0.29 M0.66 R0.33 tn0.65 yaw-6 pit+0 rc(7, 0, 0, -10)",0.2864,0.6587,0.3333,,
964,113686,963,,depth/000964.npy,1,120.7,256.8,-1.0,-100.0,-100.0,-100.0,-119.0,70.0,0.0,0.0,0.0,0.0,0.0,47.0,9,0,0,-5,"ORBIT pos-0.03 orbit L0.29 M0.68 R0.36 tn0.66 yaw+0 pit+0 rc(9, 0, 0, -5)",0.2942,0.6821,0.3608,,
965,113800,964,,depth/000965.npy,1,126.1,273.7,-1.0,-100.0,-100.0,-100.0,-119.0,70.0,0.0,0.0,0.0,0.0,0.0,47.0,8,0,0,-5,"ORBIT pos+0.05 orbit L0.30 M0.61 R0.40 tn0.65 yaw+0 pit+0 rc(8, 0, 0, -5)",0.2981,0.6079,0.396,,
966,113916,965,,depth/000966.npy,1,119.8,251.5,-1.0,-100.0,-100.0,-100.0,-120.0,70.0,0.0,0.0,0.0,0.0,0.0,47.0,7,0,0,3,"ORBIT pos+0.09 orbit L0.31 M0.58 R0.43 tn0.65 yaw+7 pit+0 rc(7, 0, 0, 3)",0.3098,0.5786,0.4275,,
967,114030,966,,depth/000967.npy,1,131.6,262.4,-1.0,-100.0,-100.0,-100.0,-120.0,70.0,0.0,0.0,0.0,0.0,0.0,47.0,4,0,0,9,"ORBIT pos+0.14 orbit L0.31 M0.56 R0.43 tn0.66 yaw+11 pit+0 rc(4, 0, 0, 9)",0.3098,0.5605,0.4314,,
968,114144,967,,depth/000968.npy,1,119.0,212.6,-1.0,-100.0,-100.0,-100.0,-120.0,70.0,0.0,0.0,0.0,0.0,0.0,47.0,3,0,0,11,"ORBIT pos+0.17 orbit L0.31 M0.53 R0.45 tn0.66 yaw+13 pit+0 rc(3, 0, 0, 11)",0.3137,0.5293,0.447,,
969,114258,968,,depth/000969.npy,1,128.6,225.8,-1.0,-100.0,-100.0,-100.0,-120.0,70.0,0.0,0.0,0.0,0.0,0.0,47.0,2,0,0,16,"ORBIT pos+0.21 orbit L0.31 M0.52 R0.44 tn0.67 yaw+17 pit+0 rc(2, 0, 0, 16)",0.3098,0.5215,0.4431,,
970,114373,969,,depth/000970.npy,1,134.7,213.2,-1.0,-100.0,-100.0,-100.0,-120.0,70.0,0.0,0.0,0.0,0.0,0.0,47.0,1,0,0,17,"ORBIT pos+0.23 orbit L0.31 M0.52 R0.44 tn0.67 yaw+18 pit+0 rc(1, 0, 0, 17)",0.3098,0.5098,0.4431,,
971,114489,970,,depth/000970.npy,1,134.7,329.3,-1.0,-100.0,-100.0,-100.0,-120.0,70.0,0.0,0.0,0.0,0.0,0.0,47.0,0,0,0,21,"ORBIT pos+0.26 center L0.31 M0.51 R0.44 tn0.67 yaw+21 pit+0 rc(0, 0, 0, 21)",0.3098,0.5098,0.4431,,
972,114604,971,,depth/000972.npy,1,198.6,300.9,-1.0,-100.0,-100.0,-100.0,-119.0,70.0,0.0,0.0,0.0,0.0,0.0,47.0,0,0,0,21,"ORBIT pos+0.27 center L0.32 M0.51 R0.44 tn0.68 yaw+21 pit+0 rc(0, 0, 0, 21)",0.3176,0.5098,0.4431,,
973,114723,972,,depth/000973.npy,1,138.5,231.7,-1.0,-100.0,-100.0,-100.0,-119.0,70.0,0.0,0.0,0.0,0.0,0.0,47.0,0,0,0,22,"ORBIT pos+0.28 center L0.31 M0.53 R0.44 tn0.68 yaw+22 pit+0 rc(0, 0, 0, 22)",0.3137,0.5332,0.4431,,
974,114847,973,,depth/000974.npy,1,135.0,219.7,-1.0,-100.0,-100.0,-100.0,-117.0,70.0,0.0,0.0,0.0,0.0,0.0,47.0,0,0,0,22,"ORBIT pos+0.28 center L0.32 M0.53 R0.44 tn0.68 yaw+22 pit+0 rc(0, 0, 0, 22)",0.3176,0.5332,0.4392,,
975,114963,974,,depth/000975.npy,1,132.5,199.5,-1.0,-100.0,-100.0,-100.0,-116.0,70.0,0.0,0.0,0.0,0.0,0.0,47.0,0,0,0,23,"ORBIT pos+0.28 center L0.32 M0.53 R0.44 tn0.67 yaw+23 pit+0 rc(0, 0, 0, 23)",0.3137,0.5254,0.4314,,
976,115082,975,,depth/000976.npy,1,132.0,213.8,-1.0,-100.0,-100.0,-100.0,-116.0,70.0,0.0,0.0,0.0,0.0,0.0,46.0,0,0,0,23,"ORBIT pos+0.28 center L0.31 M0.53 R0.43 tn0.67 yaw+23 pit+0 rc(0, 0, 0, 23)",0.3137,0.5527,0.408,,
977,115207,976,,depth/000977.npy,1,122.5,180.3,-1.0,-100.0,-100.0,-100.0,-114.0,70.0,0.0,0.0,0.0,0.0,0.0,46.0,0,0,0,22,"ORBIT pos+0.28 center L0.31 M0.55 R0.41 tn0.67 yaw+22 pit+0 rc(0, 0, 0, 22)",0.2981,0.5962,0.3804,,
978,115323,977,,depth/000977.npy,1,122.5,294.1,-1.0,-100.0,-100.0,-100.0,-113.0,70.0,0.0,0.0,0.0,0.0,0.0,46.0,0,0,0,21,"ORBIT pos+0.26 center L0.30 M0.60 R0.38 tn0.67 yaw+21 pit+0 rc(0, 0, 0, 21)",0.2981,0.5962,0.3804,,
979,115447,978,,depth/000979.npy,1,128.4,317.0,-1.0,-100.0,-100.0,-100.0,-112.0,70.0,0.0,0.0,0.0,0.0,0.0,46.0,0,0,0,20,"ORBIT pos+0.25 orbit L0.29 M0.62 R0.36 tn0.67 yaw+20 pit+0 rc(0, 0, 0, 20)",0.2942,0.6235,0.3608,,
980,115561,979,,depth/000980.npy,1,124.6,263.4,-1.0,-100.0,-100.0,-100.0,-111.0,70.0,0.0,0.0,0.0,0.0,0.0,46.0,2,0,0,15,"ORBIT pos+0.20 orbit L0.28 M0.64 R0.32 tn0.67 yaw+16 pit+0 rc(2, 0, 0, 15)",0.2783,0.6392,0.3176,,
981,115685,980,,depth/000981.npy,1,124.8,261.1,-1.0,-100.0,-100.0,-100.0,-110.0,70.0,0.0,0.0,0.0,0.0,0.0,46.0,3,0,0,13,"ORBIT pos+0.18 orbit L0.28 M0.65 R0.31 tn0.67 yaw+15 pit+0 rc(3, 0, 0, 13)",0.2825,0.6548,0.3098,,
982,115804,981,,depth/000982.npy,1,126.2,274.5,-1.0,-100.0,-100.0,-100.0,-109.0,70.0,0.0,0.0,0.0,0.0,0.0,46.0,5,0,0,8,"ORBIT pos+0.13 orbit L0.28 M0.65 R0.30 tn0.66 yaw+11 pit+0 rc(5, 0, 0, 8)",0.2825,0.6509,0.2981,,
983,115918,982,,depth/000983.npy,1,123.3,254.8,-1.0,-100.0,-100.0,-100.0,-109.0,70.0,0.0,0.0,0.0,0.0,0.0,46.0,6,0,0,5,"ORBIT pos+0.11 orbit L0.29 M0.66 R0.29 tn0.67 yaw+9 pit+0 rc(6, 0, 0, 5)",0.2903,0.6626,0.2864,,
984,116032,983,,depth/000984.npy,1,125.4,263.4,-1.0,-100.0,-100.0,-100.0,-109.0,70.0,0.0,0.0,0.0,0.0,0.0,46.0,7,0,0,1,"ORBIT pos+0.07 orbit L0.31 M0.65 R0.29 tn0.67 yaw+5 pit+0 rc(7, 0, 0, 1)",0.3098,0.647,0.2864,,
985,116148,984,,depth/000985.npy,1,126.0,280.4,-1.0,-100.0,-100.0,-100.0,-109.0,70.0,0.0,0.0,0.0,0.0,0.0,46.0,8,0,0,-5,"ORBIT pos+0.05 orbit L0.31 M0.64 R0.28 tn0.67 yaw+0 pit+0 rc(8, 0, 0, -5)",0.3098,0.6392,0.2783,,
986,116266,985,,depth/000986.npy,1,116.3,238.7,-1.0,-100.0,-100.0,-100.0,-109.0,70.0,0.0,0.0,0.0,0.0,0.0,46.0,9,0,0,-5,"ORBIT pos+0.01 orbit L0.33 M0.64 R0.28 tn0.67 yaw+0 pit+0 rc(9, 0, 0, -5)",0.3254,0.6392,0.2783,,
987,116391,986,,depth/000987.npy,1,125.2,222.3,-1.0,-100.0,-100.0,-100.0,-109.0,70.0,0.0,0.0,0.0,0.0,0.0,46.0,10,0,0,-6,"ORBIT pos+0.00 orbit L0.32 M0.65 R0.28 tn0.67 yaw+0 pit+0 rc(10, 0, 0, -6)",0.3215,0.647,0.2783,,
988,116506,987,,depth/000988.npy,1,122.2,214.2,-1.0,-100.0,-100.0,-100.0,-110.0,70.0,0.0,0.0,0.0,0.0,0.0,46.0,9,0,0,-5,"ORBIT pos-0.02 orbit L0.32 M0.65 R0.28 tn0.67 yaw+0 pit+0 rc(9, 0, 0, -5)",0.3215,0.6509,0.2783,,
989,116622,988,,depth/000989.npy,1,117.8,263.6,-1.0,-100.0,-100.0,-100.0,-110.0,70.0,0.0,0.0,0.0,0.0,0.0,46.0,9,0,0,-5,"ORBIT pos-0.03 orbit L0.32 M0.65 R0.28 tn0.67 yaw+0 pit+0 rc(9, 0, 0, -5)",0.3215,0.6548,0.2825,,
990,116738,989,,depth/000990.npy,1,124.3,211.1,-1.0,-100.0,-100.0,-100.0,-110.0,70.0,0.0,0.0,0.0,0.0,0.0,46.0,9,0,0,-5,"ORBIT pos-0.04 orbit L0.33 M0.67 R0.28 tn0.68 yaw+0 pit+0 rc(9, 0, 0, -5)",0.3254,0.6704,0.2804,,
991,116863,990,,depth/000991.npy,1,120.0,234.0,-1.0,-100.0,-100.0,-100.0,-111.0,70.0,0.0,0.0,0.0,0.0,0.0,46.0,8,0,0,-5,"ORBIT pos-0.04 orbit L0.33 M0.67 R0.28 tn0.69 yaw+0 pit+0 rc(8, 0, 0, -5)",0.3254,0.6743,0.2783,,
992,116988,991,,depth/000992.npy,1,149.7,276.2,-1.0,-100.0,-100.0,-100.0,-111.0,70.0,0.0,0.0,0.0,0.0,0.0,46.0,8,0,0,-5,"ORBIT pos-0.04 orbit L0.33 M0.67 R0.28 tn0.69 yaw+0 pit+0 rc(8, 0, 0, -5)",0.3254,0.6743,0.2783,,
993,117105,992,,depth/000993.npy,1,129.0,174.7,-1.0,-100.0,-100.0,-100.0,-111.0,70.0,0.0,0.0,0.0,0.0,0.0,46.0,8,0,0,-5,"ORBIT pos-0.05 orbit L0.32 M0.67 R0.27 tn0.69 yaw+0 pit+0 rc(8, 0, 0, -5)",0.3176,0.6665,0.2744,,
994,117230,993,,depth/000994.npy,1,118.8,197.4,-1.0,-100.0,-100.0,-100.0,-112.0,70.0,0.0,0.0,0.0,0.0,0.0,46.0,8,0,0,-9,"ORBIT pos-0.05 orbit L0.32 M0.65 R0.27 tn0.69 yaw-4 pit+0 rc(8, 0, 0, -9)",0.3176,0.6548,0.2744,,
995,117354,994,,depth/000995.npy,1,125.6,187.0,-1.0,-100.0,-100.0,-100.0,-112.0,70.0,0.0,0.0,0.0,0.0,0.0,46.0,8,0,0,-9,"ORBIT pos-0.05 orbit L0.32 M0.65 R0.27 tn0.68 yaw-4 pit+0 rc(8, 0, 0, -9)",0.3176,0.6548,0.2686,,
996,117469,995,,depth/000996.npy,1,118.8,165.1,-1.0,-100.0,-100.0,-100.0,-112.0,70.0,0.0,0.0,0.0,0.0,0.0,46.0,8,0,0,-9,"ORBIT pos-0.05 orbit L0.31 M0.66 R0.27 tn0.68 yaw-4 pit+0 rc(8, 0, 0, -9)",0.3137,0.6587,0.2666,,
997,117585,996,,depth/000997.npy,1,121.5,223.5,-1.0,-100.0,-100.0,-100.0,-113.0,70.0,0.0,0.0,0.0,0.0,0.0,46.0,8,0,0,-9,"ORBIT pos-0.06 orbit L0.31 M0.66 R0.27 tn0.68 yaw-4 pit+0 rc(8, 0, 0, -9)",0.3098,0.6626,0.2705,,
998,117699,997,,depth/000998.npy,1,127.3,168.1,-1.0,-100.0,-100.0,-100.0,-113.0,70.0,0.0,0.0,0.0,0.0,0.0,46.0,8,0,0,-9,"ORBIT pos-0.06 orbit L0.31 M0.66 R0.27 tn0.68 yaw-4 pit+0 rc(8, 0, 0, -9)",0.3098,0.6548,0.2705,,
999,117824,998,,depth/000999.npy,1,117.9,197.3,-1.0,-100.0,-100.0,-100.0,-114.0,70.0,0.0,0.0,0.0,0.0,0.0,46.0,8,0,0,-9,"ORBIT pos-0.05 orbit L0.31 M0.65 R0.27 tn0.68 yaw-4 pit+0 rc(8, 0, 0, -9)",0.3059,0.6548,0.2705,,
1000,117939,999,,depth/001000.npy,1,122.6,246.7,-1.0,-100.0,-100.0,-100.0,-114.0,70.0,0.0,0.0,0.0,0.0,0.0,46.0,8,0,0,-9,"ORBIT pos-0.05 orbit L0.31 M0.65 R0.27 tn0.68 yaw-4 pit+0 rc(8, 0, 0, -9)",0.2942,0.6587,0.2725,,
1001,118056,1000,,depth/001001.npy,1,122.0,193.5,-1.0,-100.0,-100.0,-100.0,-115.0,70.0,0.0,0.0,0.0,0.0,0.0,46.0,8,0,0,-5,"ORBIT pos-0.05 orbit L0.29 M0.66 R0.27 tn0.68 yaw+0 pit+0 rc(8, 0, 0, -5)",0.2942,0.6704,0.2646,,
1002,118171,1001,,depth/001001.npy,1,122.0,308.7,-1.0,-100.0,-100.0,-100.0,-116.0,70.0,0.0,0.0,0.0,0.0,0.0,46.0,8,0,0,-5,"ORBIT pos-0.04 orbit L0.29 M0.67 R0.26 tn0.68 yaw+0 pit+0 rc(8, 0, 0, -5)",0.2942,0.6704,0.2646,,
1003,118298,1002,,depth/001003.npy,1,121.0,302.0,-1.0,-100.0,-100.0,-100.0,-116.0,70.0,0.0,0.0,0.0,0.0,0.0,46.0,9,0,0,-5,"ORBIT pos-0.03 orbit L0.28 M0.65 R0.27 tn0.67 yaw+0 pit+0 rc(9, 0, 0, -5)",0.2783,0.647,0.2705,,
1004,118423,1003,,depth/001004.npy,1,152.8,264.6,-1.0,-100.0,-100.0,-100.0,-117.0,70.0,0.0,0.0,0.0,0.0,0.0,46.0,9,0,0,-5,"ORBIT pos-0.02 orbit L0.28 M0.67 R0.28 tn0.67 yaw+0 pit+0 rc(9, 0, 0, -5)",0.2825,0.6665,0.2825,,
1005,118540,1004,,depth/001005.npy,1,115.9,275.5,-1.0,-100.0,-100.0,-100.0,-117.0,70.0,0.0,0.0,0.0,0.0,0.0,46.0,10,0,0,-6,"ORBIT pos-0.00 orbit L0.29 M0.66 R0.29 tn0.67 yaw+0 pit+0 rc(10, 0, 0, -6)",0.2942,0.6646,0.2864,,
1006,118664,1005,,depth/001006.npy,1,120.7,296.4,-1.0,-100.0,-100.0,-100.0,-119.0,70.0,0.0,0.0,0.0,0.0,0.0,46.0,10,0,0,-6,"ORBIT pos+0.01 orbit L0.27 M0.67 R0.29 tn0.67 yaw+0 pit+0 rc(10, 0, 0, -6)",0.2744,0.6704,0.2903,,
1007,118788,1006,,depth/001007.npy,1,126.4,256.9,-1.0,-100.0,-100.0,-100.0,-120.0,70.0,0.0,0.0,0.0,0.0,0.0,46.0,9,0,0,-5,"ORBIT pos+0.03 orbit L0.28 M0.65 R0.31 tn0.67 yaw+0 pit+0 rc(9, 0, 0, -5)",0.2825,0.647,0.3098,,
1008,118912,1007,,depth/001008.npy,1,117.7,286.1,-1.0,-100.0,-100.0,-100.0,-120.0,70.0,0.0,0.0,0.0,0.0,0.0,46.0,8,0,0,-5,"ORBIT pos+0.04 orbit L0.29 M0.64 R0.32 tn0.67 yaw+0 pit+0 rc(8, 0, 0, -5)",0.2864,0.6392,0.3215,,
1009,119029,1008,,depth/001009.npy,1,119.9,263.6,-1.0,-100.0,-100.0,-100.0,-121.0,70.0,0.0,0.0,0.0,0.0,0.0,45.0,7,0,0,2,"ORBIT pos+0.07 orbit L0.30 M0.62 R0.34 tn0.66 yaw+6 pit+0 rc(7, 0, 0, 2)",0.2981,0.6196,0.3372,,
1010,119154,1009,,depth/001010.npy,1,128.3,292.3,-1.0,-100.0,-100.0,-100.0,-122.0,70.0,0.0,0.0,0.0,0.0,0.0,45.0,6,0,0,3,"ORBIT pos+0.09 orbit L0.30 M0.62 R0.36 tn0.66 yaw+7 pit+0 rc(6, 0, 0, 3)",0.302,0.6157,0.3589,,
1011,119271,1010,,depth/001011.npy,1,117.0,275.7,-1.0,-100.0,-100.0,-100.0,-122.0,70.0,0.0,0.0,0.0,0.0,0.0,45.0,5,0,0,7,"ORBIT pos+0.12 orbit L0.30 M0.58 R0.37 tn0.64 yaw+10 pit+0 rc(5, 0, 0, 7)",0.2981,0.5767,0.3687,,
1012,119387,1011,,depth/001012.npy,1,122.0,261.3,-1.0,-100.0,-100.0,-100.0,-123.0,70.0,0.0,0.0,0.0,0.0,0.0,45.0,4,0,0,9,"ORBIT pos+0.14 orbit L0.31 M0.57 R0.38 tn0.64 yaw+11 pit+0 rc(4, 0, 0, 9)",0.3059,0.5688,0.3804,,
1013,119503,1012,,depth/001013.npy,1,122.4,241.9,-1.0,-100.0,-100.0,-100.0,-123.0,70.0,0.0,0.0,0.0,0.0,0.0,45.0,3,0,0,11,"ORBIT pos+0.17 orbit L0.30 M0.57 R0.40 tn0.64 yaw+13 pit+0 rc(3, 0, 0, 11)",0.2981,0.5688,0.396,,
1014,119628,1013,,depth/001014.npy,1,125.1,263.3,-1.0,-100.0,-100.0,-100.0,-123.0,70.0,0.0,0.0,0.0,0.0,0.0,45.0,3,0,0,12,"ORBIT pos+0.18 orbit L0.30 M0.55 R0.40 tn0.64 yaw+14 pit+0 rc(3, 0, 0, 12)",0.302,0.5527,0.3999,,
1015,119743,1014,,depth/001015.npy,1,120.8,251.2,-1.0,-100.0,-100.0,-100.0,-123.0,70.0,0.0,0.0,0.0,0.0,0.0,45.0,2,0,0,15,"ORBIT pos+0.20 orbit L0.29 M0.54 R0.40 tn0.64 yaw+16 pit+0 rc(2, 0, 0, 15)",0.2903,0.5352,0.396,,
1016,119866,1015,,depth/001016.npy,1,122.0,241.9,-1.0,-100.0,-100.0,-100.0,-123.0,70.0,0.0,0.0,0.0,0.0,0.0,45.0,2,0,0,16,"ORBIT pos+0.21 orbit L0.30 M0.53 R0.40 tn0.64 yaw+17 pit+0 rc(2, 0, 0, 16)",0.2981,0.5332,0.3999,,
1017,119983,1016,,depth/001017.npy,1,122.6,221.7,-1.0,-100.0,-100.0,-100.0,-123.0,70.0,0.0,0.0,0.0,0.0,0.0,45.0,1,0,0,17,"ORBIT pos+0.22 orbit L0.29 M0.53 R0.39 tn0.64 yaw+18 pit+0 rc(1, 0, 0, 17)",0.2942,0.5312,0.3921,,
1018,120098,1017,,depth/001018.npy,1,124.0,213.5,-1.0,-100.0,-100.0,-100.0,-122.0,70.0,0.0,0.0,0.0,0.0,0.0,45.0,1,0,0,17,"ORBIT pos+0.23 orbit L0.29 M0.53 R0.39 tn0.64 yaw+18 pit+0 rc(1, 0, 0, 17)",0.2942,0.5293,0.3882,,
1019,120214,1018,,depth/001019.npy,1,153.3,219.0,-1.0,-100.0,-100.0,-100.0,-121.0,70.0,0.0,0.0,0.0,0.0,0.0,45.0,1,0,0,18,"ORBIT pos+0.23 orbit L0.29 M0.53 R0.39 tn0.64 yaw+19 pit+0 rc(1, 0, 0, 18)",0.2903,0.5332,0.3882,,
1020,120330,1019,,depth/001020.npy,1,127.4,167.3,-1.0,-100.0,-100.0,-100.0,-121.0,70.0,0.0,0.0,0.0,0.0,0.0,45.0,1,0,0,18,"ORBIT pos+0.23 orbit L0.29 M0.53 R0.39 tn0.64 yaw+19 pit+0 rc(1, 0, 0, 18)",0.2942,0.541,0.3843,,
1021,120445,1020,,depth/001021.npy,1,120.6,178.5,-1.0,-100.0,-100.0,-100.0,-119.0,70.0,0.0,0.0,0.0,0.0,0.0,45.0,1,0,0,18,"ORBIT pos+0.24 orbit L0.29 M0.54 R0.38 tn0.64 yaw+19 pit+0 rc(1, 0, 0, 18)",0.302,0.5449,0.3882,,
1022,120559,1021,,depth/001022.npy,1,124.9,170.0,-1.0,-100.0,-100.0,-100.0,-118.0,70.0,0.0,0.0,0.0,0.0,0.0,45.0,1,0,0,18,"ORBIT pos+0.23 orbit L0.30 M0.54 R0.39 tn0.64 yaw+19 pit+0 rc(1, 0, 0, 18)",0.302,0.6079,0.3804,,
1023,120674,1022,,depth/001022.npy,1,124.9,284.8,-1.0,-100.0,-100.0,-100.0,-117.0,70.0,0.0,0.0,0.0,0.0,0.0,45.0,1,0,0,17,"ORBIT pos+0.23 orbit L0.30 M0.61 R0.38 tn0.65 yaw+18 pit+0 rc(1, 0, 0, 17)",0.302,0.6079,0.3804,,
1024,120799,1023,,depth/001024.npy,1,126.3,271.1,-1.0,-100.0,-100.0,-100.0,-116.0,70.0,0.0,0.0,0.0,0.0,0.0,45.0,1,0,0,16,"ORBIT pos+0.22 orbit L0.30 M0.61 R0.35 tn0.65 yaw+17 pit+0 rc(1, 0, 0, 16)",0.2981,0.6079,0.353,,
1025,120914,1024,,depth/001025.npy,1,122.2,256.2,-1.0,-100.0,-100.0,-100.0,-115.0,70.0,0.0,0.0,0.0,0.0,0.0,45.0,3,0,0,13,"ORBIT pos+0.18 orbit L0.29 M0.63 R0.32 tn0.65 yaw+15 pit+0 rc(3, 0, 0, 13)",0.2903,0.6274,0.3215,,
1026,121031,1025,,depth/001026.npy,1,117.6,264.1,-1.0,-100.0,-100.0,-100.0,-114.0,70.0,0.0,0.0,0.0,0.0,0.0,45.0,3,0,0,11,"ORBIT pos+0.16 orbit L0.29 M0.63 R0.30 tn0.65 yaw+13 pit+0 rc(3, 0, 0, 11)",0.2864,0.6313,0.302,,
1027,121146,1026,,depth/001027.npy,1,121.5,282.6,-1.0,-100.0,-100.0,-100.0,-113.0,70.0,0.0,0.0,0.0,0.0,0.0,45.0,5,0,0,6,"ORBIT pos+0.12 orbit L0.28 M0.63 R0.27 tn0.64 yaw+9 pit+0 rc(5, 0, 0, 6)",0.2825,0.6313,0.2744,,
1028,121271,1027,,depth/001028.npy,1,120.9,273.7,-1.0,-100.0,-100.0,-100.0,-112.0,70.0,0.0,0.0,0.0,0.0,0.0,45.0,6,0,0,3,"ORBIT pos+0.09 orbit L0.30 M0.63 R0.27 tn0.64 yaw+7 pit+0 rc(6, 0, 0, 3)",0.302,0.6274,0.2666,,
1029,121386,1028,,depth/001029.npy,1,120.5,259.1,-1.0,-100.0,-100.0,-100.0,-111.0,70.0,0.0,0.0,0.0,0.0,0.0,45.0,8,0,0,-5,"ORBIT pos+0.04 orbit L0.33 M0.64 R0.28 tn0.65 yaw+0 pit+0 rc(8, 0, 0, -5)",0.3313,0.6392,0.2783,,
1030,121504,1029,,depth/001030.npy,1,119.6,242.9,-1.0,-100.0,-100.0,-100.0,-111.0,70.0,0.0,0.0,0.0,0.0,0.0,45.0,9,0,0,-5,"ORBIT pos+0.02 orbit L0.34 M0.62 R0.28 tn0.64 yaw+0 pit+0 rc(9, 0, 0, -5)",0.3411,0.6196,0.2764,,
1031,121619,1030,,depth/001031.npy,1,127.2,253.5,-1.0,-100.0,-100.0,-100.0,-111.0,70.0,0.0,0.0,0.0,0.0,0.0,45.0,9,0,0,-5,"ORBIT pos-0.03 orbit L0.34 M0.64 R0.28 tn0.65 yaw+0 pit+0 rc(9, 0, 0, -5)",0.3431,0.6353,0.2783,,
1032,121742,1031,,depth/001032.npy,1,125.4,244.4,-1.0,-100.0,-100.0,-100.0,-110.0,70.0,0.0,0.0,0.0,0.0,0.0,45.0,8,0,0,-5,"ORBIT pos-0.05 orbit L0.36 M0.62 R0.28 tn0.65 yaw+0 pit+0 rc(8, 0, 0, -5)",0.3608,0.6196,0.2783,,
1033,121866,1032,,depth/001033.npy,1,118.6,239.8,-1.0,-100.0,-100.0,-100.0,-110.0,70.0,0.0,0.0,0.0,0.0,0.0,45.0,7,0,0,-10,"ORBIT pos-0.08 orbit L0.36 M0.61 R0.28 tn0.65 yaw-6 pit+0 rc(7, 0, 0, -10)",0.3608,0.6118,0.2783,,
1034,121982,1033,,depth/001034.npy,1,118.5,254.8,-1.0,-100.0,-100.0,-100.0,-110.0,70.0,0.0,0.0,0.0,0.0,0.0,45.0,6,0,0,-12,"ORBIT pos-0.10 orbit L0.36 M0.62 R0.27 tn0.65 yaw-8 pit+0 rc(6, 0, 0, -12)",0.3608,0.6157,0.2744,,
1035,122100,1034,,depth/001035.npy,1,139.9,269.3,-1.0,-100.0,-100.0,-100.0,-111.0,70.0,0.0,0.0,0.0,0.0,0.0,45.0,5,0,0,-13,"ORBIT pos-0.12 orbit L0.36 M0.62 R0.28 tn0.65 yaw-10 pit+0 rc(5, 0, 0, -13)",0.3608,0.6196,0.2783,,
1036,122216,1035,,depth/001036.npy,1,120.8,221.4,-1.0,-100.0,-100.0,-100.0,-111.0,70.0,0.0,0.0,0.0,0.0,0.0,45.0,5,0,0,-14,"ORBIT pos-0.13 orbit L0.36 M0.62 R0.28 tn0.65 yaw-11 pit+0 rc(5, 0, 0, -14)",0.3726,0.6157,0.2783,,
1037,122329,1036,,depth/001037.npy,1,120.9,262.8,-1.0,-100.0,-100.0,-100.0,-111.0,70.0,0.0,0.0,0.0,0.0,0.0,45.0,4,0,0,-14,"ORBIT pos-0.15 orbit L0.37 M0.62 R0.28 tn0.65 yaw-12 pit+0 rc(4, 0, 0, -14)",0.3726,0.6157,0.2783,,
1038,122446,1037,,depth/001038.npy,1,124.6,268.5,-1.0,-100.0,-100.0,-100.0,-112.0,70.0,0.0,0.0,0.0,0.0,0.0,45.0,4,0,0,-14,"ORBIT pos-0.16 orbit L0.37 M0.62 R0.28 tn0.65 yaw-12 pit+0 rc(4, 0, 0, -14)",0.3726,0.6313,0.2783,,
1039,122560,1038,,depth/001039.npy,1,120.2,214.7,-1.0,-100.0,-100.0,-100.0,-113.0,70.0,0.0,0.0,0.0,0.0,0.0,45.0,3,0,0,-15,"ORBIT pos-0.16 orbit L0.38 M0.64 R0.28 tn0.66 yaw-13 pit+0 rc(3, 0, 0, -15)",0.3765,0.6353,0.2825,,
1040,122685,1039,,depth/001040.npy,1,129.4,188.0,-1.0,-100.0,-100.0,-100.0,-114.0,70.0,0.0,0.0,0.0,0.0,0.0,45.0,3,0,0,-15,"ORBIT pos-0.17 orbit L0.36 M0.65 R0.28 tn0.67 yaw-13 pit+0 rc(3, 0, 0, -15)",0.3569,0.647,0.2825,,
1041,122808,1040,,depth/001041.npy,1,118.0,179.3,-1.0,-100.0,-100.0,-100.0,-115.0,70.0,0.0,0.0,0.0,0.0,0.0,45.0,3,0,0,-15,"ORBIT pos-0.17 orbit L0.36 M0.65 R0.28 tn0.68 yaw-13 pit+0 rc(3, 0, 0, -15)",0.353,0.6626,0.2744,,
1042,122922,1041,,depth/001042.npy,1,118.6,193.9,-1.0,-100.0,-100.0,-100.0,-116.0,70.0,0.0,0.0,0.0,0.0,0.0,45.0,4,0,0,-15,"ORBIT pos-0.16 orbit L0.34 M0.65 R0.27 tn0.68 yaw-13 pit+0 rc(4, 0, 0, -15)",0.3411,0.6509,0.2744,,
1043,123038,1042,,depth/001043.npy,1,126.5,168.1,-1.0,-100.0,-100.0,-100.0,-116.0,70.0,0.0,0.0,0.0,0.0,0.0,45.0,4,0,0,-14,"ORBIT pos-0.15 orbit L0.34 M0.65 R0.27 tn0.68 yaw-12 pit+0 rc(4, 0, 0, -14)",0.3352,0.6431,0.2744,,
1044,123152,1043,,depth/001044.npy,1,125.4,171.7,-1.0,-100.0,-100.0,-100.0,-117.0,70.0,0.0,0.0,0.0,0.0,0.0,45.0,5,0,0,-14,"ORBIT pos-0.13 orbit L0.34 M0.64 R0.27 tn0.67 yaw-11 pit+0 rc(5, 0, 0, -14)",0.3293,0.6392,0.2646,,
1045,123268,1044,,depth/001044.npy,1,125.4,287.2,-1.0,-100.0,-100.0,-100.0,-117.0,70.0,0.0,0.0,0.0,0.0,0.0,45.0,5,0,0,-13,"ORBIT pos-0.12 orbit L0.33 M0.64 R0.26 tn0.67 yaw-10 pit+0 rc(5, 0, 0, -13)",0.3293,0.6392,0.2646,,
1046,123393,1045,,depth/001046.npy,1,118.5,163.7,-1.0,-100.0,-100.0,-100.0,-118.0,70.0,0.0,0.0,0.0,0.0,0.0,45.0,6,0,0,-12,"ORBIT pos-0.10 orbit L0.32 M0.64 R0.27 tn0.66 yaw-8 pit+0 rc(6, 0, 0, -12)",0.2981,0.6431,0.2627,,
1047,123510,1046,,depth/001047.npy,1,122.1,202.8,-1.0,-100.0,-100.0,-100.0,-118.0,70.0,0.0,0.0,0.0,0.0,0.0,45.0,7,0,0,-11,"ORBIT pos-0.09 orbit L0.30 M0.64 R0.26 tn0.66 yaw-7 pit+0 rc(7, 0, 0, -11)",0.2825,0.647,0.2627,,
1048,123625,1047,,depth/001047.npy,1,122.1,317.0,-1.0,-100.0,-100.0,-100.0,-119.0,70.0,0.0,0.0,0.0,0.0,0.0,45.0,8,0,0,-10,"ORBIT pos-0.06 orbit L0.28 M0.65 R0.26 tn0.65 yaw-5 pit+0 rc(8, 0, 0, -10)",0.2825,0.647,0.2627,,
1049,123749,1048,,depth/001049.npy,1,127.9,250.9,-1.0,-100.0,-100.0,-100.0,-119.0,70.0,0.0,0.0,0.0,0.0,0.0,45.0,8,0,0,-5,"ORBIT pos-0.04 orbit L0.29 M0.65 R0.28 tn0.65 yaw+0 pit+0 rc(8, 0, 0, -5)",0.2864,0.647,0.2783,,
1050,123863,1049,,depth/001050.npy,1,118.8,295.8,-1.0,-100.0,-100.0,-100.0,-120.0,70.0,0.0,0.0,0.0,0.0,0.0,45.0,9,0,0,-5,"ORBIT pos-0.02 orbit L0.28 M0.64 R0.28 tn0.65 yaw+0 pit+0 rc(9, 0, 0, -5)",0.2783,0.6392,0.2825,,
1051,123980,1050,,depth/001051.npy,1,121.2,249.7,-1.0,-100.0,-100.0,-100.0,-120.0,70.0,0.0,0.0,0.0,0.0,0.0,45.0,10,0,0,-6,"ORBIT pos-0.00 orbit L0.28 M0.65 R0.29 tn0.65 yaw+0 pit+0 rc(10, 0, 0, -6)",0.2825,0.645,0.2903,,
1052,124095,1051,,depth/001052.npy,1,121.0,267.6,-1.0,-100.0,-100.0,-100.0,-120.0,70.0,0.0,0.0,0.0,0.0,0.0,45.0,9,0,0,-5,"ORBIT pos+0.02 orbit L0.27 M0.63 R0.30 tn0.64 yaw+0 pit+0 rc(9, 0, 0, -5)",0.2744,0.6313,0.2961,,
1053,124210,1052,,depth/001053.npy,1,126.0,241.6,-1.0,-100.0,-100.0,-100.0,-121.0,70.0,0.0,0.0,0.0,0.0,0.0,45.0,9,0,0,-5,"ORBIT pos+0.03 orbit L0.28 M0.63 R0.31 tn0.64 yaw+0 pit+0 rc(9, 0, 0, -5)",0.2825,0.6313,0.3059,,
1054,124327,1053,,depth/001054.npy,1,195.1,273.6,-1.0,-100.0,-100.0,-100.0,-121.0,70.0,0.0,0.0,0.0,0.0,0.0,45.0,8,0,0,-5,"ORBIT pos+0.05 orbit L0.28 M0.63 R0.31 tn0.64 yaw+0 pit+0 rc(8, 0, 0, -5)",0.2864,0.6235,0.3137,,
1055,124444,1054,,depth/001055.npy,1,118.1,216.0,-1.0,-100.0,-100.0,-100.0,-122.0,70.0,0.0,0.0,0.0,0.0,0.0,45.0,8,0,0,-1,"ORBIT pos+0.05 orbit L0.29 M0.62 R0.31 tn0.64 yaw+4 pit+0 rc(8, 0, 0, -1)",0.2942,0.6313,0.3254,,
1056,124560,1055,,depth/001056.npy,1,119.4,165.5,-1.0,-100.0,-100.0,-100.0,-122.0,70.0,0.0,0.0,0.0,0.0,0.0,45.0,7,0,0,2,"ORBIT pos+0.07 orbit L0.29 M0.63 R0.33 tn0.65 yaw+6 pit+0 rc(7, 0, 0, 2)",0.2864,0.6313,0.3176,,
1057,124674,1056,,depth/001056.npy,1,119.4,279.6,-1.0,-100.0,-100.0,-100.0,-122.0,70.0,0.0,0.0,0.0,0.0,0.0,45.0,7,0,0,2,"ORBIT pos+0.08 orbit L0.29 M0.63 R0.32 tn0.65 yaw+6 pit+0 rc(7, 0, 0, 2)",0.2864,0.6313,0.3176,,
1058,124789,1057,,depth/001058.npy,1,123.8,276.9,-1.0,-100.0,-100.0,-100.0,-122.0,70.0,0.0,0.0,0.0,0.0,0.0,45.0,6,0,0,3,"ORBIT pos+0.09 orbit L0.29 M0.62 R0.32 tn0.64 yaw+7 pit+0 rc(6, 0, 0, 3)",0.2903,0.6157,0.3215,,
1059,124915,1058,,depth/001059.npy,1,121.4,258.2,-1.0,-100.0,-100.0,-100.0,-122.0,70.0,0.0,0.0,0.0,0.0,0.0,45.0,6,0,0,4,"ORBIT pos+0.10 orbit L0.29 M0.64 R0.32 tn0.65 yaw+8 pit+0 rc(6, 0, 0, 4)",0.2942,0.6353,0.3215,,
1060,125032,1059,,depth/001060.npy,1,120.9,305.5,-1.0,-100.0,-100.0,-100.0,-122.0,70.0,0.0,0.0,0.0,0.0,0.0,45.0,6,0,0,4,"ORBIT pos+0.10 orbit L0.29 M0.64 R0.32 tn0.66 yaw+8 pit+0 rc(6, 0, 0, 4)",0.2903,0.6353,0.3215,,
1061,125147,1060,,depth/001061.npy,1,121.8,252.0,-1.0,-100.0,-100.0,-100.0,-122.0,70.0,0.0,0.0,0.0,0.0,0.0,45.0,6,0,0,4,"ORBIT pos+0.10 orbit L0.30 M0.64 R0.32 tn0.67 yaw+8 pit+0 rc(6, 0, 0, 4)",0.302,0.6431,0.3215,,
1062,125271,1061,,depth/001062.npy,1,120.7,277.1,-1.0,-100.0,-100.0,-100.0,-123.0,70.0,0.0,0.0,0.0,0.0,0.0,45.0,6,0,0,4,"ORBIT pos+0.10 orbit L0.30 M0.65 R0.32 tn0.68 yaw+8 pit+0 rc(6, 0, 0, 4)",0.302,0.6509,0.3176,,
1063,125386,1062,,depth/001063.npy,1,121.8,260.9,-1.0,-100.0,-100.0,-100.0,-124.0,70.0,0.0,0.0,0.0,0.0,0.0,45.0,6,0,0,4,"ORBIT pos+0.10 orbit L0.29 M0.64 R0.31 tn0.67 yaw+8 pit+0 rc(6, 0, 0, 4)",0.2942,0.6431,0.3098,,
1064,125503,1063,,depth/001064.npy,1,122.8,273.0,-1.0,-100.0,-100.0,-100.0,-124.0,70.0,0.0,0.0,0.0,0.0,0.0,45.0,6,0,0,4,"ORBIT pos+0.10 orbit L0.30 M0.64 R0.32 tn0.67 yaw+8 pit+0 rc(6, 0, 0, 4)",0.2981,0.6392,0.3215,,
1065,125617,1064,,depth/001065.npy,1,124.3,249.9,-1.0,-100.0,-100.0,-100.0,-125.0,70.0,0.0,0.0,0.0,0.0,0.0,45.0,6,0,0,4,"ORBIT pos+0.10 orbit L0.29 M0.64 R0.33 tn0.68 yaw+8 pit+0 rc(6, 0, 0, 4)",0.2942,0.6431,0.3254,,
1066,125741,1065,,depth/001066.npy,1,123.0,246.1,-1.0,-100.0,-100.0,-100.0,-125.0,70.0,0.0,0.0,0.0,0.0,0.0,45.0,6,0,0,4,"ORBIT pos+0.10 orbit L0.30 M0.64 R0.34 tn0.68 yaw+8 pit+0 rc(6, 0, 0, 4)",0.302,0.6372,0.3372,,
1067,125856,1066,,depth/001067.npy,1,120.1,279.4,-1.0,-100.0,-100.0,-100.0,-126.0,70.0,0.0,0.0,0.0,0.0,0.0,45.0,6,0,0,5,"ORBIT pos+0.11 orbit L0.30 M0.64 R0.34 tn0.68 yaw+9 pit+0 rc(6, 0, 0, 5)",0.302,0.6392,0.3431,,
1068,125971,1067,,depth/001068.npy,1,120.5,244.8,-1.0,-100.0,-100.0,-100.0,-127.0,70.0,0.0,0.0,0.0,0.0,0.0,45.0,5,0,0,7,"ORBIT pos+0.12 orbit L0.31 M0.62 R0.36 tn0.68 yaw+10 pit+0 rc(5, 0, 0, 7)",0.3059,0.6177,0.3569,,
1069,126086,1068,,depth/001069.npy,1,121.9,205.3,-1.0,-100.0,-100.0,-100.0,-127.0,70.0,0.0,0.0,0.0,0.0,0.0,45.0,5,0,0,8,"ORBIT pos+0.14 orbit L0.30 M0.61 R0.36 tn0.67 yaw+11 pit+0 rc(5, 0, 0, 8)",0.2981,0.6118,0.3647,,
1070,126211,1069,,depth/001070.npy,1,119.6,212.8,-1.0,-100.0,-100.0,-100.0,-128.0,70.0,0.0,0.0,0.0,0.0,0.0,45.0,4,0,0,10,"ORBIT pos+0.15 orbit L0.30 M0.59 R0.37 tn0.67 yaw+12 pit+0 rc(4, 0, 0, 10)",0.302,0.5884,0.3726,,
1071,126335,1070,,depth/001071.npy,1,124.3,275.5,-1.0,-100.0,-100.0,-100.0,-129.0,70.0,0.0,0.0,0.0,0.0,0.0,45.0,3,0,0,12,"ORBIT pos+0.17 orbit L0.31 M0.58 R0.39 tn0.66 yaw+14 pit+0 rc(3, 0, 0, 12)",0.3098,0.5806,0.3882,,
1072,126452,1071,,depth/001072.npy,1,119.0,218.4,-1.0,-100.0,-100.0,-100.0,-129.0,70.0,0.0,0.0,0.0,0.0,0.0,45.0,3,0,0,13,"ORBIT pos+0.18 orbit L0.31 M0.55 R0.40 tn0.66 yaw+15 pit+0 rc(3, 0, 0, 13)",0.3098,0.5488,0.4038,,
1073,126577,1072,,depth/001073.npy,1,124.4,210.8,-1.0,-100.0,-100.0,-100.0,-130.0,70.0,0.0,0.0,0.0,0.0,0.0,45.0,2,0,0,16,"ORBIT pos+0.21 orbit L0.32 M0.54 R0.43 tn0.67 yaw+17 pit+0 rc(2, 0, 0, 16)",0.3215,0.541,0.4275,,
1074,126700,1073,,depth/001074.npy,1,120.7,236.3,-1.0,-100.0,-100.0,-100.0,-130.0,70.0,0.0,0.0,0.0,0.0,0.0,45.0,1,0,0,17,"ORBIT pos+0.22 orbit L0.32 M0.54 R0.43 tn0.67 yaw+18 pit+0 rc(1, 0, 0, 17)",0.3215,0.5371,0.4275,,
1075,126825,1074,,depth/001075.npy,1,116.5,267.4,-1.0,-100.0,-100.0,-100.0,-130.0,70.0,0.0,0.0,0.0,0.0,0.0,45.0,0,0,0,20,"ORBIT pos+0.24 orbit L0.33 M0.52 R0.42 tn0.67 yaw+20 pit+0 rc(0, 0, 0, 20)",0.3254,0.5215,0.4236,,
1076,126942,1075,,depth/001076.npy,1,125.0,217.2,-1.0,-100.0,-100.0,-100.0,-129.0,70.0,0.0,0.0,0.0,0.0,0.0,45.0,0,0,0,20,"ORBIT pos+0.25 center L0.33 M0.52 R0.43 tn0.67 yaw+20 pit+0 rc(0, 0, 0, 20)",0.3254,0.5215,0.4275,,
1077,127057,1076,,depth/001077.npy,1,147.0,227.0,-1.0,-100.0,-100.0,-100.0,-129.0,70.0,0.0,0.0,0.0,0.0,0.0,45.0,0,0,0,21,"ORBIT pos+0.27 center L0.32 M0.52 R0.42 tn0.67 yaw+21 pit+0 rc(0, 0, 0, 21)",0.3176,0.5176,0.4236,,
1078,127182,1077,,depth/001078.npy,1,131.5,189.5,-1.0,-100.0,-100.0,-100.0,-128.0,70.0,0.0,0.0,0.0,0.0,0.0,45.0,0,0,0,22,"ORBIT pos+0.27 center L0.32 M0.52 R0.42 tn0.67 yaw+22 pit+0 rc(0, 0, 0, 22)",0.3176,0.5176,0.4197,,
1079,127299,1078,,depth/001079.npy,1,116.8,168.7,-1.0,-100.0,-100.0,-100.0,-128.0,70.0,0.0,0.0,0.0,0.0,0.0,45.0,0,0,0,22,"ORBIT pos+0.28 center L0.32 M0.52 R0.42 tn0.67 yaw+22 pit+0 rc(0, 0, 0, 22)",0.3176,0.5176,0.4197,,
1080,127422,1079,,depth/001080.npy,1,124.0,193.8,-1.0,-100.0,-100.0,-100.0,-128.0,70.0,0.0,0.0,0.0,0.0,0.0,45.0,0,0,0,23,"ORBIT pos+0.28 center L0.32 M0.52 R0.42 tn0.68 yaw+23 pit+0 rc(0, 0, 0, 23)",0.3254,0.5176,0.4392,,
1081,127547,1080,,depth/001081.npy,1,116.5,186.8,-1.0,-100.0,-100.0,-100.0,-128.0,70.0,0.0,0.0,0.0,0.0,0.0,45.0,0,0,0,23,"ORBIT pos+0.29 center L0.32 M0.52 R0.44 tn0.68 yaw+23 pit+0 rc(0, 0, 0, 23)",0.3215,0.5215,0.4431,,
1082,127673,1081,,depth/001082.npy,1,122.7,179.0,-1.0,-100.0,-100.0,-100.0,-127.0,70.0,0.0,0.0,0.0,0.0,0.0,45.0,0,0,0,23,"ORBIT pos+0.29 center L0.32 M0.51 R0.44 tn0.68 yaw+23 pit+0 rc(0, 0, 0, 23)",0.3176,0.5117,0.4392,,
1083,127789,1082,,depth/001083.npy,1,126.1,224.4,-1.0,-100.0,-100.0,-100.0,-127.0,70.0,0.0,0.0,0.0,0.0,0.0,45.0,0,0,0,23,"ORBIT pos+0.29 center L0.32 M0.51 R0.44 tn0.67 yaw+23 pit+0 rc(0, 0, 0, 23)",0.3176,0.5098,0.4431,,
1084,127904,1083,,depth/001084.npy,1,118.2,176.2,-1.0,-100.0,-100.0,-100.0,-127.0,70.0,0.0,0.0,0.0,0.0,0.0,45.0,0,0,0,23,"ORBIT pos+0.29 center L0.31 M0.50 R0.44 tn0.68 yaw+23 pit+0 rc(0, 0, 0, 23)",0.3098,0.502,0.4353,,
1085,128028,1084,,depth/001085.npy,1,125.2,199.1,-1.0,-100.0,-100.0,-100.0,-127.0,70.0,0.0,0.0,0.0,0.0,0.0,45.0,0,0,0,24,"ORBIT pos+0.30 center L0.31 M0.50 R0.44 tn0.68 yaw+24 pit+0 rc(0, 0, 0, 24)",0.3059,0.502,0.4236,,
1086,128153,1085,,depth/001086.npy,1,121.9,190.0,-1.0,-100.0,-100.0,-100.0,-126.0,70.0,0.0,0.0,0.0,0.0,0.0,45.0,0,0,0,24,"ORBIT pos+0.30 center L0.31 M0.50 R0.42 tn0.68 yaw+24 pit+0 rc(0, 0, 0, 24)",0.3059,0.502,0.4236,,
1087,128269,1086,,depth/001087.npy,1,120.2,197.7,-1.0,-100.0,-100.0,-100.0,-126.0,70.0,0.0,0.0,0.0,0.0,0.0,45.0,0,0,0,24,"ORBIT pos+0.30 center L0.31 M0.50 R0.42 tn0.68 yaw+24 pit+0 rc(0, 0, 0, 24)",0.3059,0.5059,0.408,,
1088,128383,1087,,depth/001088.npy,1,121.5,183.5,-1.0,-100.0,-100.0,-100.0,-125.0,70.0,0.0,0.0,0.0,0.0,0.0,45.0,0,0,0,24,"ORBIT pos+0.30 center L0.31 M0.51 R0.41 tn0.67 yaw+24 pit+0 rc(0, 0, 0, 24)",0.2903,0.498,0.4038,,
1089,128509,1088,,depth/001089.npy,1,118.4,186.9,-1.0,-100.0,-100.0,-100.0,-124.0,70.0,0.0,0.0,0.0,0.0,0.0,45.0,0,0,0,23,"ORBIT pos+0.29 center L0.29 M0.53 R0.39 tn0.66 yaw+23 pit+0 rc(0, 0, 0, 23)",0.2903,0.5293,0.3921,,
1090,128633,1089,,depth/001090.npy,1,125.2,225.1,-1.0,-100.0,-100.0,-100.0,-123.0,70.0,0.0,0.0,0.0,0.0,0.0,45.0,0,0,0,23,"ORBIT pos+0.29 center L0.29 M0.53 R0.39 tn0.65 yaw+23 pit+0 rc(0, 0, 0, 23)",0.2981,0.5527,0.3843,,
1091,128751,1090,,depth/001091.npy,1,118.6,187.7,-1.0,-100.0,-100.0,-100.0,-122.0,70.0,0.0,0.0,0.0,1.0,0.0,45.0,0,0,0,21,"ORBIT pos+0.27 center L0.30 M0.60 R0.36 tn0.66 yaw+21 pit+0 rc(0, 0, 0, 21)",0.302,0.5962,0.3608,,
1092,128876,1091,,depth/001092.npy,1,125.7,180.7,-1.0,-100.0,-100.0,-100.0,-122.0,70.0,0.0,0.0,0.0,1.0,0.0,45.0,0,0,0,19,"ORBIT pos+0.24 orbit L0.29 M0.60 R0.35 tn0.65 yaw+19 pit+0 rc(0, 0, 0, 19)",0.2903,0.6001,0.3452,,
1093,128999,1092,,depth/001093.npy,1,122.0,202.3,-1.0,-100.0,-100.0,-100.0,-121.0,70.0,0.0,0.0,0.0,1.0,0.0,44.0,1,0,0,17,"ORBIT pos+0.23 orbit L0.29 M0.60 R0.35 tn0.65 yaw+18 pit+0 rc(1, 0, 0, 17)",0.2981,0.6196,0.3411,,
1094,129123,1093,,depth/001094.npy,1,120.3,225.6,-1.0,-100.0,-100.0,-100.0,-121.0,70.0,0.0,0.0,0.0,1.0,0.0,44.0,2,0,0,15,"ORBIT pos+0.20 orbit L0.29 M0.63 R0.33 tn0.65 yaw+16 pit+0 rc(2, 0, 0, 15)",0.2903,0.6313,0.3293,,
1095,129240,1094,,depth/001095.npy,1,117.9,176.4,-1.0,-100.0,-100.0,-100.0,-121.0,70.0,0.0,0.0,0.0,1.0,0.0,44.0,3,0,0,12,"ORBIT pos+0.18 orbit L0.29 M0.63 R0.33 tn0.65 yaw+14 pit+0 rc(3, 0, 0, 12)",0.2744,0.647,0.3215,,
1096,129355,1095,,depth/001096.npy,1,119.4,162.5,-1.0,-100.0,-100.0,-100.0,-121.0,70.0,0.0,0.0,0.0,1.0,0.0,44.0,4,0,0,10,"ORBIT pos+0.15 orbit L0.27 M0.66 R0.31 tn0.66 yaw+12 pit+0 rc(4, 0, 0, 10)",0.2705,0.6587,0.3137,,
1097,129478,1096,,depth/001097.npy,1,126.5,180.2,-1.0,-100.0,-100.0,-100.0,-120.0,70.0,0.0,0.0,0.0,1.0,0.0,44.0,4,0,0,9,"ORBIT pos+0.14 orbit L0.27 M0.66 R0.31 tn0.67 yaw+11 pit+0 rc(4, 0, 0, 9)",0.2825,0.6431,0.3137,,
1098,129603,1097,,depth/001098.npy,1,116.7,216.5,-1.0,-100.0,-100.0,-100.0,-120.0,70.0,0.0,0.0,0.0,1.0,0.0,44.0,5,0,0,6,"ORBIT pos+0.12 orbit L0.28 M0.66 R0.32 tn0.67 yaw+9 pit+0 rc(5, 0, 0, 6)",0.2783,0.6626,0.3176,,
1099,129712,1098,,depth/001098.npy,1,116.7,371.0,-1.0,-100.0,-100.0,-100.0,-120.0,70.0,0.0,0.0,0.0,1.0,0.0,44.0,6,0,0,5,"ORBIT pos+0.11 orbit L0.28 M0.66 R0.32 tn0.67 yaw+9 pit+0 rc(6, 0, 0, 5)",0.2783,0.6626,0.3176,,
1100,129827,1099,,depth/001100.npy,1,199.0,303.0,-1.0,-100.0,-100.0,-100.0,-121.0,70.0,0.0,0.0,0.0,0.0,0.0,44.0,6,0,0,4,"ORBIT pos+0.11 orbit L0.29 M0.66 R0.32 tn0.68 yaw+8 pit+0 rc(6, 0, 0, 4)",0.2864,0.6626,0.3176,,
1101,129948,1100,,depth/001101.npy,1,146.8,295.1,-1.0,-100.0,-100.0,-100.0,-121.0,70.0,0.0,0.0,0.0,0.0,0.0,44.0,6,0,0,4,"ORBIT pos+0.10 orbit L0.28 M0.65 R0.31 tn0.68 yaw+8 pit+0 rc(6, 0, 0, 4)",0.2783,0.6548,0.3098,,
1102,130057,1101,,depth/001102.npy,1,131.9,159.3,-1.0,-100.0,-100.0,-100.0,-121.0,70.0,0.0,0.0,0.0,0.0,0.0,44.0,6,0,0,4,"ORBIT pos+0.10 orbit L0.28 M0.65 R0.31 tn0.68 yaw+8 pit+0 rc(6, 0, 0, 4)",0.2783,0.6626,0.3098,,
1103,130174,1102,,depth/001102.npy,1,131.9,275.9,-1.0,-100.0,-100.0,-100.0,-122.0,70.0,0.0,0.0,0.0,0.0,0.0,44.0,6,0,0,4,"ORBIT pos+0.09 orbit L0.28 M0.66 R0.31 tn0.68 yaw+8 pit+0 rc(6, 0, 0, 4)",0.2783,0.6626,0.3098,,
1104,130289,1103,,depth/001104.npy,1,125.4,291.8,-1.0,-100.0,-100.0,-100.0,-122.0,70.0,0.0,0.0,0.0,0.0,0.0,44.0,6,0,0,4,"ORBIT pos+0.09 orbit L0.28 M0.66 R0.31 tn0.68 yaw+8 pit+0 rc(6, 0, 0, 4)",0.2783,0.6587,0.3059,,
1105,130406,1104,,depth/001105.npy,1,127.7,315.3,-1.0,-100.0,-100.0,-100.0,-122.0,70.0,0.0,0.0,0.0,0.0,0.0,44.0,6,0,0,3,"ORBIT pos+0.09 orbit L0.28 M0.66 R0.30 tn0.68 yaw+7 pit+0 rc(6, 0, 0, 3)",0.2783,0.6587,0.2981,,
1106,130521,1105,,depth/001106.npy,1,147.6,256.1,-1.0,-100.0,-100.0,-100.0,-123.0,70.0,0.0,0.0,0.0,0.0,0.0,44.0,6,0,0,3,"ORBIT pos+0.09 orbit L0.28 M0.66 R0.30 tn0.68 yaw+7 pit+0 rc(6, 0, 0, 3)",0.2783,0.6626,0.2981,,
1107,130635,1106,,depth/001107.npy,1,131.9,206.9,-1.0,-100.0,-100.0,-100.0,-123.0,70.0,0.0,0.0,0.0,0.0,0.0,44.0,6,0,0,3,"ORBIT pos+0.09 orbit L0.29 M0.67 R0.30 tn0.68 yaw+7 pit+0 rc(6, 0, 0, 3)",0.2903,0.6665,0.304,,
1108,130751,1107,,depth/001108.npy,1,117.8,220.1,-1.0,-100.0,-100.0,-100.0,-123.0,70.0,0.0,0.0,0.0,0.0,0.0,44.0,6,0,0,3,"ORBIT pos+0.09 orbit L0.29 M0.67 R0.30 tn0.68 yaw+7 pit+0 rc(6, 0, 0, 3)",0.2825,0.6665,0.3098,,
1109,130865,1108,,depth/001109.npy,1,126.1,203.2,-1.0,-100.0,-100.0,-100.0,-123.0,70.0,0.0,0.0,0.0,0.0,0.0,44.0,6,0,0,3,"ORBIT pos+0.09 orbit L0.29 M0.66 R0.31 tn0.69 yaw+7 pit+0 rc(6, 0, 0, 3)",0.2864,0.6626,0.3059,,
1110,130988,1109,,depth/001110.npy,1,122.9,205.2,-1.0,-100.0,-100.0,-100.0,-123.0,70.0,0.0,0.0,0.0,0.0,0.0,44.0,6,0,0,4,"ORBIT pos+0.09 orbit L0.29 M0.66 R0.31 tn0.69 yaw+8 pit+0 rc(6, 0, 0, 4)",0.2922,0.6626,0.3137,,
1111,131113,1110,,depth/001111.npy,1,119.2,185.4,-1.0,-100.0,-100.0,-100.0,-123.0,70.0,0.0,0.0,0.0,0.0,0.0,44.0,6,0,0,4,"ORBIT pos+0.09 orbit L0.29 M0.66 R0.31 tn0.68 yaw+8 pit+0 rc(6, 0, 0, 4)",0.2864,0.6587,0.3059,,
1112,131229,1111,,depth/001112.npy,1,122.4,202.9,-1.0,-100.0,-100.0,-100.0,-122.0,70.0,0.0,0.0,0.0,0.0,0.0,44.0,6,0,0,4,"ORBIT pos+0.09 orbit L0.29 M0.66 R0.31 tn0.68 yaw+8 pit+0 rc(6, 0, 0, 4)",0.2864,0.6626,0.3059,,
1113,131344,1112,,depth/001113.npy,1,126.0,179.4,-1.0,-100.0,-100.0,-100.0,-122.0,70.0,0.0,0.0,0.0,0.0,1.0,44.0,6,0,0,4,"ORBIT pos+0.10 orbit L0.28 M0.66 R0.31 tn0.68 yaw+8 pit+0 rc(6, 0, 0, 4)",0.2844,0.6587,0.3059,,
1114,131468,1113,,depth/001114.npy,1,122.4,208.5,-1.0,-100.0,-100.0,-100.0,-122.0,70.0,0.0,0.0,0.0,0.0,0.0,44.0,6,0,0,4,"ORBIT pos+0.10 orbit L0.28 M0.66 R0.31 tn0.68 yaw+8 pit+0 rc(6, 0, 0, 4)",0.2825,0.6626,0.3098,,
1115,131592,1114,,depth/001115.npy,1,119.5,204.0,-1.0,-100.0,-100.0,-100.0,-122.0,70.0,0.0,0.0,0.0,0.0,0.0,44.0,6,0,0,4,"ORBIT pos+0.10 orbit L0.28 M0.66 R0.32 tn0.68 yaw+8 pit+0 rc(6, 0, 0, 4)",0.2825,0.6646,0.3215,,
1116,131709,1115,,depth/001116.npy,1,123.8,184.0,-1.0,-100.0,-100.0,-100.0,-122.0,70.0,0.0,0.0,0.0,0.0,0.0,44.0,6,0,0,4,"ORBIT pos+0.10 orbit L0.28 M0.66 R0.32 tn0.68 yaw+8 pit+0 rc(6, 0, 0, 4)",0.2864,0.6626,0.3098,,
1117,131825,1116,,depth/001117.npy,1,128.4,162.5,-1.0,-100.0,-100.0,-100.0,-121.0,70.0,0.0,0.0,0.0,0.0,1.0,44.0,6,0,0,4,"ORBIT pos+0.10 orbit L0.29 M0.66 R0.31 tn0.68 yaw+8 pit+0 rc(6, 0, 0, 4)",0.2864,0.6626,0.3098,,
1118,131951,1117,,depth/001118.npy,1,139.0,183.9,-1.0,-100.0,-100.0,-100.0,-120.0,70.0,0.0,0.0,0.0,0.0,0.0,44.0,6,0,0,4,"ORBIT pos+0.10 orbit L0.29 M0.66 R0.31 tn0.68 yaw+8 pit+0 rc(6, 0, 0, 4)",0.2783,0.6704,0.3059,,
1119,132074,1118,,depth/001118.npy,1,139.0,311.1,-1.0,-100.0,-100.0,-100.0,-120.0,70.0,0.0,0.0,0.0,0.0,0.0,44.0,6,0,0,4,"ORBIT pos+0.10 orbit L0.28 M0.67 R0.31 tn0.69 yaw+8 pit+0 rc(6, 0, 0, 4)",0.2783,0.6704,0.3059,,
1120,132191,1119,,depth/001120.npy,1,131.3,261.7,-1.0,-100.0,-100.0,-100.0,-119.0,70.0,0.0,0.0,0.0,0.0,0.0,44.0,6,0,0,4,"ORBIT pos+0.10 orbit L0.28 M0.69 R0.31 tn0.69 yaw+8 pit+0 rc(6, 0, 0, 4)",0.2825,0.686,0.3059,,
1121,132316,1120,,depth/001121.npy,1,138.0,285.3,-1.0,-100.0,-100.0,-100.0,-117.0,70.0,0.0,0.0,0.0,0.0,0.0,44.0,6,0,0,4,"ORBIT pos+0.10 orbit L0.28 M0.69 R0.30 tn0.70 yaw+8 pit+0 rc(6, 0, 0, 4)",0.2783,0.6943,0.302,,
1122,132441,1121,,depth/001122.npy,1,113.3,273.9,-1.0,-100.0,-100.0,-100.0,-117.0,70.0,0.0,0.0,0.0,0.0,0.0,44.0,6,0,0,3,"ORBIT pos+0.09 orbit L0.29 M0.71 R0.29 tn0.71 yaw+7 pit+0 rc(6, 0, 0, 3)",0.2864,0.7139,0.2864,,
1123,132566,1122,,depth/001123.npy,1,129.8,306.6,-1.0,-100.0,-100.0,-100.0,-116.0,70.0,0.0,0.0,0.0,0.0,0.0,44.0,7,0,0,2,"ORBIT pos+0.08 orbit L0.30 M0.72 R0.26 tn0.72 yaw+6 pit+0 rc(7, 0, 0, 2)",0.2981,0.7178,0.2588,,
1124,132683,1123,,depth/001124.npy,1,121.2,256.2,-1.0,-100.0,-100.0,-100.0,-115.0,70.0,0.0,0.0,0.0,0.0,0.0,44.0,7,0,0,1,"ORBIT pos+0.06 orbit L0.35 M0.70 R0.27 tn0.72 yaw+5 pit+0 rc(7, 0, 0, 1)",0.3491,0.6982,0.2705,,
1125,132807,1124,,depth/001125.npy,1,124.5,278.5,-1.0,-100.0,-100.0,-100.0,-114.0,70.0,0.0,0.0,0.0,0.0,0.0,44.0,9,0,0,-5,"ORBIT pos+0.03 orbit L0.36 M0.70 R0.26 tn0.72 yaw+0 pit+0 rc(9, 0, 0, -5)",0.3569,0.6982,0.2607,,
1126,132932,1125,,depth/001126.npy,1,124.0,261.8,-1.0,-100.0,-100.0,-100.0,-113.0,70.0,0.0,0.0,0.0,0.0,0.0,43.0,10,0,0,-6,"ORBIT pos+0.01 orbit L0.36 M0.68 R0.26 tn0.72 yaw+0 pit+0 rc(10, 0, 0, -6)",0.3647,0.6821,0.2646,,
1127,133047,1126,,depth/001127.npy,1,116.6,287.1,-1.0,-100.0,-100.0,-100.0,-113.0,70.0,0.0,0.0,0.0,0.0,0.0,43.0,8,0,0,-5,"ORBIT pos-0.04 orbit L0.39 M0.68 R0.27 tn0.72 yaw+0 pit+0 rc(8, 0, 0, -5)",0.3921,0.6802,0.2705,,
1128,133164,1127,,depth/001128.npy,1,119.2,269.7,-1.0,-100.0,-100.0,-100.0,-113.0,70.0,0.0,0.0,0.0,0.0,0.0,43.0,7,0,0,-9,"ORBIT pos-0.07 orbit L0.42 M0.64 R0.27 tn0.72 yaw-5 pit+0 rc(7, 0, 0, -9)",0.4236,0.6392,0.2744,,
1129,133278,1128,,depth/001129.npy,1,128.5,248.4,-1.0,-100.0,-100.0,-100.0,-113.0,70.0,0.0,0.0,0.0,0.0,0.0,43.0,6,0,0,-13,"ORBIT pos-0.11 orbit L0.44 M0.61 R0.27 tn0.71 yaw-9 pit+0 rc(6, 0, 0, -13)",0.4353,0.6118,0.2705,,
1130,133401,1129,,depth/001130.npy,1,119.8,239.6,-1.0,-100.0,-100.0,-100.0,-114.0,70.0,0.0,0.0,0.0,0.0,0.0,43.0,5,0,0,-13,"ORBIT pos-0.13 orbit L0.43 M0.60 R0.27 tn0.72 yaw-10 pit+0 rc(5, 0, 0, -13)",0.4314,0.6021,0.2705,,
1131,133526,1130,,depth/001131.npy,1,125.5,267.2,-1.0,-100.0,-100.0,-100.0,-114.0,70.0,0.0,0.0,0.0,0.0,0.0,43.0,4,0,0,-14,"ORBIT pos-0.16 orbit L0.45 M0.59 R0.28 tn0.71 yaw-12 pit+0 rc(4, 0, 0, -14)",0.4509,0.5884,0.2764,,
1132,133644,1131,,depth/001132.npy,1,118.6,249.5,-1.0,-100.0,-100.0,-100.0,-115.0,70.0,0.0,0.0,0.0,0.0,0.0,43.0,3,0,0,-15,"ORBIT pos-0.17 orbit L0.45 M0.57 R0.27 tn0.71 yaw-13 pit+0 rc(3, 0, 0, -15)",0.4548,0.5728,0.2744,,
1133,133759,1132,,depth/001133.npy,1,122.2,262.5,-1.0,-100.0,-100.0,-100.0,-115.0,70.0,0.0,0.0,0.0,0.0,0.0,43.0,3,0,0,-17,"ORBIT pos-0.19 orbit L0.45 M0.57 R0.28 tn0.70 yaw-15 pit+0 rc(3, 0, 0, -17)",0.4548,0.5728,0.2825,,
1134,133883,1133,,depth/001134.npy,1,123.4,288.9,-1.0,-100.0,-100.0,-100.0,-116.0,70.0,0.0,0.0,0.0,0.0,0.0,43.0,2,0,0,-17,"ORBIT pos-0.20 orbit L0.45 M0.55 R0.28 tn0.70 yaw-16 pit+0 rc(2, 0, 0, -17)",0.447,0.5527,0.2825,,
1135,133997,1134,,depth/001135.npy,1,120.1,239.3,-1.0,-100.0,-100.0,-100.0,-116.0,70.0,0.0,0.0,0.0,0.0,0.0,43.0,2,0,0,-18,"ORBIT pos-0.21 orbit L0.44 M0.55 R0.28 tn0.70 yaw-17 pit+0 rc(2, 0, 0, -18)",0.4431,0.5469,0.2783,,
1136,134114,1135,,depth/001136.npy,1,119.9,219.6,-1.0,-100.0,-100.0,-100.0,-116.0,70.0,0.0,0.0,0.0,0.0,0.0,43.0,1,0,0,-18,"ORBIT pos-0.22 orbit L0.45 M0.55 R0.29 tn0.70 yaw-17 pit+0 rc(1, 0, 0, -18)",0.447,0.5488,0.2864,,
1137,134228,1136,,depth/001137.npy,1,130.8,234.6,-1.0,-100.0,-100.0,-100.0,-116.0,70.0,0.0,0.0,0.0,0.0,0.0,43.0,1,0,0,-19,"ORBIT pos-0.23 orbit L0.45 M0.54 R0.28 tn0.69 yaw-18 pit+0 rc(1, 0, 0, -19)",0.447,0.5449,0.2825,,
1138,134343,1137,,depth/001138.npy,1,129.6,229.4,-1.0,-100.0,-100.0,-100.0,-117.0,70.0,0.0,0.0,0.0,0.0,0.0,43.0,1,0,0,-19,"ORBIT pos-0.23 orbit L0.45 M0.54 R0.28 tn0.69 yaw-18 pit+0 rc(1, 0, 0, -19)",0.4333,0.5527,0.2705,,
1139,134457,1138,,depth/001139.npy,1,128.7,193.7,-1.0,-100.0,-100.0,-100.0,-118.0,70.0,0.0,0.0,0.0,0.0,0.0,43.0,1,0,0,-20,"ORBIT pos-0.23 orbit L0.43 M0.55 R0.27 tn0.69 yaw-19 pit+0 rc(1, 0, 0, -20)",0.4158,0.5527,0.2666,,
1140,134573,1139,,depth/001140.npy,1,120.4,180.7,-1.0,-100.0,-100.0,-100.0,-118.0,70.0,0.0,0.0,0.0,0.0,0.0,43.0,1,0,0,-20,"ORBIT pos-0.23 orbit L0.42 M0.55 R0.27 tn0.70 yaw-19 pit+0 rc(1, 0, 0, -20)",0.408,0.5649,0.2744,,
1141,134691,1140,,depth/001141.npy,1,121.6,177.5,-1.0,-100.0,-100.0,-100.0,-118.0,70.0,0.0,0.0,0.0,0.0,0.0,43.0,1,0,0,-19,"ORBIT pos-0.23 orbit L0.41 M0.56 R0.27 tn0.69 yaw-18 pit+0 rc(1, 0, 0, -19)",0.4038,0.6021,0.2646,,
1142,134816,1141,,depth/001142.npy,1,125.3,222.6,-1.0,-100.0,-100.0,-100.0,-119.0,70.0,0.0,0.0,0.0,0.0,0.0,43.0,1,0,0,-19,"ORBIT pos-0.23 orbit L0.40 M0.60 R0.26 tn0.69 yaw-18 pit+0 rc(1, 0, 0, -19)",0.396,0.6235,0.2705,,
1143,134930,1142,,depth/001143.npy,1,120.5,172.6,-1.0,-100.0,-100.0,-100.0,-120.0,70.0,0.0,0.0,0.0,0.0,0.0,43.0,1,0,0,-18,"ORBIT pos-0.22 orbit L0.40 M0.62 R0.27 tn0.70 yaw-17 pit+0 rc(1, 0, 0, -18)",0.3804,0.6548,0.2705,,
1144,135048,1143,,depth/001143.npy,1,120.5,287.1,-1.0,-100.0,-100.0,-100.0,-120.0,70.0,0.0,0.0,0.0,0.0,0.0,43.0,2,0,0,-18,"ORBIT pos-0.21 orbit L0.38 M0.65 R0.27 tn0.70 yaw-17 pit+0 rc(2, 0, 0, -18)",0.3804,0.6548,0.2705,,
1145,135174,1144,,depth/001145.npy,1,120.6,141.2,-1.0,-100.0,-100.0,-100.0,-121.0,70.0,0.0,0.0,0.0,0.0,0.0,43.0,3,0,0,-17,"ORBIT pos-0.18 orbit L0.37 M0.65 R0.27 tn0.70 yaw-15 pit+0 rc(3, 0, 0, -17)",0.353,0.6782,0.2705,,
1146,135299,1145,,depth/001146.npy,1,122.2,203.2,-1.0,-100.0,-100.0,-100.0,-122.0,70.0,0.0,0.0,0.0,0.0,0.0,43.0,3,0,0,-16,"ORBIT pos-0.17 orbit L0.35 M0.68 R0.27 tn0.70 yaw-14 pit+0 rc(3, 0, 0, -16)",0.3569,0.6665,0.2686,,
1147,135414,1146,,depth/001146.npy,1,122.2,322.6,-1.0,-100.0,-100.0,-100.0,-122.0,70.0,0.0,0.0,0.0,0.0,0.0,43.0,4,0,0,-13,"ORBIT pos-0.14 orbit L0.36 M0.67 R0.27 tn0.70 yaw-11 pit+0 rc(4, 0, 0, -13)",0.3569,0.6665,0.2686,,
1148,135532,1147,,depth/001148.npy,1,123.9,291.9,-1.0,-100.0,-100.0,-100.0,-123.0,70.0,0.0,0.0,0.0,0.0,0.0,43.0,5,0,0,-13,"ORBIT pos-0.12 orbit L0.35 M0.67 R0.27 tn0.70 yaw-10 pit+0 rc(5, 0, 0, -13)",0.353,0.6743,0.2705,,
1149,135647,1148,,depth/001149.npy,1,124.6,252.5,-1.0,-100.0,-100.0,-100.0,-123.0,70.0,0.0,0.0,0.0,0.0,0.0,43.0,6,0,0,-11,"ORBIT pos-0.09 orbit L0.34 M0.68 R0.27 tn0.70 yaw-7 pit+0 rc(6, 0, 0, -11)",0.3411,0.6782,0.2725,,
1150,135761,1149,,depth/001150.npy,1,120.4,234.1,-1.0,-100.0,-100.0,-100.0,-124.0,70.0,0.0,0.0,0.0,0.0,0.0,43.0,7,0,0,-10,"ORBIT pos-0.08 orbit L0.34 M0.69 R0.27 tn0.70 yaw-6 pit+0 rc(7, 0, 0, -10)",0.3372,0.6904,0.2744,,
1151,135885,1150,,depth/001151.npy,1,129.0,294.5,-1.0,-100.0,-100.0,-100.0,-124.0,70.0,0.0,0.0,0.0,0.0,0.0,43.0,8,0,0,-9,"ORBIT pos-0.05 orbit L0.32 M0.68 R0.27 tn0.70 yaw-4 pit+0 rc(8, 0, 0, -9)",0.3196,0.6782,0.2705,,
1152,136003,1151,,depth/001152.npy,1,123.3,277.5,-1.0,-100.0,-100.0,-100.0,-124.0,70.0,0.0,0.0,0.0,0.0,0.0,43.0,8,0,0,-5,"ORBIT pos-0.04 orbit L0.32 M0.69 R0.27 tn0.70 yaw+0 pit+0 rc(8, 0, 0, -5)",0.3215,0.6904,0.2744,,
1153,136118,1152,,depth/001153.npy,1,131.6,244.8,-1.0,-100.0,-100.0,-100.0,-124.0,70.0,0.0,0.0,0.0,0.0,0.0,43.0,9,0,0,-5,"ORBIT pos-0.02 orbit L0.31 M0.69 R0.28 tn0.70 yaw+0 pit+0 rc(9, 0, 0, -5)",0.3098,0.6904,0.2825,,
1154,136241,1153,,depth/001154.npy,1,125.8,217.9,-1.0,-100.0,-100.0,-100.0,-125.0,70.0,0.0,0.0,0.0,0.0,0.0,43.0,10,0,0,-6,"ORBIT pos-0.01 orbit L0.29 M0.68 R0.29 tn0.70 yaw+0 pit+0 rc(10, 0, 0, -6)",0.2942,0.6802,0.2864,,
1155,136357,1154,,depth/001155.npy,1,119.9,260.9,-1.0,-100.0,-100.0,-100.0,-125.0,70.0,0.0,0.0,0.0,0.0,0.0,43.0,9,0,0,-5,"ORBIT pos+0.01 orbit L0.29 M0.67 R0.29 tn0.71 yaw+0 pit+0 rc(9, 0, 0, -5)",0.2883,0.6743,0.2864,,
1156,136480,1155,,depth/001156.npy,1,137.6,255.0,-1.0,-100.0,-100.0,-100.0,-125.0,70.0,0.0,0.0,0.0,0.0,0.0,43.0,9,0,0,-5,"ORBIT pos+0.02 orbit L0.29 M0.67 R0.29 tn0.71 yaw+0 pit+0 rc(9, 0, 0, -5)",0.2942,0.6821,0.2903,,
1157,136595,1156,,depth/001157.npy,1,123.6,221.8,-1.0,-100.0,-100.0,-100.0,-125.0,70.0,0.0,0.0,0.0,0.0,0.0,43.0,8,0,0,-5,"ORBIT pos+0.04 orbit L0.30 M0.70 R0.29 tn0.72 yaw+0 pit+0 rc(8, 0, 0, -5)",0.302,0.7021,0.2903,,
1158,136719,1157,,depth/001158.npy,1,124.9,226.1,-1.0,-100.0,-100.0,-100.0,-125.0,70.0,0.0,0.0,0.0,0.0,0.0,43.0,8,0,0,-5,"ORBIT pos+0.04 orbit L0.30 M0.70 R0.29 tn0.72 yaw+0 pit+0 rc(8, 0, 0, -5)",0.2981,0.6943,0.2903,,
1159,136844,1158,,depth/001159.npy,1,122.5,250.8,-1.0,-100.0,-100.0,-100.0,-125.0,70.0,0.0,0.0,0.0,0.0,0.0,43.0,8,0,0,-5,"ORBIT pos+0.05 orbit L0.30 M0.69 R0.29 tn0.72 yaw+0 pit+0 rc(8, 0, 0, -5)",0.302,0.686,0.2864,,
1160,136959,1159,,depth/001160.npy,1,127.6,232.3,-1.0,-100.0,-100.0,-100.0,-125.0,70.0,0.0,0.0,0.0,0.0,0.0,42.0,8,0,0,-1,"ORBIT pos+0.05 orbit L0.30 M0.69 R0.29 tn0.71 yaw+4 pit+0 rc(8, 0, 0, -1)",0.2981,0.6821,0.2825,,
1161,137076,1160,,depth/001161.npy,1,121.8,182.0,-1.0,-100.0,-100.0,-100.0,-125.0,70.0,0.0,0.0,0.0,0.0,0.0,42.0,8,0,0,-1,"ORBIT pos+0.05 orbit L0.30 M0.67 R0.28 tn0.70 yaw+4 pit+0 rc(8, 0, 0, -1)",0.2981,0.6743,0.2783,,
1162,137200,1161,,depth/001162.npy,1,129.1,174.4,-1.0,-100.0,-100.0,-100.0,-125.0,70.0,0.0,0.0,0.0,0.0,0.0,42.0,8,0,0,-1,"ORBIT pos+0.05 orbit L0.30 M0.67 R0.28 tn0.70 yaw+4 pit+0 rc(8, 0, 0, -1)",0.3059,0.6821,0.2705,,
1163,137316,1162,,depth/001163.npy,1,133.9,207.0,-1.0,-100.0,-100.0,-100.0,-125.0,70.0,0.0,0.0,0.0,0.0,0.0,42.0,8,0,0,-5,"ORBIT pos+0.05 orbit L0.31 M0.68 R0.27 tn0.70 yaw+0 pit+0 rc(8, 0, 0, -5)",0.3157,0.6665,0.2705,,
1164,137431,1163,,depth/001163.npy,1,133.9,320.6,-1.0,-100.0,-100.0,-100.0,-125.0,70.0,0.0,0.0,0.0,0.0,0.0,42.0,8,0,0,-5,"ORBIT pos+0.05 orbit L0.32 M0.67 R0.27 tn0.69 yaw+0 pit+0 rc(8, 0, 0, -5)",0.3157,0.6665,0.2705,,
1165,137545,1164,,depth/001165.npy,1,121.6,319.1,-1.0,-100.0,-100.0,-100.0,-125.0,70.0,0.0,0.0,0.0,0.0,0.0,42.0,8,0,0,-5,"ORBIT pos+0.04 orbit L0.32 M0.67 R0.26 tn0.69 yaw+0 pit+0 rc(8, 0, 0, -5)",0.3176,0.6743,0.2627,,
1166,137670,1165,,depth/001166.npy,1,123.2,278.6,-1.0,-100.0,-100.0,-100.0,-125.0,70.0,0.0,0.0,0.0,0.0,0.0,42.0,9,0,0,-5,"ORBIT pos+0.03 orbit L0.33 M0.69 R0.27 tn0.70 yaw+0 pit+0 rc(9, 0, 0, -5)",0.3333,0.686,0.2705,,
1167,137788,1166,,depth/001167.npy,1,118.4,260.9,-1.0,-100.0,-100.0,-100.0,-125.0,70.0,0.0,0.0,0.0,0.0,0.0,42.0,9,0,0,-5,"ORBIT pos+0.02 orbit L0.33 M0.69 R0.26 tn0.70 yaw+0 pit+0 rc(9, 0, 0, -5)",0.3333,0.686,0.2627,,
1168,137914,1167,,depth/001168.npy,1,124.8,252.7,-1.0,-100.0,-100.0,-100.0,-126.0,70.0,0.0,0.0,0.0,0.0,0.0,42.0,10,0,0,-6,"ORBIT pos+0.01 orbit L0.34 M0.68 R0.27 tn0.70 yaw+0 pit+0 rc(10, 0, 0, -6)",0.3411,0.6782,0.2686,,
1169,138038,1168,,depth/001169.npy,1,124.4,275.4,-1.0,-100.0,-100.0,-100.0,-126.0,70.0,0.0,0.0,0.0,0.0,0.0,42.0,10,0,0,-6,"ORBIT pos+0.00 orbit L0.35 M0.67 R0.26 tn0.70 yaw+0 pit+0 rc(10, 0, 0, -6)",0.3452,0.6743,0.2588,,
1170,138162,1169,,depth/001170.npy,1,117.7,138.3,-1.0,-100.0,-100.0,-100.0,-127.0,70.0,0.0,0.0,0.0,0.0,0.0,42.0,9,0,0,-5,"ORBIT pos-0.01 orbit L0.35 M0.67 R0.26 tn0.70 yaw+0 pit+0 rc(9, 0, 0, -5)",0.3372,0.6587,0.2627,,
1171,138280,1170,,depth/001170.npy,1,117.7,252.7,-1.0,-100.0,-100.0,-100.0,-127.0,70.0,0.0,0.0,0.0,0.0,0.0,42.0,9,0,0,-5,"ORBIT pos-0.02 orbit L0.34 M0.66 R0.26 tn0.70 yaw+0 pit+0 rc(9, 0, 0, -5)",0.3372,0.6587,0.2627,,
1172,138395,1171,,depth/001172.npy,1,125.0,296.6,-1.0,-100.0,-100.0,-100.0,-128.0,70.0,0.0,0.0,0.0,0.0,0.0,42.0,9,0,0,-5,"ORBIT pos-0.02 orbit L0.33 M0.67 R0.26 tn0.71 yaw+0 pit+0 rc(9, 0, 0, -5)",0.3293,0.6704,0.2588,,
1173,138521,1172,,depth/001173.npy,1,122.4,255.9,-1.0,-100.0,-100.0,-100.0,-128.0,70.0,0.0,0.0,0.0,0.0,0.0,42.0,9,0,0,-5,"ORBIT pos-0.02 orbit L0.32 M0.67 R0.26 tn0.70 yaw+0 pit+0 rc(9, 0, 0, -5)",0.3215,0.6665,0.2568,,
1174,138645,1173,,depth/001174.npy,1,120.6,156.9,-1.0,-100.0,-100.0,-100.0,-129.0,70.0,0.0,0.0,0.0,0.0,0.0,42.0,9,0,0,-5,"ORBIT pos-0.02 orbit L0.31 M0.69 R0.26 tn0.71 yaw+0 pit+0 rc(9, 0, 0, -5)",0.302,0.6782,0.2588,,
1175,138763,1174,,depth/001174.npy,1,120.6,272.6,-1.0,-100.0,-100.0,-100.0,-129.0,70.0,0.0,0.0,0.0,0.0,0.0,42.0,9,0,0,-5,"ORBIT pos-0.02 orbit L0.30 M0.68 R0.26 tn0.71 yaw+0 pit+0 rc(9, 0, 0, -5)",0.302,0.6782,0.2588,,
1176,138878,1175,,depth/001176.npy,1,122.8,249.1,-1.0,-100.0,-100.0,-100.0,-129.0,70.0,0.0,0.0,0.0,0.0,0.0,42.0,9,0,0,-5,"ORBIT pos-0.01 orbit L0.31 M0.68 R0.26 tn0.71 yaw+0 pit+0 rc(9, 0, 0, -5)",0.3059,0.6782,0.2627,,
1177,139002,1176,,depth/001177.npy,1,120.8,246.1,-1.0,-100.0,-100.0,-100.0,-130.0,70.0,0.0,0.0,0.0,0.0,0.0,42.0,10,0,0,-6,"ORBIT pos-0.00 orbit L0.30 M0.68 R0.26 tn0.71 yaw+0 pit+0 rc(10, 0, 0, -6)",0.302,0.6821,0.2588,,
1178,139128,1177,,depth/001178.npy,1,117.2,266.7,-1.0,-100.0,-100.0,-100.0,-130.0,70.0,0.0,0.0,0.0,0.0,0.0,42.0,10,0,0,-6,"ORBIT pos-0.00 orbit L0.30 M0.68 R0.26 tn0.71 yaw+0 pit+0 rc(10, 0, 0, -6)",0.302,0.6821,0.2588,,
1179,139246,1178,,depth/001179.npy,1,128.6,286.4,-1.0,-100.0,-100.0,-100.0,-130.0,70.0,0.0,0.0,0.0,0.0,0.0,42.0,10,0,0,-6,"ORBIT pos+0.00 orbit L0.30 M0.68 R0.26 tn0.72 yaw+0 pit+0 rc(10, 0, 0, -6)",0.302,0.6821,0.2588,,
1180,139363,1179,,depth/001180.npy,1,119.2,269.1,-1.0,-100.0,-100.0,-100.0,-130.0,70.0,0.0,0.0,0.0,0.0,0.0,42.0,10,0,0,-6,"ORBIT pos+0.00 orbit L0.30 M0.69 R0.25 tn0.72 yaw+0 pit+0 rc(10, 0, 0, -6)",0.302,0.686,0.2549,,
1181,139489,1180,,depth/001181.npy,1,120.6,261.1,-1.0,-100.0,-100.0,-100.0,-130.0,70.0,0.0,0.0,0.0,0.0,0.0,42.0,10,0,0,-6,"ORBIT pos+0.01 orbit L0.30 M0.67 R0.26 tn0.72 yaw+0 pit+0 rc(10, 0, 0, -6)",0.2981,0.6743,0.2588,,
1182,139604,1181,,depth/001182.npy,1,124.7,269.0,-1.0,-100.0,-100.0,-100.0,-131.0,70.0,0.0,0.0,0.0,0.0,0.0,42.0,10,0,0,-6,"ORBIT pos+0.01 orbit L0.31 M0.67 R0.25 tn0.71 yaw+0 pit+0 rc(10, 0, 0, -6)",0.3098,0.6743,0.2549,,
1183,139721,1182,,depth/001183.npy,1,121.5,260.9,-1.0,-100.0,-100.0,-100.0,-131.0,70.0,0.0,0.0,0.0,0.0,0.0,42.0,10,0,0,-6,"ORBIT pos+0.01 orbit L0.31 M0.69 R0.26 tn0.71 yaw+0 pit+0 rc(10, 0, 0, -6)",0.3079,0.6904,0.2627,,
1184,139835,1183,,depth/001184.npy,1,119.1,241.1,-1.0,-100.0,-100.0,-100.0,-132.0,70.0,0.0,0.0,0.0,0.0,0.0,42.0,10,0,0,-6,"ORBIT pos+0.01 orbit L0.31 M0.68 R0.26 tn0.71 yaw+0 pit+0 rc(10, 0, 0, -6)",0.3059,0.6802,0.2627,,
1185,139949,1184,,depth/001185.npy,1,123.9,237.5,-1.0,-100.0,-100.0,-100.0,-132.0,70.0,0.0,0.0,0.0,0.0,0.0,42.0,10,0,0,-6,"ORBIT pos+0.01 orbit L0.32 M0.70 R0.27 tn0.71 yaw+0 pit+0 rc(10, 0, 0, -6)",0.3176,0.6963,0.2705,,
1186,140074,1185,,depth/001186.npy,1,126.1,282.0,-1.0,-100.0,-100.0,-100.0,-132.0,70.0,0.0,0.0,0.0,0.0,0.0,42.0,10,0,0,-6,"ORBIT pos+0.01 orbit L0.31 M0.70 R0.27 tn0.71 yaw+0 pit+0 rc(10, 0, 0, -6)",0.3137,0.6982,0.2666,,
1187,140191,1186,,depth/001187.npy,1,121.4,260.5,-1.0,-100.0,-100.0,-100.0,-133.0,70.0,0.0,0.0,0.0,0.0,0.0,42.0,10,0,0,-6,"ORBIT pos+0.01 orbit L0.31 M0.69 R0.27 tn0.71 yaw+0 pit+0 rc(10, 0, 0, -6)",0.3098,0.686,0.2666,,
1188,140316,1187,,depth/001188.npy,1,123.0,255.4,-1.0,-100.0,-100.0,-100.0,-133.0,70.0,0.0,0.0,0.0,0.0,0.0,42.0,9,0,0,-5,"ORBIT pos+0.01 orbit L0.30 M0.68 R0.27 tn0.71 yaw+0 pit+0 rc(9, 0, 0, -5)",0.2981,0.6821,0.2705,,
1189,140442,1188,,depth/001189.npy,1,119.0,246.0,-1.0,-100.0,-100.0,-100.0,-133.0,70.0,0.0,0.0,0.0,0.0,0.0,42.0,9,0,0,-5,"ORBIT pos+0.02 orbit L0.31 M0.68 R0.28 tn0.70 yaw+0 pit+0 rc(9, 0, 0, -5)",0.3059,0.6782,0.2783,,
1190,140566,1189,,depth/001190.npy,1,122.0,273.0,-1.0,-100.0,-100.0,-100.0,-134.0,70.0,0.0,0.0,0.0,0.0,0.0,42.0,9,0,0,-5,"ORBIT pos+0.03 orbit L0.30 M0.68 R0.28 tn0.70 yaw+0 pit+0 rc(9, 0, 0, -5)",0.3,0.6763,0.2783,,
1191,140685,1190,,depth/001191.npy,1,121.2,256.7,-1.0,-100.0,-100.0,-100.0,-134.0,70.0,0.0,0.0,0.0,0.0,0.0,42.0,9,0,0,-5,"ORBIT pos+0.03 orbit L0.30 M0.70 R0.28 tn0.70 yaw+0 pit+0 rc(9, 0, 0, -5)",0.2981,0.7021,0.2783,,
1192,140806,1191,,depth/001192.npy,1,155.2,278.8,-1.0,-100.0,-100.0,-100.0,-134.0,70.0,0.0,0.0,0.0,0.0,0.0,42.0,9,0,0,-5,"ORBIT pos+0.03 orbit L0.30 M0.69 R0.27 tn0.71 yaw+0 pit+0 rc(9, 0, 0, -5)",0.2981,0.6882,0.2705,,
1193,140922,1192,,depth/001193.npy,1,134.3,227.9,-1.0,-100.0,-100.0,-100.0,-134.0,70.0,0.0,0.0,0.0,0.0,0.0,42.0,9,0,0,-5,"ORBIT pos+0.03 orbit L0.30 M0.69 R0.27 tn0.71 yaw+0 pit+0 rc(9, 0, 0, -5)",0.3059,0.686,0.2627,,
1194,141036,1193,,depth/001194.npy,1,119.0,170.3,-1.0,-100.0,-100.0,-100.0,-134.0,70.0,0.0,0.0,0.0,0.0,0.0,42.0,9,0,0,-5,"ORBIT pos+0.03 orbit L0.31 M0.68 R0.26 tn0.71 yaw+0 pit+0 rc(9, 0, 0, -5)",0.3059,0.6821,0.2588,,
1195,141153,1194,,depth/001195.npy,1,125.0,183.8,-1.0,-100.0,-100.0,-100.0,-133.0,70.0,0.0,0.0,0.0,0.0,0.0,42.0,9,0,0,-5,"ORBIT pos+0.03 orbit L0.31 M0.68 R0.26 tn0.71 yaw+0 pit+0 rc(9, 0, 0, -5)",0.3118,0.6821,0.2588,,
1196,141268,1195,,depth/001196.npy,1,130.9,177.2,-1.0,-100.0,-100.0,-100.0,-133.0,70.0,0.0,0.0,0.0,0.0,0.0,42.0,9,0,0,-5,"ORBIT pos+0.03 orbit L0.31 M0.68 R0.26 tn0.71 yaw+0 pit+0 rc(9, 0, 0, -5)",0.3176,0.6743,0.2549,,
1197,141391,1196,,depth/001196.npy,1,130.9,297.9,-1.0,-100.0,-100.0,-100.0,-132.0,70.0,0.0,0.0,0.0,0.0,0.0,42.0,9,0,0,-5,"ORBIT pos+0.03 orbit L0.32 M0.67 R0.25 tn0.71 yaw+0 pit+0 rc(9, 0, 0, -5)",0.3176,0.6743,0.2549,,
1198,141514,1197,,depth/001198.npy,1,171.3,321.9,-1.0,-100.0,-100.0,-100.0,-132.0,70.0,0.0,0.0,0.0,0.0,0.0,42.0,9,0,0,-5,"ORBIT pos+0.02 orbit L0.33 M0.67 R0.25 tn0.71 yaw+0 pit+0 rc(9, 0, 0, -5)",0.3254,0.6665,0.2549,,
1199,141630,1198,,depth/001199.npy,1,113.4,212.4,-1.0,-100.0,-100.0,-100.0,-131.0,70.0,0.0,0.0,0.0,0.0,0.0,42.0,9,0,0,-5,"ORBIT pos+0.02 orbit L0.33 M0.69 R0.25 tn0.71 yaw+0 pit+0 rc(9, 0, 0, -5)",0.3293,0.6943,0.2451,,
1200,141745,1199,,depth/001200.npy,1,126.8,260.2,-1.0,-100.0,-100.0,-100.0,-130.0,70.0,0.0,0.0,0.0,0.0,0.0,42.0,10,0,0,-6,"ORBIT pos+0.01 orbit L0.34 M0.69 R0.26 tn0.72 yaw+0 pit+0 rc(10, 0, 0, -6)",0.3431,0.6943,0.2568,,
1201,141869,1200,,depth/001201.npy,1,119.2,238.9,-1.0,-100.0,-100.0,-100.0,-130.0,70.0,0.0,0.0,0.0,0.0,0.0,42.0,10,0,0,-6,"ORBIT pos-0.00 orbit L0.36 M0.65 R0.25 tn0.72 yaw+0 pit+0 rc(10, 0, 0, -6)",0.3589,0.6548,0.2529,,
1202,141993,1201,,depth/001202.npy,1,121.9,231.4,-1.0,-100.0,-100.0,-100.0,-129.0,70.0,0.0,0.0,0.0,0.0,0.0,42.0,9,0,0,-5,"ORBIT pos-0.03 orbit L0.38 M0.63 R0.26 tn0.72 yaw+0 pit+0 rc(9, 0, 0, -5)",0.3843,0.6274,0.2588,,
1203,142109,1202,,depth/001203.npy,1,122.0,206.3,-1.0,-100.0,-100.0,-100.0,-129.0,70.0,0.0,0.0,0.0,0.0,0.0,42.0,8,0,0,-5,"ORBIT pos-0.05 orbit L0.40 M0.60 R0.26 tn0.72 yaw+0 pit+0 rc(8, 0, 0, -5)",0.3999,0.604,0.2568,,
1204,142233,1203,,depth/001204.npy,1,121.9,258.5,-1.0,-100.0,-100.0,-100.0,-129.0,70.0,0.0,0.0,0.0,0.0,0.0,42.0,7,0,0,-11,"ORBIT pos-0.09 orbit L0.41 M0.60 R0.25 tn0.72 yaw-7 pit+0 rc(7, 0, 0, -11)",0.408,0.5962,0.2549,,
1205,142357,1204,,depth/001205.npy,1,154.6,227.1,-1.0,-100.0,-100.0,-100.0,-129.0,70.0,0.0,0.0,0.0,0.0,0.0,42.0,6,0,0,-12,"ORBIT pos-0.10 orbit L0.41 M0.60 R0.25 tn0.72 yaw-8 pit+0 rc(6, 0, 0, -12)",0.4314,0.5688,0.2549,,
1206,142483,1205,,depth/001206.npy,1,117.4,220.9,-1.0,-100.0,-100.0,-100.0,-129.0,70.0,0.0,0.0,0.0,0.0,0.0,42.0,4,0,0,-13,"ORBIT pos-0.14 orbit L0.45 M0.54 R0.25 tn0.71 yaw-11 pit+0 rc(4, 0, 0, -13)",0.447,0.541,0.2549,,
1207,142599,1206,,depth/001207.npy,1,119.2,261.3,-1.0,-100.0,-100.0,-100.0,-129.0,70.0,0.0,0.0,0.0,0.0,0.0,42.0,4,0,0,-15,"ORBIT pos-0.16 orbit L0.45 M0.54 R0.25 tn0.71 yaw-13 pit+0 rc(4, 0, 0, -15)",0.4587,0.541,0.2607,,
1208,142713,1207,,depth/001208.npy,1,124.4,252.4,-1.0,-100.0,-100.0,-100.0,-129.0,70.0,0.0,0.0,0.0,0.0,0.0,42.0,2,0,0,-16,"ORBIT pos-0.19 orbit L0.48 M0.54 R0.27 tn0.71 yaw-15 pit+0 rc(2, 0, 0, -16)",0.4785,0.5371,0.2705,,
1209,142836,1208,,depth/001209.npy,1,122.1,209.2,-1.0,-100.0,-100.0,-100.0,-130.0,70.0,0.0,0.0,0.0,0.0,0.0,42.0,2,0,0,-17,"ORBIT pos-0.20 orbit L0.48 M0.54 R0.27 tn0.72 yaw-16 pit+0 rc(2, 0, 0, -17)",0.4824,0.5176,0.2627,,
1210,142960,1209,,depth/001210.npy,1,121.2,233.5,-1.0,-100.0,-100.0,-100.0,-131.0,70.0,0.0,0.0,0.0,0.0,0.0,42.0,1,0,0,-19,"ORBIT pos-0.23 orbit L0.49 M0.52 R0.27 tn0.72 yaw-18 pit+0 rc(1, 0, 0, -19)",0.4902,0.5176,0.2666,,
1211,143077,1210,,depth/001211.npy,1,120.7,215.3,-1.0,-100.0,-100.0,-100.0,-131.0,70.0,0.0,0.0,0.0,0.0,0.0,42.0,0,0,0,-19,"ORBIT pos-0.24 orbit L0.49 M0.52 R0.27 tn0.72 yaw-19 pit+0 rc(0, 0, 0, -19)",0.4902,0.5,0.2627,,
1212,143191,1211,,depth/001212.npy,1,121.9,160.9,-1.0,-100.0,-100.0,-100.0,-131.0,70.0,0.0,0.0,0.0,0.0,0.0,42.0,0,0,0,-21,"ORBIT pos-0.26 center L0.49 M0.49 R0.26 tn0.72 yaw-21 pit+0 rc(0, 0, 0, -21)",0.4941,0.4941,0.2607,,
1213,143315,1212,,depth/001213.npy,1,124.6,184.2,-1.0,-100.0,-100.0,-100.0,-132.0,70.0,0.0,0.0,0.0,0.0,0.0,42.0,0,0,0,-21,"ORBIT pos-0.26 center L0.49 M0.49 R0.26 tn0.72 yaw-21 pit+0 rc(0, 0, 0, -21)",0.4863,0.5059,0.2627,,
1214,143439,1213,,depth/001214.npy,1,118.2,181.1,-1.0,-100.0,-100.0,-100.0,-133.0,70.0,0.0,0.0,0.0,0.0,0.0,42.0,0,0,0,-22,"ORBIT pos-0.27 center L0.48 M0.51 R0.25 tn0.72 yaw-22 pit+0 rc(0, 0, 0, -22)",0.4785,0.5137,0.2549,,
1215,143555,1214,,depth/001215.npy,1,124.3,219.3,-1.0,-100.0,-100.0,-100.0,-134.0,70.0,0.0,0.0,0.0,0.0,0.0,42.0,0,0,0,-22,"ORBIT pos-0.27 center L0.48 M0.51 R0.25 tn0.72 yaw-22 pit+0 rc(0, 0, 0, -22)",0.4666,0.5176,0.2588,,
1216,143669,1215,,depth/001216.npy,1,122.6,203.7,-1.0,-100.0,-100.0,-100.0,-134.0,70.0,0.0,0.0,0.0,0.0,0.0,42.0,0,0,0,-22,"ORBIT pos-0.27 center L0.47 M0.52 R0.26 tn0.72 yaw-22 pit+0 rc(0, 0, 0, -22)",0.447,0.5527,0.2471,,
1217,143785,1216,,depth/001217.npy,1,122.0,192.2,-1.0,-100.0,-100.0,-100.0,-135.0,70.0,0.0,0.0,0.0,0.0,0.0,42.0,0,0,0,-22,"ORBIT pos-0.27 center L0.45 M0.55 R0.25 tn0.72 yaw-22 pit+0 rc(0, 0, 0, -22)",0.4197,0.5786,0.2471,,
1218,143909,1217,,depth/001218.npy,1,116.6,182.1,-1.0,-100.0,-100.0,-100.0,-136.0,70.0,0.0,0.0,0.0,0.0,0.0,42.0,0,0,0,-20,"ORBIT pos-0.25 center L0.42 M0.58 R0.25 tn0.72 yaw-20 pit+0 rc(0, 0, 0, -20)",0.3862,0.6001,0.2451,,
1219,144026,1218,,depth/001219.npy,1,129.4,230.1,-1.0,-100.0,-100.0,-100.0,-137.0,70.0,0.0,0.0,0.0,0.0,0.0,41.0,1,0,0,-20,"ORBIT pos-0.24 orbit L0.39 M0.60 R0.25 tn0.71 yaw-19 pit+0 rc(1, 0, 0, -20)",0.3765,0.6157,0.2432,,
1220,144140,1219,,depth/001220.npy,1,122.9,178.6,-1.0,-100.0,-100.0,-100.0,-138.0,70.0,0.0,0.0,0.0,0.0,0.0,41.0,2,0,0,-17,"ORBIT pos-0.20 orbit L0.38 M0.62 R0.24 tn0.71 yaw-16 pit+0 rc(2, 0, 0, -17)",0.3569,0.6392,0.2432,,
1221,144264,1220,,depth/001221.npy,1,122.5,135.9,-1.0,-100.0,-100.0,-100.0,-140.0,70.0,0.0,0.0,0.0,0.0,0.0,41.0,3,0,0,-17,"ORBIT pos-0.18 orbit L0.36 M0.64 R0.24 tn0.70 yaw-15 pit+0 rc(3, 0, 0, -17)",0.3215,0.6626,0.2451,,
1222,144389,1221,,depth/001222.npy,1,120.2,195.7,-1.0,-100.0,-100.0,-100.0,-141.0,70.0,0.0,0.0,0.0,0.0,0.0,41.0,5,0,0,-13,"ORBIT pos-0.13 orbit L0.32 M0.66 R0.25 tn0.69 yaw-10 pit+0 rc(5, 0, 0, -13)",0.3196,0.6665,0.2451,,
1223,144509,1222,,depth/001223.npy,1,123.4,174.3,-1.0,-100.0,-100.0,-100.0,-142.0,70.0,0.0,0.0,0.0,0.0,0.0,41.0,6,0,0,-13,"ORBIT pos-0.11 orbit L0.32 M0.67 R0.25 tn0.69 yaw-9 pit+0 rc(6, 0, 0, -13)",0.2942,0.6626,0.251,,
1224,144626,1223,,depth/001223.npy,1,123.4,288.4,-1.0,-100.0,-100.0,-100.0,-143.0,70.0,0.0,0.0,0.0,0.0,0.0,41.0,8,0,0,-10,"ORBIT pos-0.06 orbit L0.29 M0.66 R0.25 tn0.69 yaw-5 pit+0 rc(8, 0, 0, -10)",0.2942,0.6626,0.251,,
1225,144751,1224,,depth/001225.npy,1,120.1,156.9,-1.0,-100.0,-100.0,-100.0,-145.0,70.0,0.0,0.0,0.0,0.0,0.0,41.0,9,0,0,-5,"ORBIT pos-0.03 orbit L0.30 M0.66 R0.29 tn0.69 yaw+0 pit+0 rc(9, 0, 0, -5)",0.2942,0.647,0.3118,,
1226,144865,1225,,depth/001225.npy,1,120.1,272.4,-1.0,-100.0,-100.0,-100.0,-146.0,70.0,0.0,0.0,0.0,0.0,0.0,41.0,9,0,0,-5,"ORBIT pos+0.02 orbit L0.29 M0.65 R0.31 tn0.69 yaw+0 pit+0 rc(9, 0, 0, -5)",0.2942,0.647,0.3118,,
1227,144980,1226,,depth/001227.npy,1,121.8,291.0,-1.0,-100.0,-100.0,-100.0,-146.0,70.0,0.0,0.0,0.0,0.0,0.0,41.0,8,0,0,-1,"ORBIT pos+0.05 orbit L0.29 M0.64 R0.33 tn0.69 yaw+4 pit+0 rc(8, 0, 0, -1)",0.2942,0.6353,0.3254,,
1228,145099,1227,,depth/001228.npy,1,119.7,305.3,-1.0,-100.0,-100.0,-100.0,-147.0,70.0,0.0,0.0,0.0,0.0,0.0,41.0,6,0,0,4,"ORBIT pos+0.10 orbit L0.31 M0.61 R0.35 tn0.69 yaw+8 pit+0 rc(6, 0, 0, 4)",0.3059,0.6118,0.3491,,
1229,145225,1228,,depth/001229.npy,1,124.4,265.6,-1.0,-100.0,-100.0,-100.0,-148.0,70.0,0.0,0.0,0.0,0.0,0.0,41.0,4,0,0,10,"ORBIT pos+0.15 orbit L0.30 M0.58 R0.37 tn0.69 yaw+12 pit+0 rc(4, 0, 0, 10)",0.302,0.5806,0.3687,,
1230,145340,1229,,depth/001230.npy,1,121.8,248.9,-1.0,-100.0,-100.0,-100.0,-148.0,70.0,0.0,0.0,0.0,0.0,0.0,41.0,3,0,0,12,"ORBIT pos+0.17 orbit L0.30 M0.56 R0.38 tn0.68 yaw+14 pit+0 rc(3, 0, 0, 12)",0.302,0.5605,0.3843,,
1231,145455,1230,,depth/001231.npy,1,120.4,260.2,-1.0,-100.0,-100.0,-100.0,-147.0,70.0,0.0,0.0,0.0,0.0,0.0,41.0,2,0,0,16,"ORBIT pos+0.21 orbit L0.30 M0.55 R0.39 tn0.68 yaw+17 pit+0 rc(2, 0, 0, 16)",0.2981,0.5527,0.3921,,
1232,145570,1231,,depth/001232.npy,1,128.2,258.3,-1.0,-100.0,-100.0,-100.0,-147.0,70.0,0.0,0.0,0.0,0.0,0.0,41.0,1,0,0,17,"ORBIT pos+0.22 orbit L0.30 M0.54 R0.39 tn0.68 yaw+18 pit+0 rc(1, 0, 0, 17)",0.2981,0.541,0.3901,,
1233,145695,1232,,depth/001233.npy,1,117.1,271.7,-1.0,-100.0,-100.0,-100.0,-146.0,70.0,0.0,0.0,0.0,0.0,0.0,41.0,0,0,0,19,"ORBIT pos+0.24 orbit L0.30 M0.56 R0.39 tn0.68 yaw+19 pit+0 rc(0, 0, 0, 19)",0.302,0.5605,0.3882,,
1234,145810,1233,,depth/001234.npy,1,121.5,251.3,-1.0,-100.0,-100.0,-100.0,-145.0,70.0,0.0,0.0,0.0,0.0,0.0,41.0,0,0,0,19,"ORBIT pos+0.24 orbit L0.31 M0.55 R0.39 tn0.68 yaw+19 pit+0 rc(0, 0, 0, 19)",0.3059,0.5527,0.3862,,
1235,145924,1234,,depth/001235.npy,1,125.8,298.9,-1.0,-100.0,-100.0,-100.0,-144.0,70.0,0.0,0.0,0.0,0.0,0.0,41.0,0,0,0,20,"ORBIT pos+0.25 orbit L0.31 M0.55 R0.38 tn0.69 yaw+20 pit+0 rc(0, 0, 0, 20)",0.3059,0.5527,0.3804,,
1236,146049,1235,,depth/001236.npy,1,119.4,255.0,-1.0,-100.0,-100.0,-100.0,-142.0,70.0,0.0,0.0,0.0,0.0,0.0,41.0,0,0,0,20,"ORBIT pos+0.25 orbit L0.30 M0.57 R0.37 tn0.69 yaw+20 pit+0 rc(0, 0, 0, 20)",0.302,0.5669,0.3687,,
1237,146166,1236,,depth/001237.npy,1,118.6,204.6,-1.0,-100.0,-100.0,-100.0,-141.0,70.0,0.0,0.0,0.0,0.0,0.0,41.0,1,0,0,18,"ORBIT pos+0.24 orbit L0.30 M0.61 R0.33 tn0.69 yaw+19 pit+0 rc(1, 0, 0, 18)",0.302,0.6079,0.3333,,
1238,146291,1237,,depth/001238.npy,1,122.9,226.0,-1.0,-100.0,-100.0,-100.0,-141.0,70.0,0.0,0.0,0.0,0.0,0.0,41.0,1,0,0,17,"ORBIT pos+0.22 orbit L0.30 M0.62 R0.31 tn0.69 yaw+18 pit+0 rc(1, 0, 0, 17)",0.2961,0.6196,0.3098,,
1239,146406,1238,,depth/001239.npy,1,128.5,279.4,-1.0,-100.0,-100.0,-100.0,-140.0,70.0,0.0,0.0,0.0,0.0,0.0,41.0,2,0,0,14,"ORBIT pos+0.19 orbit L0.30 M0.64 R0.30 tn0.70 yaw+15 pit+0 rc(2, 0, 0, 14)",0.2981,0.6431,0.2981,,
1240,146521,1239,,depth/001240.npy,1,119.0,224.2,-1.0,-100.0,-100.0,-100.0,-139.0,70.0,0.0,0.0,0.0,0.0,0.0,41.0,3,0,0,12,"ORBIT pos+0.17 orbit L0.30 M0.64 R0.30 tn0.70 yaw+14 pit+0 rc(3, 0, 0, 12)",0.302,0.6509,0.2627,,
1241,146636,1240,,depth/001241.npy,1,125.7,209.0,-1.0,-100.0,-100.0,-100.0,-138.0,70.0,0.0,0.0,0.0,0.0,0.0,41.0,5,0,0,7,"ORBIT pos+0.13 orbit L0.30 M0.68 R0.25 tn0.71 yaw+10 pit+0 rc(5, 0, 0, 7)",0.302,0.6782,0.2549,,
1242,146760,1241,,depth/001242.npy,1,121.6,232.7,-1.0,-100.0,-100.0,-100.0,-138.0,70.0,0.0,0.0,0.0,0.0,0.0,41.0,6,0,0,4,"ORBIT pos+0.10 orbit L0.30 M0.68 R0.25 tn0.71 yaw+8 pit+0 rc(6, 0, 0, 4)",0.304,0.6626,0.2451,,
1243,146885,1242,,depth/001243.npy,1,118.9,260.3,-1.0,-100.0,-100.0,-100.0,-137.0,70.0,0.0,0.0,0.0,0.0,0.0,41.0,8,0,0,0,"ORBIT pos+0.06 orbit L0.33 M0.65 R0.25 tn0.72 yaw+5 pit+0 rc(8, 0, 0, 0)",0.3254,0.6548,0.2471,,
1244,147002,1243,,depth/001244.npy,1,124.3,206.4,-1.0,-100.0,-100.0,-100.0,-137.0,70.0,0.0,0.0,0.0,0.0,0.0,41.0,8,0,0,-5,"ORBIT pos+0.04 orbit L0.33 M0.65 R0.25 tn0.72 yaw+0 pit+0 rc(8, 0, 0, -5)",0.3452,0.6392,0.249,,
1245,147117,1244,,depth/001245.npy,1,124.3,220.6,-1.0,-100.0,-100.0,-100.0,-137.0,70.0,0.0,0.0,0.0,0.0,0.0,41.0,10,0,0,-6,"ORBIT pos+0.00 orbit L0.36 M0.63 R0.25 tn0.71 yaw+0 pit+0 rc(10, 0, 0, -6)",0.3569,0.6274,0.251,,
1246,147241,1245,,depth/001246.npy,1,123.0,216.8,-1.0,-100.0,-100.0,-100.0,-137.0,70.0,0.0,0.0,0.0,0.0,0.0,41.0,9,0,0,-5,"ORBIT pos-0.01 orbit L0.36 M0.63 R0.25 tn0.71 yaw+0 pit+0 rc(9, 0, 0, -5)",0.353,0.6353,0.249,,
1247,147357,1246,,depth/001247.npy,1,133.8,234.1,-1.0,-100.0,-100.0,-100.0,-137.0,70.0,0.0,0.0,0.0,0.0,0.0,41.0,8,0,0,-5,"ORBIT pos-0.04 orbit L0.36 M0.62 R0.25 tn0.71 yaw+0 pit+0 rc(8, 0, 0, -5)",0.3608,0.6235,0.2549,,
1248,147474,1247,,depth/001248.npy,1,122.4,171.0,-1.0,-100.0,-100.0,-100.0,-137.0,70.0,0.0,0.0,0.0,0.0,0.0,41.0,8,0,0,-9,"ORBIT pos-0.05 orbit L0.36 M0.62 R0.25 tn0.70 yaw-4 pit+0 rc(8, 0, 0, -9)",0.3687,0.6235,0.2549,,
1249,147588,1248,,depth/001249.npy,1,126.0,164.2,-1.0,-100.0,-100.0,-100.0,-137.0,70.0,0.0,0.0,0.0,0.0,0.0,41.0,7,0,0,-10,"ORBIT pos-0.07 orbit L0.37 M0.62 R0.25 tn0.70 yaw-6 pit+0 rc(7, 0, 0, -10)",0.3647,0.6216,0.2568,,
1250,147703,1249,,depth/001250.npy,1,122.3,214.1,-1.0,-100.0,-100.0,-100.0,-137.0,70.0,0.0,0.0,0.0,0.0,0.0,41.0,7,0,0,-10,"ORBIT pos-0.08 orbit L0.36 M0.62 R0.26 tn0.71 yaw-6 pit+0 rc(7, 0, 0, -10)",0.3647,0.6235,0.251,,
1251,147820,1250,,depth/001250.npy,1,122.3,329.0,-1.0,-100.0,-100.0,-100.0,-138.0,70.0,0.0,0.0,0.0,0.0,0.0,41.0,7,0,0,-11,"ORBIT pos-0.09 orbit L0.36 M0.62 R0.25 tn0.71 yaw-7 pit+0 rc(7, 0, 0, -11)",0.3647,0.6235,0.251,,
1252,147935,1251,,depth/001252.npy,1,120.3,308.8,-1.0,-100.0,-100.0,-100.0,-138.0,70.0,0.0,0.0,0.0,0.0,0.0,41.0,6,0,0,-11,"ORBIT pos-0.09 orbit L0.37 M0.61 R0.25 tn0.72 yaw-7 pit+0 rc(6, 0, 0, -11)",0.3687,0.6118,0.2549,,
1253,148049,1252,,depth/001253.npy,1,126.4,255.4,-1.0,-100.0,-100.0,-100.0,-139.0,70.0,0.0,0.0,0.0,0.0,0.0,41.0,6,0,0,-12,"ORBIT pos-0.10 orbit L0.37 M0.61 R0.25 tn0.71 yaw-8 pit+0 rc(6, 0, 0, -12)",0.3726,0.6079,0.249,,
1254,148164,1253,,depth/001254.npy,1,125.4,238.7,-1.0,-100.0,-100.0,-100.0,-139.0,70.0,0.0,0.0,0.0,0.0,0.0,41.0,6,0,0,-13,"ORBIT pos-0.11 orbit L0.37 M0.61 R0.25 tn0.71 yaw-9 pit+0 rc(6, 0, 0, -13)",0.3726,0.6079,0.251,,
1255,148281,1254,,depth/001255.npy,1,121.5,288.0,-1.0,-100.0,-100.0,-100.0,-140.0,70.0,0.0,0.0,0.0,0.0,0.0,41.0,5,0,0,-12,"ORBIT pos-0.12 orbit L0.37 M0.61 R0.25 tn0.71 yaw-9 pit+0 rc(5, 0, 0, -12)",0.3745,0.6079,0.249,,
1256,148395,1255,,depth/001256.npy,1,128.3,267.5,-1.0,-100.0,-100.0,-100.0,-140.0,70.0,0.0,0.0,0.0,0.0,0.0,41.0,5,0,0,-13,"ORBIT pos-0.12 orbit L0.36 M0.60 R0.24 tn0.71 yaw-10 pit+0 rc(5, 0, 0, -13)",0.3647,0.5962,0.2392,,
1257,148520,1256,,depth/001257.npy,1,132.4,226.4,-1.0,-100.0,-100.0,-100.0,-141.0,70.0,0.0,0.0,0.0,0.0,0.0,41.0,5,0,0,-13,"ORBIT pos-0.13 orbit L0.36 M0.62 R0.24 tn0.71 yaw-10 pit+0 rc(5, 0, 0, -13)",0.3608,0.6157,0.2412,,
1258,148645,1257,,depth/001258.npy,1,131.6,221.1,-1.0,-100.0,-100.0,-100.0,-141.0,70.0,0.0,0.0,0.0,0.0,0.0,41.0,5,0,0,-13,"ORBIT pos-0.12 orbit L0.36 M0.62 R0.24 tn0.72 yaw-10 pit+0 rc(5, 0, 0, -13)",0.355,0.6235,0.2529,,
1259,148761,1258,,depth/001259.npy,1,127.5,267.1,-1.0,-100.0,-100.0,-100.0,-142.0,70.0,0.0,0.0,0.0,0.0,0.0,41.0,5,0,0,-12,"ORBIT pos-0.12 orbit L0.36 M0.62 R0.25 tn0.72 yaw-9 pit+0 rc(5, 0, 0, -12)",0.3569,0.6235,0.2529,,
1260,148885,1259,,depth/001260.npy,1,121.3,223.4,-1.0,-100.0,-100.0,-100.0,-142.0,70.0,0.0,0.0,0.0,0.0,0.0,41.0,5,0,0,-12,"ORBIT pos-0.11 orbit L0.36 M0.62 R0.25 tn0.72 yaw-9 pit+0 rc(5, 0, 0, -12)",0.3452,0.6235,0.2432,,
1261,149009,1260,,depth/001261.npy,1,123.1,219.9,-1.0,-100.0,-100.0,-100.0,-143.0,70.0,0.0,0.0,0.0,0.0,0.0,41.0,6,0,0,-12,"ORBIT pos-0.10 orbit L0.34 M0.64 R0.24 tn0.72 yaw-8 pit+0 rc(6, 0, 0, -12)",0.3411,0.6392,0.2412,,
1262,149133,1261,,depth/001262.npy,1,124.5,240.7,-1.0,-100.0,-100.0,-100.0,-143.0,70.0,0.0,0.0,0.0,0.0,0.0,41.0,6,0,0,-12,"ORBIT pos-0.10 orbit L0.34 M0.64 R0.24 tn0.72 yaw-8 pit+0 rc(6, 0, 0, -12)",0.3215,0.6392,0.2393,,
1263,149251,1262,,depth/001263.npy,1,125.4,251.5,-1.0,-100.0,-100.0,-100.0,-143.0,70.0,0.0,0.0,0.0,0.0,0.0,41.0,7,0,0,-11,"ORBIT pos-0.08 orbit L0.32 M0.65 R0.24 tn0.71 yaw-7 pit+0 rc(7, 0, 0, -11)",0.3176,0.6528,0.2353,,
1264,149375,1263,,depth/001264.npy,1,119.2,213.4,-1.0,-100.0,-100.0,-100.0,-144.0,70.0,0.0,0.0,0.0,0.0,0.0,41.0,7,0,0,-10,"ORBIT pos-0.07 orbit L0.32 M0.65 R0.24 tn0.71 yaw-6 pit+0 rc(7, 0, 0, -10)",0.3215,0.647,0.2393,,
1265,149500,1264,,depth/001265.npy,1,122.2,238.5,-1.0,-100.0,-100.0,-100.0,-144.0,70.0,0.0,0.0,0.0,0.0,0.0,41.0,7,0,0,-10,"ORBIT pos-0.07 orbit L0.32 M0.65 R0.24 tn0.71 yaw-6 pit+0 rc(7, 0, 0, -10)",0.3254,0.6548,0.2432,,
1266,149624,1265,,depth/001266.npy,1,120.5,231.5,-1.0,-100.0,-100.0,-100.0,-145.0,70.0,0.0,0.0,0.0,0.0,0.0,41.0,8,0,0,-10,"ORBIT pos-0.06 orbit L0.30 M0.66 R0.24 tn0.72 yaw-5 pit+0 rc(8, 0, 0, -10)",0.302,0.6626,0.2354,,
1267,149742,1266,,depth/001267.npy,1,125.1,248.4,-1.0,-100.0,-100.0,-100.0,-145.0,70.0,0.0,0.0,0.0,0.0,0.0,41.0,8,0,0,-9,"ORBIT pos-0.05 orbit L0.30 M0.66 R0.24 tn0.73 yaw-4 pit+0 rc(8, 0, 0, -9)",0.3137,0.6626,0.2353,,
1268,149857,1267,,depth/001268.npy,1,125.2,230.3,-1.0,-100.0,-100.0,-100.0,-145.0,70.0,0.0,0.0,0.0,0.0,0.0,41.0,8,0,0,-5,"ORBIT pos-0.04 orbit L0.30 M0.64 R0.24 tn0.72 yaw+0 pit+0 rc(8, 0, 0, -5)",0.2961,0.6431,0.2354,,
1269,149982,1268,,depth/001269.npy,1,119.7,186.2,-1.0,-100.0,-100.0,-100.0,-145.0,70.0,0.0,0.0,0.0,0.0,0.0,40.0,9,0,0,-5,"ORBIT pos-0.03 orbit L0.30 M0.64 R0.24 tn0.71 yaw+0 pit+0 rc(9, 0, 0, -5)",0.302,0.6372,0.2393,,
1270,150094,1269,,depth/001270.npy,1,123.9,169.8,-1.0,-100.0,-100.0,-100.0,-145.0,70.0,0.0,0.0,0.0,0.0,0.0,40.0,9,0,0,-5,"ORBIT pos-0.02 orbit L0.30 M0.64 R0.24 tn0.71 yaw+0 pit+0 rc(9, 0, 0, -5)",0.302,0.6392,0.2393,,
1271,150212,1270,,depth/001271.npy,1,124.7,215.2,-1.0,-100.0,-100.0,-100.0,-145.0,70.0,0.0,0.0,0.0,0.0,0.0,40.0,9,0,0,-5,"ORBIT pos-0.02 orbit L0.30 M0.64 R0.24 tn0.71 yaw+0 pit+0 rc(9, 0, 0, -5)",0.2981,0.6392,0.2393,,
1272,150336,1271,,depth/001272.npy,1,118.4,177.5,-1.0,-100.0,-100.0,-100.0,-145.0,70.0,0.0,0.0,0.0,0.0,0.0,40.0,9,0,0,-5,"ORBIT pos-0.02 orbit L0.29 M0.64 R0.24 tn0.70 yaw+0 pit+0 rc(9, 0, 0, -5)",0.2942,0.6392,0.2393,,
1273,150451,1272,,depth/001273.npy,1,125.7,168.8,-1.0,-100.0,-100.0,-100.0,-144.0,70.0,0.0,0.0,0.0,0.0,0.0,40.0,9,0,0,-5,"ORBIT pos-0.02 orbit L0.29 M0.64 R0.24 tn0.70 yaw+0 pit+0 rc(9, 0, 0, -5)",0.302,0.6392,0.2393,,
1274,150567,1273,,depth/001274.npy,1,119.1,172.3,-1.0,-100.0,-100.0,-100.0,-144.0,70.0,0.0,0.0,0.0,0.0,0.0,40.0,9,0,0,-5,"ORBIT pos-0.02 orbit L0.30 M0.64 R0.24 tn0.69 yaw+0 pit+0 rc(9, 0, 0, -5)",0.302,0.6431,0.2412,,
1275,150683,1274,,depth/001275.npy,1,127.0,174.5,-1.0,-100.0,-100.0,-100.0,-144.0,70.0,0.0,0.0,0.0,0.0,0.0,40.0,9,0,0,-5,"ORBIT pos-0.02 orbit L0.30 M0.64 R0.24 tn0.70 yaw+0 pit+0 rc(9, 0, 0, -5)",0.3137,0.6509,0.2432,,
1276,150801,1275,,depth/001275.npy,1,127.0,289.2,-1.0,-100.0,-100.0,-100.0,-144.0,70.0,0.0,0.0,0.0,0.0,0.0,40.0,9,0,0,-5,"ORBIT pos-0.03 orbit L0.31 M0.65 R0.24 tn0.71 yaw+0 pit+0 rc(9, 0, 0, -5)",0.3137,0.6509,0.2432,,
1277,150926,1276,,depth/001277.npy,1,124.1,304.1,-1.0,-100.0,-100.0,-100.0,-144.0,70.0,0.0,0.0,0.0,0.0,0.0,40.0,9,0,0,-5,"ORBIT pos-0.03 orbit L0.31 M0.64 R0.24 tn0.71 yaw+0 pit+0 rc(9, 0, 0, -5)",0.3098,0.6392,0.2393,,
1278,151040,1277,,depth/001278.npy,1,126.8,251.5,-1.0,-100.0,-100.0,-100.0,-145.0,70.0,0.0,0.0,0.0,0.0,0.0,40.0,8,0,0,-5,"ORBIT pos-0.04 orbit L0.31 M0.64 R0.24 tn0.72 yaw+0 pit+0 rc(8, 0, 0, -5)",0.3098,0.6353,0.2373,,
1279,151162,1278,,depth/001279.npy,1,139.1,266.8,-1.0,-100.0,-100.0,-100.0,-145.0,70.0,0.0,0.0,0.0,0.0,0.0,40.0,8,0,0,-5,"ORBIT pos-0.04 orbit L0.31 M0.64 R0.24 tn0.72 yaw+0 pit+0 rc(8, 0, 0, -5)",0.3098,0.6392,0.2373,,
1280,151277,1279,,depth/001280.npy,1,124.6,281.8,-1.0,-100.0,-100.0,-100.0,-145.0,70.0,0.0,0.0,0.0,0.0,0.0,40.0,8,0,0,-9,"ORBIT pos-0.05 orbit L0.32 M0.64 R0.24 tn0.73 yaw-4 pit+0 rc(8, 0, 0, -9)",0.3215,0.6372,0.2393,,
1281,151401,1280,,depth/001281.npy,1,121.1,274.2,-1.0,-100.0,-100.0,-100.0,-145.0,70.0,0.0,0.0,0.0,0.0,0.0,40.0,8,0,0,-10,"ORBIT pos-0.06 orbit L0.34 M0.62 R0.24 tn0.73 yaw-5 pit+0 rc(8, 0, 0, -10)",0.3352,0.6157,0.2372,,
1282,151526,1281,,depth/001282.npy,1,118.9,267.5,-1.0,-100.0,-100.0,-100.0,-145.0,70.0,0.0,0.0,0.0,0.0,0.0,40.0,7,0,0,-10,"ORBIT pos-0.07 orbit L0.34 M0.61 R0.24 tn0.73 yaw-6 pit+0 rc(7, 0, 0, -10)",0.3372,0.606,0.2373,,
1283,151642,1282,,depth/001283.npy,1,125.1,248.7,-1.0,-100.0,-100.0,-100.0,-146.0,70.0,0.0,0.0,0.0,0.0,0.0,40.0,7,0,0,-10,"ORBIT pos-0.08 orbit L0.35 M0.61 R0.24 tn0.74 yaw-6 pit+0 rc(7, 0, 0, -10)",0.3491,0.6079,0.2412,,
1284,151768,1283,,depth/001284.npy,1,121.9,273.6,-1.0,-100.0,-100.0,-100.0,-146.0,70.0,0.0,0.0,0.0,0.0,0.0,40.0,6,-5,0,-11,"ORBIT pos-0.09 orbit L0.35 M0.59 R0.24 tn0.75 yaw-7 pit-5 rc(6, -5, 0, -11)",0.3491,0.5923,0.2393,,
1285,151890,1284,,depth/001285.npy,1,118.7,264.6,-1.0,-100.0,-100.0,-100.0,-147.0,70.0,0.0,0.0,0.0,0.0,0.0,40.0,6,-5,0,-12,"ORBIT pos-0.09 orbit L0.36 M0.58 R0.25 tn0.74 yaw-8 pit-5 rc(6, -5, 0, -12)",0.3569,0.5845,0.2451,,
1286,152005,1285,,depth/001286.npy,1,119.4,246.5,-1.0,-100.0,-100.0,-100.0,-148.0,70.0,0.0,0.0,0.0,0.0,0.0,40.0,6,0,0,-13,"ORBIT pos-0.11 orbit L0.35 M0.58 R0.24 tn0.74 yaw-9 pit+0 rc(6, 0, 0, -13)",0.3452,0.5806,0.2393,,
1287,152121,1286,,depth/001287.npy,1,127.0,293.6,-1.0,-100.0,-100.0,-100.0,-149.0,70.0,0.0,0.0,0.0,0.0,0.0,40.0,6,0,0,-13,"ORBIT pos-0.11 orbit L0.34 M0.59 R0.24 tn0.73 yaw-9 pit+0 rc(6, 0, 0, -13)",0.3411,0.5923,0.2412,,
1288,152234,1287,,depth/001288.npy,1,122.6,236.8,-1.0,-100.0,-100.0,-100.0,-149.0,70.0,0.0,0.0,0.0,0.0,0.0,40.0,6,0,0,-13,"ORBIT pos-0.11 orbit L0.32 M0.62 R0.24 tn0.71 yaw-9 pit+0 rc(6, 0, 0, -13)",0.3176,0.6157,0.2412,,
1289,152359,1288,,depth/001289.npy,1,138.1,229.7,-1.0,-100.0,-100.0,-100.0,-150.0,70.0,0.0,0.0,0.0,0.0,0.0,40.0,6,0,0,-12,"ORBIT pos-0.11 orbit L0.32 M0.62 R0.24 tn0.71 yaw-8 pit+0 rc(6, 0, 0, -12)",0.3,0.6235,0.2333,,
1290,152483,1289,,depth/001290.npy,1,123.4,221.1,-1.0,-100.0,-100.0,-100.0,-151.0,70.0,0.0,0.0,0.0,0.0,0.0,40.0,7,0,0,-11,"ORBIT pos-0.09 orbit L0.29 M0.63 R0.23 tn0.70 yaw-7 pit+0 rc(7, 0, 0, -11)",0.2903,0.6274,0.2274,,
1291,152599,1290,,depth/001291.npy,1,119.1,204.0,-1.0,-100.0,-100.0,-100.0,-151.0,70.0,0.0,0.0,0.0,0.0,0.0,40.0,7,0,0,-10,"ORBIT pos-0.08 orbit L0.29 M0.63 R0.23 tn0.70 yaw-6 pit+0 rc(7, 0, 0, -10)",0.2903,0.6196,0.2294,,
1292,152713,1291,,depth/001292.npy,1,128.6,218.8,-1.0,-100.0,-100.0,-100.0,-152.0,70.0,0.0,0.0,0.0,0.0,0.0,40.0,8,0,0,-5,"ORBIT pos-0.05 orbit L0.29 M0.64 R0.23 tn0.70 yaw+0 pit+0 rc(8, 0, 0, -5)",0.2903,0.6392,0.2274,,
1293,152838,1292,,depth/001293.npy,1,119.1,178.9,-1.0,-100.0,-100.0,-100.0,-154.0,70.0,0.0,0.0,0.0,0.0,0.0,40.0,9,0,0,-5,"ORBIT pos-0.03 orbit L0.29 M0.64 R0.23 tn0.69 yaw+0 pit+0 rc(9, 0, 0, -5)",0.2783,0.6235,0.2393,,
1294,152952,1293,,depth/001294.npy,1,123.0,190.6,-1.0,-100.0,-100.0,-100.0,-154.0,70.0,0.0,0.0,0.0,0.0,0.0,40.0,10,0,0,-6,"ORBIT pos+0.00 orbit L0.29 M0.61 R0.25 tn0.69 yaw+0 pit+0 rc(10, 0, 0, -6)",0.2903,0.6079,0.2549,,
1295,153068,1294,,depth/001295.npy,1,119.1,174.0,-1.0,-100.0,-100.0,-100.0,-154.0,70.0,0.0,0.0,0.0,0.0,0.0,40.0,9,0,0,-5,"ORBIT pos+0.02 orbit L0.29 M0.61 R0.25 tn0.68 yaw+0 pit+0 rc(9, 0, 0, -5)",0.2705,0.6001,0.2666,,
1296,153183,1295,,depth/001296.npy,1,125.5,188.0,-1.0,-100.0,-100.0,-100.0,-155.0,70.0,0.0,0.0,0.0,0.0,0.0,40.0,8,0,0,-1,"ORBIT pos+0.06 orbit L0.27 M0.60 R0.27 tn0.69 yaw+4 pit+0 rc(8, 0, 0, -1)",0.2666,0.5845,0.2627,,
1297,153297,1296,,depth/001297.npy,1,126.9,169.2,-1.0,-100.0,-100.0,-100.0,-155.0,70.0,0.0,0.0,0.0,0.0,0.0,40.0,7,0,0,2,"ORBIT pos+0.07 orbit L0.27 M0.58 R0.26 tn0.69 yaw+6 pit+0 rc(7, 0, 0, 2)",0.2666,0.5767,0.2744,,
1298,153422,1297,,depth/001298.npy,1,119.2,201.7,-1.0,-100.0,-100.0,-100.0,-155.0,70.0,0.0,0.0,0.0,0.0,0.0,40.0,6,0,0,4,"ORBIT pos+0.09 orbit L0.27 M0.58 R0.27 tn0.68 yaw+8 pit+0 rc(6, 0, 0, 4)",0.2666,0.5649,0.2783,,
1299,153540,1298,,depth/001299.npy,1,122.6,221.2,-1.0,-100.0,-100.0,-100.0,-155.0,70.0,0.0,0.0,0.0,0.0,0.0,40.0,6,0,0,4,"ORBIT pos+0.10 orbit L0.27 M0.56 R0.28 tn0.68 yaw+8 pit+0 rc(6, 0, 0, 4)",0.2666,0.5688,0.2864,,
1300,153655,1299,,depth/001299.npy,1,122.6,335.1,-1.0,-100.0,-100.0,-100.0,-155.0,70.0,0.0,0.0,0.0,0.0,0.0,40.0,5,0,0,7,"ORBIT pos+0.12 orbit L0.27 M0.57 R0.29 tn0.67 yaw+10 pit+0 rc(5, 0, 0, 7)",0.2666,0.5688,0.2864,,
1301,153779,1300,,depth/001301.npy,1,120.2,152.0,-1.0,-100.0,-100.0,-100.0,-155.0,70.0,0.0,0.0,0.0,0.0,0.0,40.0,5,0,0,7,"ORBIT pos+0.13 orbit L0.27 M0.57 R0.28 tn0.67 yaw+10 pit+0 rc(5, 0, 0, 7)",0.2666,0.5688,0.2765,,
1302,153904,1301,,depth/001302.npy,1,121.3,146.6,-1.0,-100.0,-100.0,-100.0,-155.0,70.0,0.0,0.0,0.0,0.0,0.0,40.0,5,0,0,8,"ORBIT pos+0.13 orbit L0.27 M0.57 R0.28 tn0.67 yaw+11 pit+0 rc(5, 0, 0, 8)",0.2705,0.5806,0.2705,,
1303,154022,1302,,depth/001302.npy,1,121.3,260.6,-1.0,-100.0,-100.0,-100.0,-154.0,70.0,0.0,0.0,0.0,0.0,0.0,40.0,5,0,0,8,"ORBIT pos+0.13 orbit L0.27 M0.58 R0.27 tn0.67 yaw+11 pit+0 rc(5, 0, 0, 8)",0.2705,0.5806,0.2705,,
1304,154147,1303,,depth/001304.npy,1,122.7,154.4,-1.0,-100.0,-100.0,-100.0,-154.0,70.0,0.0,0.0,0.0,0.0,0.0,40.0,5,0,0,7,"ORBIT pos+0.13 orbit L0.26 M0.57 R0.27 tn0.67 yaw+10 pit+0 rc(5, 0, 0, 7)",0.2666,0.5767,0.2666,,
1305,154262,1304,,depth/001304.npy,1,122.7,270.9,-1.0,-100.0,-100.0,-100.0,-154.0,70.0,0.0,0.0,0.0,0.0,0.0,40.0,5,0,0,7,"ORBIT pos+0.13 orbit L0.27 M0.58 R0.27 tn0.67 yaw+10 pit+0 rc(5, 0, 0, 7)",0.2666,0.5767,0.2666,,
1306,154378,1305,,depth/001306.npy,1,122.0,282.4,-1.0,-100.0,-100.0,-100.0,-153.0,70.0,0.0,0.0,0.0,0.0,0.0,40.0,5,0,0,7,"ORBIT pos+0.12 orbit L0.27 M0.59 R0.25 tn0.68 yaw+10 pit+0 rc(5, 0, 0, 7)",0.2705,0.5884,0.251,,
1307,154502,1306,,depth/001307.npy,1,121.3,275.4,-1.0,-100.0,-100.0,-100.0,-153.0,70.0,0.0,0.0,0.0,0.0,0.0,40.0,5,0,0,6,"ORBIT pos+0.12 orbit L0.27 M0.59 R0.25 tn0.68 yaw+9 pit+0 rc(5, 0, 0, 6)",0.2744,0.5884,0.251,,
1308,154627,1307,,depth/001308.npy,1,119.5,305.1,-1.0,-100.0,-100.0,-100.0,-152.0,70.0,0.0,0.0,0.0,0.0,0.0,40.0,6,0,0,5,"ORBIT pos+0.11 orbit L0.28 M0.59 R0.25 tn0.68 yaw+9 pit+0 rc(6, 0, 0, 5)",0.2783,0.5923,0.251,,
1309,154752,1308,,depth/001309.npy,1,118.0,160.5,-1.0,-100.0,-100.0,-100.0,-151.0,70.0,0.0,0.0,0.0,0.0,0.0,40.0,6,0,0,4,"ORBIT pos+0.10 orbit L0.27 M0.59 R0.25 tn0.67 yaw+8 pit+0 rc(6, 0, 0, 4)",0.2744,0.6079,0.2157,,
1310,154872,1309,,depth/001309.npy,1,118.0,277.3,-1.0,-100.0,-100.0,-100.0,-151.0,70.0,0.0,0.0,0.0,0.0,0.0,40.0,6,0,0,3,"ORBIT pos+0.09 orbit L0.27 M0.61 R0.22 tn0.68 yaw+7 pit+0 rc(6, 0, 0, 3)",0.2744,0.6079,0.2157,,
1311,154987,1310,,depth/001311.npy,1,123.5,325.2,-1.0,-100.0,-100.0,-100.0,-150.0,70.0,0.0,0.0,0.0,0.0,0.0,40.0,7,0,0,1,"ORBIT pos+0.07 orbit L0.27 M0.61 R0.22 tn0.69 yaw+5 pit+0 rc(7, 0, 0, 1)",0.2666,0.6079,0.2196,,
1312,155112,1311,,depth/001312.npy,1,123.3,257.7,-1.0,-100.0,-100.0,-100.0,-150.0,70.0,0.0,0.0,0.0,0.0,0.0,40.0,8,0,0,-5,"ORBIT pos+0.05 orbit L0.27 M0.61 R0.21 tn0.69 yaw+0 pit+0 rc(8, 0, 0, -5)",0.2744,0.6118,0.2118,,
1313,155226,1312,,depth/001313.npy,1,119.9,289.9,-1.0,-100.0,-100.0,-100.0,-150.0,70.0,0.0,0.0,0.0,0.0,0.0,40.0,9,0,0,-5,"ORBIT pos+0.02 orbit L0.28 M0.60 R0.21 tn0.70 yaw+0 pit+0 rc(9, 0, 0, -5)",0.2783,0.604,0.2137,,
1314,155342,1313,,depth/001314.npy,1,121.4,340.0,-1.0,-100.0,-100.0,-100.0,-150.0,70.0,0.0,0.0,0.0,0.0,0.0,40.0,10,0,0,-6,"ORBIT pos+0.01 orbit L0.27 M0.60 R0.21 tn0.69 yaw+0 pit+0 rc(10, 0, 0, -6)",0.2744,0.604,0.2137,,
1315,155457,1314,,depth/001315.npy,1,120.9,237.5,-1.0,-100.0,-100.0,-100.0,-150.0,70.0,0.0,0.0,0.0,0.0,0.0,40.0,9,0,0,-5,"ORBIT pos-0.01 orbit L0.28 M0.61 R0.22 tn0.69 yaw+0 pit+0 rc(9, 0, 0, -5)",0.2825,0.6118,0.2157,,
1316,155584,1315,,depth/001316.npy,1,130.4,280.1,-1.0,-100.0,-100.0,-100.0,-150.0,70.0,0.0,0.0,0.0,0.0,0.0,40.0,9,0,0,-5,"ORBIT pos-0.02 orbit L0.28 M0.62 R0.21 tn0.69 yaw+0 pit+0 rc(9, 0, 0, -5)",0.2825,0.6196,0.2137,,
1317,155695,1316,,depth/001317.npy,1,179.3,267.4,-1.0,-100.0,-100.0,-100.0,-150.0,70.0,0.0,0.0,0.0,0.0,0.0,40.0,9,0,0,-5,"ORBIT pos-0.04 orbit L0.27 M0.60 R0.22 tn0.69 yaw+0 pit+0 rc(9, 0, 0, -5)",0.2744,0.604,0.2157,,
1318,155813,1317,,depth/001318.npy,1,115.6,186.6,-1.0,-100.0,-100.0,-100.0,-150.0,70.0,0.0,0.0,0.0,0.0,0.0,40.0,8,0,0,-5,"ORBIT pos-0.04 orbit L0.27 M0.60 R0.22 tn0.69 yaw+0 pit+0 rc(8, 0, 0, -5)",0.302,0.604,0.2177,,
1319,155928,1318,,depth/001319.npy,1,121.8,169.6,-1.0,-100.0,-100.0,-100.0,-150.0,70.0,0.0,0.0,0.0,0.0,0.0,40.0,8,0,0,-9,"ORBIT pos-0.05 orbit L0.30 M0.60 R0.22 tn0.70 yaw-4 pit+0 rc(8, 0, 0, -9)",0.2942,0.5923,0.2196,,
1320,156054,1319,,depth/001320.npy,1,122.7,192.4,-1.0,-100.0,-100.0,-100.0,-150.0,70.0,0.0,0.0,0.0,0.0,0.0,40.0,8,0,0,-10,"ORBIT pos-0.06 orbit L0.29 M0.60 R0.22 tn0.70 yaw-5 pit+0 rc(8, 0, 0, -10)",0.2903,0.5962,0.2177,,
1321,156178,1320,,depth/001321.npy,1,119.2,186.9,-1.0,-100.0,-100.0,-100.0,-150.0,70.0,0.0,0.0,0.0,0.0,0.0,40.0,8,0,0,-10,"ORBIT pos-0.06 orbit L0.29 M0.60 R0.22 tn0.71 yaw-5 pit+0 rc(8, 0, 0, -10)",0.2981,0.6001,0.2196,,
1322,156294,1321,,depth/001322.npy,1,124.7,167.5,-1.0,-100.0,-100.0,-100.0,-151.0,70.0,0.0,0.0,0.0,0.0,0.0,40.0,7,0,0,-10,"ORBIT pos-0.07 orbit L0.30 M0.60 R0.22 tn0.71 yaw-6 pit+0 rc(7, 0, 0, -10)",0.2981,0.5884,0.2216,,
1323,156409,1322,,depth/001323.npy,1,127.6,215.7,-1.0,-100.0,-100.0,-100.0,-151.0,70.0,0.0,0.0,0.0,0.0,0.0,40.0,7,0,0,-10,"ORBIT pos-0.07 orbit L0.30 M0.59 R0.22 tn0.71 yaw-6 pit+0 rc(7, 0, 0, -10)",0.3059,0.5923,0.2216,,
1324,156524,1323,,depth/001324.npy,1,116.3,165.1,-1.0,-100.0,-100.0,-100.0,-152.0,70.0,0.0,0.0,0.0,0.0,0.0,40.0,7,0,0,-11,"ORBIT pos-0.08 orbit L0.31 M0.59 R0.22 tn0.71 yaw-7 pit+0 rc(7, 0, 0, -11)",0.302,0.5767,0.2235,,
1325,156649,1324,,depth/001325.npy,1,124.3,192.6,-1.0,-100.0,-100.0,-100.0,-153.0,70.0,0.0,0.0,0.0,0.0,0.0,40.0,7,0,0,-11,"ORBIT pos-0.09 orbit L0.30 M0.58 R0.22 tn0.70 yaw-7 pit+0 rc(7, 0, 0, -11)",0.3059,0.5806,0.2255,,
1326,156766,1325,,depth/001326.npy,1,122.2,172.8,-1.0,-100.0,-100.0,-100.0,-153.0,70.0,0.0,0.0,0.0,0.0,0.0,40.0,6,0,0,-12,"ORBIT pos-0.10 orbit L0.31 M0.58 R0.23 tn0.70 yaw-8 pit+0 rc(6, 0, 0, -12)",0.3098,0.5767,0.2255,,
1327,156881,1326,,depth/001326.npy,1,122.2,286.3,-1.0,-100.0,-100.0,-100.0,-153.0,70.0,0.0,0.0,0.0,0.0,0.0,40.0,6,0,0,-12,"ORBIT pos-0.10 orbit L0.31 M0.58 R0.23 tn0.70 yaw-8 pit+0 rc(6, 0, 0, -12)",0.3098,0.5767,0.2255,,
1328,156995,1327,,depth/001328.npy,1,120.3,300.7,-1.0,-100.0,-100.0,-100.0,-153.0,70.0,0.0,0.0,0.0,0.0,0.0,40.0,6,0,0,-12,"ORBIT pos-0.10 orbit L0.30 M0.58 R0.22 tn0.69 yaw-8 pit+0 rc(6, 0, 0, -12)",0.302,0.5767,0.2216,,
1329,157119,1328,,depth/001329.npy,1,124.6,261.2,-1.0,-100.0,-100.0,-100.0,-154.0,70.0,0.0,0.0,0.0,0.0,0.0,40.0,6,0,0,-12,"ORBIT pos-0.10 orbit L0.30 M0.59 R0.22 tn0.69 yaw-8 pit+0 rc(6, 0, 0, -12)",0.2981,0.5923,0.2177,,
1330,157236,1329,,depth/001330.npy,1,115.9,253.1,-1.0,-100.0,-100.0,-100.0,-155.0,70.0,0.0,0.0,0.0,0.0,0.0,40.0,6,0,0,-12,"ORBIT pos-0.10 orbit L0.29 M0.59 R0.22 tn0.69 yaw-8 pit+0 rc(6, 0, 0, -12)",0.2942,0.5923,0.2157,,
1331,157362,1330,,depth/001331.npy,1,162.3,265.1,-1.0,-100.0,-100.0,-100.0,-156.0,70.0,0.0,0.0,0.0,0.0,0.0,40.0,6,0,0,-11,"ORBIT pos-0.09 orbit L0.29 M0.60 R0.21 tn0.69 yaw-7 pit+0 rc(6, 0, 0, -11)",0.2864,0.5962,0.2118,,
1332,157487,1331,,depth/001332.npy,1,123.6,225.6,-1.0,-100.0,-100.0,-100.0,-156.0,70.0,0.0,0.0,0.0,0.0,0.0,40.0,7,0,0,-11,"ORBIT pos-0.09 orbit L0.28 M0.59 R0.21 tn0.68 yaw-7 pit+0 rc(7, 0, 0, -11)",0.2783,0.5923,0.2098,,
1333,157611,1332,,depth/001333.npy,1,121.6,236.1,-1.0,-100.0,-100.0,-100.0,-157.0,70.0,0.0,0.0,0.0,0.0,0.0,40.0,7,0,0,-10,"ORBIT pos-0.07 orbit L0.26 M0.60 R0.20 tn0.67 yaw-6 pit+0 rc(7, 0, 0, -10)",0.2627,0.604,0.202,,
1334,157727,1333,,depth/001334.npy,1,117.7,233.2,-1.0,-100.0,-100.0,-100.0,-157.0,70.0,0.0,0.0,0.0,0.0,0.0,40.0,8,0,0,-10,"ORBIT pos-0.06 orbit L0.27 M0.59 R0.20 tn0.66 yaw-5 pit+0 rc(8, 0, 0, -10)",0.2666,0.5923,0.2039,,
1335,157841,1334,,depth/001335.npy,1,125.5,212.3,-1.0,-100.0,-100.0,-100.0,-158.0,70.0,0.0,0.0,0.0,0.0,0.0,40.0,8,0,0,-5,"ORBIT pos-0.04 orbit L0.27 M0.59 R0.20 tn0.64 yaw+0 pit+0 rc(8, 0, 0, -5)",0.2666,0.5942,0.2039,,
1336,157965,1335,,depth/001336.npy,1,119.3,268.1,-1.0,-100.0,-100.0,-100.0,-159.0,70.0,0.0,0.0,0.0,0.0,0.0,40.0,9,0,0,-5,"ORBIT pos-0.03 orbit L0.27 M0.61 R0.21 tn0.65 yaw+0 pit+0 rc(9, 0, 0, -5)",0.2666,0.6118,0.2059,,
1337,158090,1336,,depth/001337.npy,1,124.1,225.6,-1.0,-100.0,-100.0,-100.0,-159.0,70.0,0.0,0.0,0.0,0.0,0.0,40.0,10,0,0,-6,"ORBIT pos-0.01 orbit L0.25 M0.59 R0.21 tn0.64 yaw+0 pit+0 rc(10, 0, 0, -6)",0.251,0.5884,0.2079,,
1338,158206,1337,,depth/001338.npy,1,118.6,212.7,-1.0,-100.0,-100.0,-100.0,-159.0,70.0,0.0,0.0,0.0,0.0,0.0,40.0,10,5,0,-6,"ORBIT pos+0.00 orbit L0.25 M0.58 R0.21 tn0.64 yaw+0 pit+5 rc(10, 5, 0, -6)",0.2549,0.5845,0.2059,,
1339,158321,1338,,depth/001339.npy,1,122.9,225.6,-1.0,-100.0,-100.0,-100.0,-160.0,70.0,0.0,0.0,0.0,0.0,0.0,40.0,9,5,0,-5,"ORBIT pos+0.02 orbit L0.25 M0.60 R0.22 tn0.64 yaw+0 pit+5 rc(9, 5, 0, -5)",0.2549,0.5962,0.2235,,
1340,158447,1339,,depth/001340.npy,1,123.6,247.7,-1.0,-100.0,-100.0,-100.0,-160.0,70.0,0.0,0.0,0.0,0.0,0.0,40.0,8,0,0,-5,"ORBIT pos+0.04 orbit L0.26 M0.60 R0.22 tn0.64 yaw+0 pit+0 rc(8, 0, 0, -5)",0.2627,0.6021,0.2235,,
1341,158570,1340,,depth/001341.npy,1,119.8,214.8,-1.0,-100.0,-100.0,-100.0,-161.0,70.0,0.0,0.0,0.0,0.0,0.0,40.0,8,5,0,-5,"ORBIT pos+0.05 orbit L0.25 M0.58 R0.22 tn0.64 yaw+0 pit+5 rc(8, 5, 0, -5)",0.2549,0.5825,0.2196,,
1342,158688,1341,,depth/001342.npy,1,118.1,227.2,-1.0,-100.0,-100.0,-100.0,-161.0,70.0,0.0,0.0,0.0,0.0,0.0,40.0,8,5,0,0,"ORBIT pos+0.06 orbit L0.25 M0.57 R0.24 tn0.64 yaw+5 pit+5 rc(8, 5, 0, 0)",0.2549,0.5708,0.2354,,
1343,158814,1342,,depth/001343.npy,1,129.1,217.6,-1.0,-100.0,-100.0,-100.0,-162.0,70.0,0.0,0.0,0.0,0.0,0.0,40.0,7,5,0,2,"ORBIT pos+0.07 orbit L0.25 M0.57 R0.23 tn0.64 yaw+6 pit+5 rc(7, 5, 0, 2)",0.2549,0.5688,0.2313,,
1344,158939,1343,,depth/001344.npy,1,121.8,246.9,-1.0,-100.0,-100.0,-100.0,-162.0,70.0,0.0,0.0,0.0,0.0,0.0,40.0,7,0,0,2,"ORBIT pos+0.08 orbit L0.25 M0.57 R0.23 tn0.64 yaw+6 pit+0 rc(7, 0, 0, 2)",0.2471,0.5728,0.2313,,
1345,159053,1344,,depth/001345.npy,1,119.7,229.1,-1.0,-100.0,-100.0,-100.0,-162.0,70.0,0.0,0.0,0.0,0.0,0.0,40.0,6,0,0,3,"ORBIT pos+0.09 orbit L0.25 M0.56 R0.24 tn0.65 yaw+7 pit+0 rc(6, 0, 0, 3)",0.2549,0.5649,0.2393,,
1346,159168,1345,,depth/001346.npy,1,118.1,206.1,-1.0,-100.0,-100.0,-100.0,-163.0,70.0,0.0,0.0,0.0,0.0,0.0,40.0,6,0,0,4,"ORBIT pos+0.10 orbit L0.25 M0.56 R0.24 tn0.65 yaw+8 pit+0 rc(6, 0, 0, 4)",0.2432,0.5527,0.2432,,
1347,159282,1346,,depth/001347.npy,1,122.7,253.8,-1.0,-100.0,-100.0,-100.0,-163.0,70.0,0.0,0.0,0.0,0.0,0.0,40.0,5,0,0,6,"ORBIT pos+0.11 orbit L0.24 M0.54 R0.26 tn0.65 yaw+9 pit+0 rc(5, 0, 0, 6)",0.2432,0.541,0.2588,,
1348,159407,1347,,depth/001348.npy,1,127.0,211.9,-1.0,-100.0,-100.0,-100.0,-164.0,70.0,0.0,0.0,0.0,0.0,0.0,40.0,5,0,0,7,"ORBIT pos+0.12 orbit L0.24 M0.54 R0.26 tn0.65 yaw+10 pit+0 rc(5, 0, 0, 7)",0.2393,0.5195,0.2744,,
1349,159532,1348,,depth/001349.npy,1,119.2,238.9,-1.0,-100.0,-100.0,-100.0,-164.0,70.0,0.0,0.0,0.0,0.0,0.0,40.0,4,0,0,10,"ORBIT pos+0.14 orbit L0.25 M0.50 R0.27 tn0.65 yaw+12 pit+0 rc(4, 0, 0, 10)",0.2471,0.502,0.2744,,
1350,159649,1349,,depth/001350.npy,1,119.1,220.7,-1.0,-100.0,-100.0,-100.0,-164.0,70.0,0.0,0.0,0.0,0.0,0.0,40.0,4,0,0,10,"ORBIT pos+0.16 orbit L0.25 M0.50 R0.27 tn0.65 yaw+12 pit+0 rc(4, 0, 0, 10)",0.2235,0.4626,0.2864,,
1351,159762,1350,,depth/001351.npy,1,127.8,231.9,-1.0,-100.0,-100.0,-100.0,-164.0,70.0,0.0,0.0,0.0,0.0,0.0,40.0,3,0,0,12,"ORBIT pos+0.18 orbit L0.24 M0.47 R0.29 tn0.65 yaw+14 pit+0 rc(3, 0, 0, 12)",0.2354,0.4727,0.2864,,
1352,159886,1351,,depth/001352.npy,1,120.7,196.6,-1.0,-100.0,-100.0,-100.0,-164.0,70.0,0.0,0.0,0.0,0.0,0.0,40.0,3,0,0,13,"ORBIT pos+0.18 orbit L0.24 M0.47 R0.29 tn0.65 yaw+15 pit+0 rc(3, 0, 0, 13)",0.2354,0.4785,0.2903,,
1353,160001,1352,,depth/001353.npy,1,119.1,176.6,-1.0,-100.0,-100.0,-100.0,-164.0,70.0,0.0,0.0,0.0,0.0,0.0,39.0,2,0,0,15,"ORBIT pos+0.20 orbit L0.24 M0.47 R0.29 tn0.65 yaw+16 pit+0 rc(2, 0, 0, 15)",0.2393,0.4746,0.2903,,
1354,160116,1353,,depth/001354.npy,1,122.7,191.5,-1.0,-100.0,-100.0,-100.0,-163.0,70.0,0.0,0.0,0.0,0.0,0.0,39.0,2,0,0,15,"ORBIT pos+0.20 orbit L0.24 M0.47 R0.29 tn0.65 yaw+16 pit+0 rc(2, 0, 0, 15)",0.2313,0.4667,0.2903,,
1355,160231,1354,,depth/001355.npy,1,118.6,203.1,-1.0,-100.0,-100.0,-100.0,-162.0,70.0,0.0,0.0,0.0,0.0,0.0,39.0,2,0,0,15,"ORBIT pos+0.20 orbit L0.23 M0.47 R0.29 tn0.64 yaw+16 pit+0 rc(2, 0, 0, 15)",0.2313,0.4587,0.2903,,
1356,160356,1355,,depth/001356.npy,1,128.9,195.9,-1.0,-100.0,-100.0,-100.0,-160.0,70.0,0.0,0.0,0.0,0.0,0.0,39.0,2,0,0,16,"ORBIT pos+0.21 orbit L0.23 M0.46 R0.29 tn0.64 yaw+17 pit+0 rc(2, 0, 0, 16)",0.2354,0.4626,0.2942,,
1357,160473,1356,,depth/001357.npy,1,113.9,169.3,-1.0,-100.0,-100.0,-100.0,-159.0,70.0,0.0,0.0,0.0,0.0,0.0,39.0,2,0,0,16,"ORBIT pos+0.21 orbit L0.24 M0.46 R0.29 tn0.65 yaw+17 pit+0 rc(2, 0, 0, 16)",0.2471,0.5059,0.2744,,
1358,160598,1357,,depth/001358.npy,1,131.0,172.2,-1.0,-100.0,-100.0,-100.0,-158.0,70.0,0.0,0.0,0.0,0.0,0.0,39.0,2,0,0,15,"ORBIT pos+0.21 orbit L0.25 M0.51 R0.27 tn0.66 yaw+16 pit+0 rc(2, 0, 0, 15)",0.2274,0.5137,0.2607,,
1359,160712,1358,,depth/001359.npy,1,116.9,184.9,-1.0,-100.0,-100.0,-100.0,-157.0,70.0,0.0,0.0,0.0,0.0,0.0,39.0,2,0,0,14,"ORBIT pos+0.19 orbit L0.23 M0.51 R0.26 tn0.66 yaw+15 pit+0 rc(2, 0, 0, 14)",0.2313,0.5605,0.2255,,
1360,160837,1359,,depth/001360.npy,1,121.3,213.2,-1.0,-100.0,-100.0,-100.0,-156.0,70.0,0.0,0.0,0.0,0.0,0.0,39.0,3,0,0,12,"ORBIT pos+0.17 orbit L0.23 M0.56 R0.23 tn0.67 yaw+14 pit+0 rc(3, 0, 0, 12)",0.2471,0.5942,0.2157,,
1361,160955,1360,,depth/001361.npy,1,124.9,194.2,-1.0,-100.0,-100.0,-100.0,-154.0,70.0,0.0,0.0,0.0,0.0,0.0,39.0,5,0,0,8,"ORBIT pos+0.13 orbit L0.25 M0.59 R0.22 tn0.69 yaw+11 pit+0 rc(5, 0, 0, 8)",0.2588,0.6196,0.204,,
1362,161070,1361,,depth/001362.npy,1,121.1,209.9,-1.0,-100.0,-100.0,-100.0,-153.0,70.0,0.0,0.0,0.0,0.0,0.0,39.0,5,0,0,6,"ORBIT pos+0.11 orbit L0.26 M0.62 R0.20 tn0.70 yaw+9 pit+0 rc(5, 0, 0, 6)",0.2666,0.5923,0.2,,
1363,161194,1362,,depth/001363.npy,1,121.2,198.4,-1.0,-100.0,-100.0,-100.0,-153.0,70.0,0.0,0.0,0.0,0.0,0.0,39.0,7,0,0,1,"ORBIT pos+0.07 orbit L0.27 M0.59 R0.20 tn0.70 yaw+5 pit+0 rc(7, 0, 0, 1)",0.2783,0.5884,0.2078,,
1364,161321,1363,,depth/001363.npy,1,121.2,329.6,-1.0,-100.0,-100.0,-100.0,-152.0,70.0,0.0,0.0,0.0,0.0,0.0,39.0,9,0,0,-5,"ORBIT pos+0.02 orbit L0.28 M0.59 R0.21 tn0.70 yaw+0 pit+0 rc(9, 0, 0, -5)",0.2783,0.5884,0.2078,,
1365,161439,1364,,depth/001365.npy,1,144.2,311.6,-1.0,-100.0,-100.0,-100.0,-152.0,70.0,0.0,0.0,0.0,0.0,0.0,39.0,10,0,0,-6,"ORBIT pos-0.00 orbit L0.28 M0.58 R0.21 tn0.71 yaw+0 pit+0 rc(10, 0, 0, -6)",0.2844,0.5825,0.2118,,
1366,161553,1365,,depth/001366.npy,1,137.2,247.3,-1.0,-100.0,-100.0,-100.0,-152.0,70.0,0.0,0.0,0.0,0.0,0.0,39.0,8,0,0,-5,"ORBIT pos-0.04 orbit L0.29 M0.57 R0.21 tn0.72 yaw+0 pit+0 rc(8, 0, 0, -5)",0.2942,0.5728,0.2118,,
1367,161677,1366,,depth/001367.npy,1,117.7,250.9,-1.0,-100.0,-100.0,-100.0,-152.0,70.0,0.0,0.0,0.0,0.0,0.0,39.0,8,0,0,-10,"ORBIT pos-0.06 orbit L0.29 M0.56 R0.21 tn0.72 yaw-5 pit+0 rc(8, 0, 0, -10)",0.2942,0.5605,0.2137,,
1368,161802,1367,,depth/001368.npy,1,119.5,280.4,-1.0,-100.0,-100.0,-100.0,-152.0,70.0,0.0,0.0,0.0,0.0,0.0,39.0,7,0,0,-10,"ORBIT pos-0.08 orbit L0.30 M0.56 R0.22 tn0.71 yaw-6 pit+0 rc(7, 0, 0, -10)",0.3,0.5566,0.2157,,
1369,161920,1368,,depth/001369.npy,1,123.7,254.5,-1.0,-100.0,-100.0,-100.0,-153.0,70.0,0.0,0.0,0.0,0.0,0.0,39.0,6,0,0,-11,"ORBIT pos-0.09 orbit L0.31 M0.56 R0.22 tn0.71 yaw-7 pit+0 rc(6, 0, 0, -11)",0.3059,0.5586,0.2157,,
1370,162034,1369,,depth/001370.npy,1,128.2,239.6,-1.0,-100.0,-100.0,-100.0,-153.0,70.0,0.0,0.0,0.0,0.0,0.0,39.0,6,0,0,-12,"ORBIT pos-0.10 orbit L0.31 M0.56 R0.22 tn0.70 yaw-8 pit+0 rc(6, 0, 0, -12)",0.3137,0.5627,0.2157,,
1371,162159,1370,,depth/001371.npy,1,122.6,234.5,-1.0,-100.0,-100.0,-100.0,-154.0,70.0,0.0,0.0,0.0,0.0,0.0,39.0,6,0,0,-13,"ORBIT pos-0.11 orbit L0.32 M0.56 R0.22 tn0.69 yaw-9 pit+0 rc(6, 0, 0, -13)",0.3176,0.5605,0.2177,,
1372,162273,1371,,depth/001372.npy,1,118.9,250.9,-1.0,-100.0,-100.0,-100.0,-155.0,70.0,0.0,0.0,0.0,0.0,0.0,39.0,5,0,0,-13,"ORBIT pos-0.12 orbit L0.32 M0.55 R0.22 tn0.69 yaw-10 pit+0 rc(5, 0, 0, -13)",0.3215,0.5547,0.2196,,
1373,162392,1372,,depth/001373.npy,1,122.8,231.1,-1.0,-100.0,-100.0,-100.0,-156.0,70.0,0.0,0.0,0.0,0.0,0.0,39.0,5,0,0,-13,"ORBIT pos-0.12 orbit L0.31 M0.56 R0.22 tn0.69 yaw-10 pit+0 rc(5, 0, 0, -13)",0.3137,0.5566,0.2177,,
1374,162513,1373,,depth/001374.npy,1,147.9,216.5,-1.0,-100.0,-100.0,-100.0,-156.0,70.0,0.0,0.0,0.0,0.0,0.0,39.0,5,0,0,-13,"ORBIT pos-0.13 orbit L0.29 M0.57 R0.21 tn0.68 yaw-10 pit+0 rc(5, 0, 0, -13)",0.2942,0.5728,0.2118,,
1375,162639,1374,,depth/001375.npy,1,114.6,181.2,-1.0,-100.0,-100.0,-100.0,-157.0,70.0,0.0,0.0,0.0,0.0,0.0,39.0,5,0,0,-13,"ORBIT pos-0.12 orbit L0.28 M0.58 R0.20 tn0.69 yaw-10 pit+0 rc(5, 0, 0, -13)",0.2783,0.5845,0.2039,,
1376,162753,1375,,depth/001376.npy,1,124.2,226.2,-1.0,-100.0,-100.0,-100.0,-158.0,70.0,0.0,0.0,0.0,0.0,0.0,39.0,5,0,0,-12,"ORBIT pos-0.11 orbit L0.28 M0.58 R0.20 tn0.69 yaw-9 pit+0 rc(5, 0, 0, -12)",0.2825,0.5884,0.2078,,
1377,162868,1376,,depth/001377.npy,1,124.6,206.8,-1.0,-100.0,-100.0,-100.0,-158.0,70.0,0.0,0.0,0.0,0.0,0.0,39.0,6,0,0,-12,"ORBIT pos-0.10 orbit L0.27 M0.59 R0.20 tn0.68 yaw-8 pit+0 rc(6, 0, 0, -12)",0.2744,0.5884,0.2,,
1378,162991,1377,,depth/001378.npy,1,121.1,197.6,-1.0,-100.0,-100.0,-100.0,-158.0,70.0,0.0,0.0,0.0,0.0,0.0,39.0,6,0,0,-11,"ORBIT pos-0.09 orbit L0.27 M0.59 R0.20 tn0.67 yaw-7 pit+0 rc(6, 0, 0, -11)",0.2744,0.6001,0.202,,
1379,163116,1378,,depth/001379.npy,1,119.4,190.6,-1.0,-100.0,-100.0,-100.0,-158.0,70.0,0.0,0.0,0.0,0.0,0.0,39.0,7,0,0,-10,"ORBIT pos-0.07 orbit L0.28 M0.59 R0.20 tn0.67 yaw-6 pit+0 rc(7, 0, 0, -10)",0.2783,0.5884,0.2,,
1380,163232,1379,,depth/001380.npy,1,122.2,206.4,-1.0,-100.0,-100.0,-100.0,-159.0,70.0,0.0,0.0,0.0,0.0,0.0,39.0,7,0,0,-9,"ORBIT pos-0.07 orbit L0.28 M0.59 R0.20 tn0.67 yaw-5 pit+0 rc(7, 0, 0, -9)",0.2744,0.5884,0.1921,,
1381,163347,1380,,depth/001381.npy,1,124.2,188.6,-1.0,-100.0,-100.0,-100.0,-159.0,70.0,0.0,0.0,0.0,0.0,0.0,39.0,8,0,0,-9,"ORBIT pos-0.05 orbit L0.27 M0.58 R0.19 tn0.67 yaw-4 pit+0 rc(8, 0, 0, -9)",0.2666,0.5767,0.1921,,
1382,163471,1381,,depth/001382.npy,1,120.3,175.4,-1.0,-100.0,-100.0,-100.0,-159.0,70.0,0.0,0.0,0.0,0.0,0.0,39.0,8,0,0,-5,"ORBIT pos-0.05 orbit L0.27 M0.58 R0.19 tn0.66 yaw+0 pit+0 rc(8, 0, 0, -5)",0.2783,0.5884,0.1941,,
1383,163595,1382,,depth/001383.npy,1,121.1,236.9,-1.0,-100.0,-100.0,-100.0,-160.0,70.0,0.0,0.0,0.0,0.0,0.0,39.0,9,0,0,-5,"ORBIT pos-0.04 orbit L0.26 M0.58 R0.19 tn0.66 yaw+0 pit+0 rc(9, 0, 0, -5)",0.2627,0.5767,0.1921,,
1384,163712,1383,,depth/001384.npy,1,121.5,186.1,-1.0,-100.0,-100.0,-100.0,-160.0,70.0,0.0,0.0,0.0,0.0,0.0,39.0,9,0,0,-5,"ORBIT pos-0.03 orbit L0.26 M0.58 R0.19 tn0.66 yaw+0 pit+0 rc(9, 0, 0, -5)",0.2627,0.5884,0.1882,,
1385,163827,1384,,depth/001385.npy,1,123.9,167.8,-1.0,-100.0,-100.0,-100.0,-160.0,70.0,0.0,0.0,0.0,0.0,1.0,39.0,9,0,0,-5,"ORBIT pos-0.02 orbit L0.26 M0.59 R0.19 tn0.66 yaw+0 pit+0 rc(9, 0, 0, -5)",0.2588,0.604,0.1902,,
1386,163952,1385,,depth/001386.npy,1,117.2,190.6,-1.0,-100.0,-100.0,-100.0,-161.0,70.0,0.0,0.0,0.0,0.0,1.0,39.0,9,0,0,-5,"ORBIT pos-0.02 orbit L0.26 M0.60 R0.19 tn0.67 yaw+0 pit+0 rc(9, 0, 0, -5)",0.2627,0.6079,0.1902,,
1387,164077,1386,,depth/001387.npy,1,120.2,214.5,-1.0,-100.0,-100.0,-100.0,-162.0,70.0,0.0,0.0,0.0,0.0,0.0,39.0,10,0,0,-6,"ORBIT pos-0.01 orbit L0.25 M0.59 R0.20 tn0.67 yaw+0 pit+0 rc(10, 0, 0, -6)",0.2471,0.5884,0.196,,
1388,164193,1387,,depth/001388.npy,1,122.9,166.5,-1.0,-100.0,-100.0,-100.0,-162.0,70.0,0.0,0.0,0.0,0.0,0.0,39.0,10,0,0,-6,"ORBIT pos-0.00 orbit L0.25 M0.59 R0.20 tn0.66 yaw+0 pit+0 rc(10, 0, 0, -6)",0.2471,0.5942,0.1921,,
1389,164307,1388,,depth/001389.npy,1,127.9,178.6,-1.0,-100.0,-100.0,-100.0,-164.0,70.0,0.0,0.0,0.0,0.0,0.0,39.0,10,0,0,-6,"ORBIT pos+0.01 orbit L0.25 M0.59 R0.19 tn0.66 yaw+0 pit+0 rc(10, 0, 0, -6)",0.2432,0.5845,0.2,,
1390,164433,1389,,depth/001390.npy,1,117.5,204.0,-1.0,-100.0,-100.0,-100.0,-165.0,70.0,0.0,0.0,0.0,0.0,0.0,39.0,9,0,0,-5,"ORBIT pos+0.02 orbit L0.24 M0.58 R0.20 tn0.65 yaw+0 pit+0 rc(9, 0, 0, -5)",0.2354,0.5728,0.2079,,
1391,164548,1390,,depth/001391.npy,1,115.0,186.5,-1.0,-100.0,-100.0,-100.0,-166.0,70.0,0.0,0.0,0.0,0.0,0.0,39.0,8,0,0,-5,"ORBIT pos+0.04 orbit L0.24 M0.57 R0.21 tn0.64 yaw+0 pit+0 rc(8, 0, 0, -5)",0.2118,0.541,0.2118,,
1392,164664,1391,,depth/001392.npy,1,132.0,169.4,-1.0,-100.0,-100.0,-100.0,-166.0,70.0,0.0,0.0,0.0,0.0,0.0,39.0,8,5,0,-1,"ORBIT pos+0.05 orbit L0.21 M0.54 R0.21 tn0.64 yaw+4 pit+5 rc(8, 5, 0, -1)",0.2137,0.5098,0.2354,,
1393,164779,1392,,depth/001392.npy,1,132.0,283.0,-1.0,-100.0,-100.0,-100.0,-167.0,70.0,0.0,1.0,0.0,0.0,0.0,39.0,7,5,0,3,"ORBIT pos+0.08 orbit L0.21 M0.51 R0.24 tn0.63 yaw+7 pit+5 rc(7, 5, 0, 3)",0.2137,0.5098,0.2354,,
1394,164903,1393,,depth/001394.npy,1,118.1,175.2,-1.0,-100.0,-100.0,-100.0,-168.0,70.0,0.0,0.0,0.0,0.0,0.0,39.0,6,5,0,4,"ORBIT pos+0.10 orbit L0.22 M0.51 R0.23 tn0.62 yaw+8 pit+5 rc(6, 5, 0, 4)",0.2196,0.4902,0.2393,,
1395,165017,1394,,depth/001394.npy,1,118.1,293.6,-1.0,-100.0,-100.0,-100.0,-168.0,70.0,0.0,0.0,0.0,0.0,0.0,38.0,5,6,0,6,"ORBIT pos+0.12 orbit L0.22 M0.49 R0.24 tn0.62 yaw+9 pit+6 rc(5, 6, 0, 6)",0.2196,0.4902,0.2393,,
1396,165136,1395,,depth/001396.npy,1,124.6,309.6,-1.0,-100.0,-100.0,-100.0,-169.0,70.0,0.0,0.0,0.0,0.0,0.0,38.0,5,6,0,7,"ORBIT pos+0.13 orbit L0.21 M0.48 R0.25 tn0.62 yaw+10 pit+6 rc(5, 6, 0, 7)",0.2079,0.4805,0.2471,,
1397,165250,1396,,depth/001397.npy,1,123.2,256.1,-1.0,-100.0,-100.0,-100.0,-169.0,70.0,0.0,0.0,0.0,0.0,0.0,38.0,4,5,0,9,"ORBIT pos+0.14 orbit L0.21 M0.48 R0.25 tn0.63 yaw+11 pit+5 rc(4, 5, 0, 9)",0.2079,0.4785,0.2471,,
1398,165374,1397,,depth/001398.npy,1,122.3,314.0,-1.0,-100.0,-100.0,-100.0,-169.0,70.0,0.0,0.0,0.0,0.0,0.0,38.0,4,5,0,10,"ORBIT pos+0.15 orbit L0.21 M0.47 R0.25 tn0.63 yaw+12 pit+5 rc(4, 5, 0, 10)",0.2079,0.4746,0.2471,,
1399,165489,1398,,depth/001399.npy,1,120.3,264.1,-1.0,-100.0,-100.0,-100.0,-169.0,70.0,0.0,0.0,0.0,0.0,0.0,38.0,4,5,0,11,"ORBIT pos+0.16 orbit L0.20 M0.46 R0.24 tn0.63 yaw+13 pit+5 rc(4, 5, 0, 11)",0.196,0.4587,0.2432,,
1400,165606,1399,,depth/001400.npy,1,124.0,239.4,-1.0,-100.0,-100.0,-100.0,-169.0,70.0,0.0,0.0,0.0,0.0,0.0,38.0,3,5,0,11,"ORBIT pos+0.17 orbit L0.19 M0.47 R0.25 tn0.64 yaw+13 pit+5 rc(3, 5, 0, 11)",0.1921,0.4707,0.2549,,
1401,165720,1400,,depth/001401.npy,1,120.6,256.2,-1.0,-100.0,-100.0,-100.0,-169.0,70.0,0.0,0.0,0.0,0.0,0.0,38.0,3,0,0,12,"ORBIT pos+0.17 orbit L0.20 M0.47 R0.25 tn0.65 yaw+14 pit+0 rc(3, 0, 0, 12)",0.196,0.4666,0.251,,
1402,165845,1401,,depth/001402.npy,1,124.4,285.2,-1.0,-100.0,-100.0,-100.0,-169.0,70.0,0.0,0.0,0.0,0.0,0.0,38.0,3,0,0,12,"ORBIT pos+0.17 orbit L0.20 M0.47 R0.26 tn0.66 yaw+14 pit+0 rc(3, 0, 0, 12)",0.204,0.4666,0.2588,,
1403,165960,1402,,depth/001403.npy,1,119.5,267.3,-1.0,-100.0,-100.0,-100.0,-169.0,70.0,0.0,0.0,0.0,0.0,0.0,38.0,3,0,0,12,"ORBIT pos+0.18 orbit L0.20 M0.47 R0.24 tn0.66 yaw+14 pit+0 rc(3, 0, 0, 12)",0.196,0.4666,0.2432,,
1404,166085,1403,,depth/001404.npy,1,122.3,229.3,-1.0,-100.0,-100.0,-100.0,-168.0,70.0,0.0,0.0,0.0,0.0,0.0,38.0,3,0,0,12,"ORBIT pos+0.17 orbit L0.21 M0.48 R0.24 tn0.67 yaw+14 pit+0 rc(3, 0, 0, 12)",0.2059,0.4766,0.2373,,
1405,166198,1404,,depth/001405.npy,1,119.3,305.1,-1.0,-100.0,-100.0,-100.0,-168.0,70.0,0.0,0.0,0.0,0.0,0.0,38.0,3,0,0,12,"ORBIT pos+0.17 orbit L0.20 M0.48 R0.24 tn0.67 yaw+14 pit+0 rc(3, 0, 0, 12)",0.204,0.4824,0.2393,,
1406,166322,1405,,depth/001406.npy,1,120.6,260.5,-1.0,-100.0,-100.0,-100.0,-167.0,70.0,0.0,0.0,0.0,0.0,0.0,38.0,3,0,0,11,"ORBIT pos+0.17 orbit L0.21 M0.49 R0.24 tn0.67 yaw+13 pit+0 rc(3, 0, 0, 11)",0.2079,0.4902,0.2354,,
1407,166437,1406,,depth/001407.npy,1,124.6,209.9,-1.0,-100.0,-100.0,-100.0,-166.0,70.0,0.0,0.0,0.0,0.0,0.0,38.0,3,0,0,11,"ORBIT pos+0.16 orbit L0.21 M0.49 R0.24 tn0.67 yaw+13 pit+0 rc(3, 0, 0, 11)",0.2079,0.4941,0.2354,,
1408,166554,1407,,depth/001408.npy,1,119.9,233.7,-1.0,-100.0,-100.0,-100.0,-165.0,70.0,0.0,0.0,0.0,0.0,0.0,38.0,4,0,0,11,"ORBIT pos+0.16 orbit L0.20 M0.51 R0.22 tn0.68 yaw+13 pit+0 rc(4, 0, 0, 11)",0.2,0.5137,0.2235,,
1409,166669,1408,,depth/001409.npy,1,124.2,275.6,-1.0,-100.0,-100.0,-100.0,-165.0,70.0,0.0,0.0,0.0,0.0,0.0,38.0,4,0,0,10,"ORBIT pos+0.15 orbit L0.20 M0.53 R0.22 tn0.69 yaw+12 pit+0 rc(4, 0, 0, 10)",0.2,0.5254,0.2157,,
1410,166794,1409,,depth/001410.npy,1,117.0,233.5,-1.0,-100.0,-100.0,-100.0,-163.0,70.0,0.0,0.0,0.0,0.0,0.0,38.0,4,0,0,9,"ORBIT pos+0.14 orbit L0.20 M0.55 R0.20 tn0.69 yaw+11 pit+0 rc(4, 0, 0, 9)",0.2,0.5488,0.204,,
1411,166909,1410,,depth/001411.npy,1,130.6,212.0,-1.0,-100.0,-100.0,-100.0,-162.0,70.0,0.0,0.0,0.0,0.0,0.0,38.0,5,0,0,7,"ORBIT pos+0.12 orbit L0.21 M0.57 R0.20 tn0.70 yaw+10 pit+0 rc(5, 0, 0, 7)",0.2118,0.5669,0.196,,
1412,167033,1411,,depth/001412.npy,1,119.4,242.4,-1.0,-100.0,-100.0,-100.0,-161.0,70.0,0.0,0.0,0.0,0.0,0.0,38.0,6,0,0,5,"ORBIT pos+0.11 orbit L0.21 M0.57 R0.20 tn0.70 yaw+9 pit+0 rc(6, 0, 0, 5)",0.2157,0.5728,0.1921,,
1413,167151,1412,,depth/001413.npy,1,120.3,255.2,-1.0,-100.0,-100.0,-100.0,-161.0,70.0,0.0,0.0,0.0,0.0,0.0,38.0,7,0,0,2,"ORBIT pos+0.08 orbit L0.23 M0.58 R0.17 tn0.69 yaw+6 pit+0 rc(7, 0, 0, 2)",0.2313,0.5806,0.1726,,
1414,167276,1413,,depth/001414.npy,1,121.8,214.6,-1.0,-100.0,-100.0,-100.0,-160.0,70.0,0.0,0.0,0.0,0.0,0.0,38.0,8,0,0,-5,"ORBIT pos+0.05 orbit L0.25 M0.58 R0.18 tn0.70 yaw+0 pit+0 rc(8, 0, 0, -5)",0.251,0.5806,0.1785,,
1415,167400,1414,,depth/001415.npy,1,121.2,240.5,-1.0,-100.0,-100.0,-100.0,-159.0,70.0,0.0,0.0,0.0,0.0,0.0,38.0,9,0,0,-5,"ORBIT pos+0.03 orbit L0.25 M0.58 R0.18 tn0.70 yaw+0 pit+0 rc(9, 0, 0, -5)",0.2549,0.5728,0.1863,,
1416,167522,1415,,depth/001416.npy,1,151.9,229.9,-1.0,-100.0,-100.0,-100.0,-159.0,70.0,0.0,0.0,0.0,0.0,0.0,38.0,10,0,0,-6,"ORBIT pos-0.01 orbit L0.25 M0.57 R0.19 tn0.70 yaw+0 pit+0 rc(10, 0, 0, -6)",0.251,0.5688,0.1863,,
1417,167640,1416,,depth/001417.npy,1,118.1,182.0,-1.0,-100.0,-100.0,-100.0,-159.0,70.0,0.0,0.0,0.0,0.0,0.0,38.0,9,0,0,-5,"ORBIT pos-0.02 orbit L0.25 M0.57 R0.19 tn0.71 yaw+0 pit+0 rc(9, 0, 0, -5)",0.2588,0.5688,0.1902,,
1418,167755,1417,,depth/001418.npy,1,119.7,196.3,-1.0,-100.0,-100.0,-100.0,-159.0,70.0,0.0,0.0,0.0,0.0,0.0,38.0,8,0,0,-9,"ORBIT pos-0.06 orbit L0.28 M0.56 R0.19 tn0.71 yaw-4 pit+0 rc(8, 0, 0, -9)",0.2783,0.5566,0.1882,,
1419,167879,1418,,depth/001419.npy,1,120.3,185.3,-1.0,-100.0,-100.0,-100.0,-159.0,70.0,0.0,0.0,0.0,0.0,0.0,38.0,7,0,0,-9,"ORBIT pos-0.07 orbit L0.28 M0.56 R0.19 tn0.71 yaw-5 pit+0 rc(7, 0, 0, -9)",0.2864,0.5547,0.1921,,
1420,167994,1419,,depth/001420.npy,1,126.5,173.2,-1.0,-100.0,-100.0,-100.0,-159.0,70.0,0.0,0.0,0.0,0.0,0.0,38.0,6,0,0,-11,"ORBIT pos-0.09 orbit L0.29 M0.55 R0.19 tn0.72 yaw-7 pit+0 rc(6, 0, 0, -11)",0.2825,0.5488,0.1941,,
1421,168112,1420,,depth/001421.npy,1,119.9,217.9,-1.0,-100.0,-100.0,-100.0,-159.0,70.0,0.0,0.0,0.0,0.0,0.0,38.0,6,0,0,-12,"ORBIT pos-0.10 orbit L0.28 M0.55 R0.19 tn0.71 yaw-8 pit+0 rc(6, 0, 0, -12)",0.2864,0.5488,0.1941,,
1422,168237,1421,,depth/001422.npy,1,120.7,176.7,-1.0,-100.0,-100.0,-100.0,-160.0,70.0,0.0,0.0,0.0,0.0,0.0,38.0,6,0,0,-13,"ORBIT pos-0.11 orbit L0.29 M0.55 R0.19 tn0.71 yaw-9 pit+0 rc(6, 0, 0, -13)",0.2961,0.5391,0.196,,
1423,168351,1422,,depth/001423.npy,1,127.9,194.1,-1.0,-100.0,-100.0,-100.0,-161.0,70.0,0.0,0.0,0.0,0.0,0.0,38.0,5,0,0,-12,"ORBIT pos-0.12 orbit L0.30 M0.54 R0.20 tn0.71 yaw-9 pit+0 rc(5, 0, 0, -12)",0.3059,0.5332,0.196,,
1424,168468,1423,,depth/001424.npy,1,121.9,165.8,-1.0,-100.0,-100.0,-100.0,-162.0,70.0,0.0,0.0,0.0,0.0,0.0,38.0,5,0,0,-13,"ORBIT pos-0.13 orbit L0.31 M0.53 R0.20 tn0.71 yaw-10 pit+0 rc(5, 0, 0, -13)",0.3098,0.5176,0.1981,,
1425,168593,1424,,depth/001425.npy,1,120.6,132.8,-1.0,-100.0,-100.0,-100.0,-163.0,70.0,0.0,0.0,0.0,0.0,0.0,38.0,5,0,0,-14,"ORBIT pos-0.13 orbit L0.31 M0.52 R0.20 tn0.70 yaw-11 pit+0 rc(5, 0, 0, -14)",0.2783,0.5371,0.1902,,
1426,168707,1425,,depth/001426.npy,1,119.6,181.6,-1.0,-100.0,-100.0,-100.0,-164.0,70.0,0.0,0.0,0.0,0.0,0.0,38.0,5,0,0,-14,"ORBIT pos-0.14 orbit L0.28 M0.54 R0.19 tn0.70 yaw-11 pit+0 rc(5, 0, 0, -14)",0.2588,0.5488,0.1882,,
1427,168832,1426,,depth/001426.npy,1,119.6,310.9,-1.0,-100.0,-100.0,-100.0,-166.0,70.0,0.0,0.0,0.0,0.0,0.0,38.0,5,0,0,-13,"ORBIT pos-0.13 orbit L0.26 M0.55 R0.19 tn0.69 yaw-10 pit+0 rc(5, 0, 0, -13)",0.2588,0.5488,0.1882,,
1428,168951,1427,,depth/001428.npy,1,126.9,257.8,-1.0,-100.0,-100.0,-100.0,-168.0,70.0,0.0,0.0,0.0,0.0,0.0,38.0,6,0,0,-12,"ORBIT pos-0.10 orbit L0.24 M0.57 R0.18 tn0.67 yaw-8 pit+0 rc(6, 0, 0, -12)",0.2354,0.5728,0.1765,,
1429,169076,1428,,depth/001429.npy,1,119.7,182.4,-1.0,-100.0,-100.0,-100.0,-169.0,70.0,0.0,0.0,0.0,0.0,0.0,38.0,7,0,0,-11,"ORBIT pos-0.08 orbit L0.22 M0.58 R0.17 tn0.66 yaw-7 pit+0 rc(7, 0, 0, -11)",0.2118,0.5806,0.1726,,
1430,169191,1429,,depth/001429.npy,1,119.7,296.4,-1.0,-100.0,-100.0,-100.0,-171.0,70.0,0.0,0.0,0.0,0.0,0.0,38.0,9,0,0,-5,"ORBIT pos-0.04 orbit L0.21 M0.58 R0.17 tn0.65 yaw+0 pit+0 rc(9, 0, 0, -5)",0.2118,0.5806,0.1726,,
1431,169315,1430,,depth/001431.npy,1,127.6,253.8,-1.0,-100.0,-100.0,-100.0,-172.0,70.0,0.0,0.0,0.0,0.0,0.0,38.0,10,5,0,-6,"ORBIT pos-0.01 orbit L0.20 M0.54 R0.20 tn0.64 yaw+0 pit+5 rc(10, 5, 0, -6)",0.2,0.541,0.204,,
1432,169433,1431,,depth/001432.npy,1,121.8,268.8,-1.0,-100.0,-100.0,-100.0,-175.0,70.0,0.0,0.0,0.0,0.0,0.0,38.0,8,6,0,0,"ORBIT pos+0.06 orbit L0.18 M0.48 R0.24 tn0.62 yaw+5 pit+6 rc(8, 6, 0, 0)",0.1843,0.4824,0.2354,,
1433,169557,1432,,depth/001433.npy,1,123.0,254.4,-1.0,-100.0,-100.0,-100.0,-176.0,70.0,0.0,0.0,0.0,0.0,0.0,38.0,6,7,0,4,"ORBIT pos+0.10 orbit L0.16 M0.39 R0.29 tn0.60 yaw+8 pit+7 rc(6, 7, 0, 4)",0.1647,0.3921,0.2864,,
1434,169681,1433,,depth/001434.npy,1,120.4,289.2,-1.0,-100.0,-100.0,-100.0,-177.0,70.0,0.0,0.0,0.0,0.0,0.0,38.0,3,8,0,12,"ORBIT pos+0.17 orbit L0.15 M0.37 R0.30 tn0.59 yaw+14 pit+8 rc(3, 8, 0, 12)",0.149,0.3687,0.3,,
1435,169806,1434,,depth/001435.npy,1,118.3,142.6,-1.0,-100.0,-100.0,-100.0,-178.0,70.0,0.0,0.0,0.0,0.0,0.0,38.0,2,8,0,16,"ORBIT pos+0.21 orbit L0.14 M0.33 R0.33 tn0.59 yaw+17 pit+8 rc(2, 8, 0, 16)",0.1294,0.302,0.3491,,
1436,169925,1435,,depth/001435.npy,1,118.3,258.9,-1.0,-100.0,-100.0,-100.0,-178.0,70.0,0.0,0.0,0.0,0.0,0.0,38.0,0,0,0,22,"ORBIT pos+0.28 center L0.13 M0.30 R0.35 tn0.58 yaw+22 pit+0 rc(0, 0, 0, 22)",0.1294,0.302,0.3491,,
1437,170040,1436,,depth/001437.npy,1,126.3,244.5,-1.0,-100.0,-100.0,-100.0,-178.0,70.0,0.0,0.0,0.0,0.0,0.0,38.0,0,0,0,24,"ORBIT pos+0.31 center L0.13 M0.28 R0.36 tn0.58 yaw+24 pit+0 rc(0, 0, 0, 24)",0.1294,0.2783,0.3608,,
1438,170155,1437,,depth/001438.npy,1,121.4,264.0,-1.0,-100.0,-100.0,-100.0,-178.0,70.0,0.0,0.0,0.0,0.0,0.0,38.0,0,0,0,25,"ORBIT pos+0.35 center L0.14 M0.28 R0.36 tn0.58 yaw+28 pit+0 rc(0, 0, 0, 25)",0.1372,0.2783,0.3569,,
1439,170272,1438,,depth/001439.npy,1,123.1,246.6,-1.0,-100.0,-100.0,-100.0,-177.0,70.0,0.0,0.0,0.0,0.0,0.0,38.0,0,0,0,25,"ORBIT pos+0.37 center L0.14 M0.28 R0.36 tn0.58 yaw+29 pit+0 rc(0, 0, 0, 25)",0.1372,0.2783,0.3569,,
1440,170385,1439,,depth/001440.npy,1,123.2,258.9,-1.0,-100.0,-100.0,-100.0,-176.0,70.0,0.0,0.0,0.0,0.0,0.0,38.0,0,0,0,25,"ORBIT pos+0.39 center L0.14 M0.28 R0.36 tn0.59 yaw+31 pit+0 rc(0, 0, 0, 25)",0.1372,0.2783,0.3608,,
1441,170499,1440,,depth/001441.npy,1,120.8,273.1,-1.0,-100.0,-100.0,-100.0,-174.0,70.0,0.0,0.0,0.0,0.0,0.0,38.0,0,0,0,25,"ORBIT pos+0.40 center L0.14 M0.28 R0.37 tn0.59 yaw+32 pit+0 rc(0, 0, 0, 25)",0.1372,0.2783,0.3726,,
1442,170614,1441,,depth/001442.npy,1,132.1,222.1,-1.0,-100.0,-100.0,-100.0,-171.0,70.0,0.0,0.0,0.0,0.0,0.0,38.0,0,0,0,25,"ORBIT pos+0.40 center L0.13 M0.27 R0.36 tn0.61 yaw+32 pit+0 rc(0, 0, 0, 25)",0.1294,0.2744,0.3589,,
1443,170728,1442,,depth/001442.npy,1,132.1,336.7,-1.0,-100.0,-100.0,-100.0,-169.0,70.0,0.0,0.0,0.0,0.0,0.0,38.0,0,0,0,25,"ORBIT pos+0.40 center L0.13 M0.27 R0.36 tn0.61 yaw+32 pit+0 rc(0, 0, 0, 25)",0.1294,0.2744,0.3589,,
1444,170844,1443,,depth/001444.npy,1,193.3,319.9,-1.0,-100.0,-100.0,-100.0,-167.0,70.0,0.0,0.0,0.0,0.0,0.0,38.0,0,0,0,25,"ORBIT pos+0.38 center L0.15 M0.33 R0.32 tn0.62 yaw+30 pit+0 rc(0, 0, 0, 25)",0.1451,0.3254,0.3215,,
1445,170958,1444,,depth/001445.npy,1,113.5,266.5,-1.0,-100.0,-100.0,-100.0,-165.0,70.0,0.0,0.0,0.0,0.0,0.0,38.0,0,0,0,25,"ORBIT pos+0.35 center L0.17 M0.41 R0.27 tn0.63 yaw+28 pit+0 rc(0, 0, 0, 25)",0.1726,0.4138,0.2744,,
1446,171074,1445,,depth/001446.npy,1,121.7,247.5,-1.0,-100.0,-100.0,-100.0,-163.0,70.0,0.0,0.0,0.0,0.0,0.0,38.0,0,0,0,23,"ORBIT pos+0.28 center L0.18 M0.52 R0.21 tn0.66 yaw+23 pit+0 rc(0, 0, 0, 23)",0.1843,0.5195,0.2137,,
1447,171199,1446,,depth/001447.npy,1,127.1,305.2,-1.0,-100.0,-100.0,-100.0,-161.0,70.0,0.0,0.0,0.0,0.0,0.0,38.0,2,0,0,15,"ORBIT pos+0.20 orbit L0.20 M0.55 R0.18 tn0.67 yaw+16 pit+0 rc(2, 0, 0, 15)",0.196,0.5527,0.1843,,
1448,171323,1447,,depth/001448.npy,1,118.8,296.8,-1.0,-100.0,-100.0,-100.0,-159.0,70.0,0.0,0.0,0.0,-1.0,0.0,38.0,4,0,0,11,"ORBIT pos+0.16 orbit L0.22 M0.60 R0.17 tn0.67 yaw+13 pit+0 rc(4, 0, 0, 11)",0.2196,0.5962,0.1667,,
1449,171448,1448,,depth/001449.npy,1,119.0,290.6,-1.0,-100.0,-100.0,-100.0,-158.0,70.0,0.0,0.0,0.0,-1.0,0.0,38.0,7,0,0,2,"ORBIT pos+0.08 orbit L0.25 M0.56 R0.18 tn0.68 yaw+6 pit+0 rc(7, 0, 0, 2)",0.2549,0.5649,0.1843,,
1450,171569,1449,,depth/001450.npy,1,124.1,267.8,-1.0,-100.0,-100.0,-100.0,-158.0,70.0,0.0,0.0,0.0,0.0,0.0,38.0,9,0,0,-5,"ORBIT pos+0.03 orbit L0.32 M0.52 R0.20 tn0.67 yaw+0 pit+0 rc(9, 0, 0, -5)",0.3196,0.5176,0.196,,
1451,171696,1450,,depth/001451.npy,1,151.1,305.4,-1.0,-100.0,-100.0,-100.0,-158.0,70.0,0.0,0.0,0.0,0.0,0.0,38.0,8,0,0,-9,"ORBIT pos-0.06 orbit L0.32 M0.50 R0.20 tn0.69 yaw-4 pit+0 rc(8, 0, 0, -9)",0.3215,0.498,0.1961,,
1452,171813,1451,,depth/001452.npy,1,122.6,253.2,-1.0,-100.0,-100.0,-100.0,-158.0,70.0,0.0,0.0,0.0,0.0,0.0,38.0,6,0,0,-11,"ORBIT pos-0.09 orbit L0.35 M0.48 R0.20 tn0.69 yaw-7 pit+0 rc(6, 0, 0, -11)",0.3491,0.4844,0.1981,,
1453,171928,1452,,depth/001453.npy,1,124.9,236.1,-1.0,-100.0,-100.0,-100.0,-159.0,70.0,0.0,0.0,0.0,0.0,0.0,37.0,4,0,0,-13,"ORBIT pos-0.14 orbit L0.35 M0.49 R0.20 tn0.71 yaw-11 pit+0 rc(4, 0, 0, -13)",0.3491,0.4863,0.2,,
1454,172043,1453,,depth/001454.npy,1,122.1,216.5,-1.0,-100.0,-100.0,-100.0,-160.0,70.0,0.0,0.0,0.0,0.0,0.0,37.0,4,0,0,-14,"ORBIT pos-0.16 orbit L0.35 M0.49 R0.20 tn0.71 yaw-12 pit+0 rc(4, 0, 0, -14)",0.3491,0.4785,0.2,,
1455,172156,1454,,depth/001455.npy,1,127.4,262.9,-1.0,-100.0,-100.0,-100.0,-160.0,70.0,0.0,0.0,0.0,0.0,0.0,37.0,3,0,0,-16,"ORBIT pos-0.18 orbit L0.35 M0.47 R0.20 tn0.71 yaw-14 pit+0 rc(3, 0, 0, -16)",0.3452,0.4746,0.1981,,
1456,172281,1455,,depth/001456.npy,1,120.5,222.1,-1.0,-100.0,-100.0,-100.0,-162.0,70.0,0.0,0.0,0.0,0.0,0.0,37.0,3,0,0,-17,"ORBIT pos-0.19 orbit L0.35 M0.47 R0.20 tn0.71 yaw-15 pit+0 rc(3, 0, 0, -17)",0.353,0.4766,0.2,,
1457,172397,1456,,depth/001457.npy,1,124.4,169.9,-1.0,-100.0,-100.0,-100.0,-163.0,70.0,0.0,0.0,0.0,0.0,0.0,37.0,2,0,0,-16,"ORBIT pos-0.19 orbit L0.32 M0.50 R0.20 tn0.71 yaw-15 pit+0 rc(2, 0, 0, -16)",0.3215,0.498,0.1981,,
1458,172521,1457,,depth/001458.npy,1,121.4,210.7,-1.0,-100.0,-100.0,-100.0,-164.0,70.0,0.0,0.0,0.0,0.0,0.0,37.0,2,0,0,-16,"ORBIT pos-0.19 orbit L0.32 M0.50 R0.20 tn0.70 yaw-15 pit+0 rc(2, 0, 0, -16)",0.2764,0.5293,0.1921,,
1459,172637,1458,,depth/001459.npy,1,141.1,176.9,-1.0,-100.0,-100.0,-100.0,-166.0,70.0,0.0,0.0,0.0,0.0,0.0,37.0,3,0,0,-16,"ORBIT pos-0.18 orbit L0.28 M0.53 R0.19 tn0.68 yaw-14 pit+0 rc(3, 0, 0, -16)",0.2354,0.541,0.1843,,
1460,172752,1459,,depth/001460.npy,1,119.3,196.1,-1.0,-100.0,-100.0,-100.0,-166.0,70.0,0.0,0.0,0.0,0.0,0.0,37.0,4,0,0,-15,"ORBIT pos-0.16 orbit L0.24 M0.54 R0.18 tn0.66 yaw-13 pit+0 rc(4, 0, 0, -15)",0.2196,0.5293,0.1765,,
1461,172868,1460,,depth/001460.npy,1,119.3,310.5,-1.0,-100.0,-100.0,-100.0,-167.0,70.0,0.0,0.0,0.0,0.0,0.0,37.0,5,5,0,-12,"ORBIT pos-0.11 orbit L0.22 M0.53 R0.18 tn0.63 yaw-9 pit+5 rc(5, 5, 0, -12)",0.2196,0.5293,0.1765,,
1462,172992,1461,,depth/001462.npy,1,119.7,136.6,-1.0,-100.0,-100.0,-100.0,-167.0,70.0,0.0,0.0,0.0,0.0,0.0,37.0,6,5,0,-11,"ORBIT pos-0.09 orbit L0.22 M0.55 R0.17 tn0.62 yaw-7 pit+5 rc(6, 5, 0, -11)",0.2196,0.5605,0.1706,,
1463,173110,1462,,depth/001462.npy,1,119.7,250.6,-1.0,-100.0,-100.0,-100.0,-166.0,70.0,0.0,0.0,0.0,-1.0,0.0,37.0,8,5,0,-9,"ORBIT pos-0.05 orbit L0.22 M0.56 R0.17 tn0.63 yaw-4 pit+5 rc(8, 5, 0, -9)",0.2196,0.5605,0.1706,,
1464,173234,1463,,depth/001464.npy,1,122.8,309.0,-1.0,-100.0,-100.0,-100.0,-166.0,70.0,0.0,0.0,0.0,0.0,0.0,37.0,8,5,0,-5,"ORBIT pos-0.04 orbit L0.22 M0.56 R0.17 tn0.63 yaw+0 pit+5 rc(8, 5, 0, -5)",0.2196,0.5649,0.1667,,
1465,173349,1464,,depth/001465.npy,1,123.4,256.4,-1.0,-100.0,-100.0,-100.0,-166.0,70.0,0.0,0.0,0.0,0.0,0.0,37.0,9,0,0,-5,"ORBIT pos-0.03 orbit L0.22 M0.58 R0.16 tn0.65 yaw+0 pit+0 rc(9, 0, 0, -5)",0.2196,0.5767,0.1627,,
1466,173474,1465,,depth/001466.npy,1,121.0,250.3,-1.0,-100.0,-100.0,-100.0,-166.0,70.0,0.0,0.0,0.0,0.0,0.0,37.0,9,0,0,-5,"ORBIT pos-0.02 orbit L0.22 M0.57 R0.16 tn0.65 yaw+0 pit+0 rc(9, 0, 0, -5)",0.2196,0.5688,0.1647,,
1467,173591,1466,,depth/001467.npy,1,120.0,289.1,-1.0,-100.0,-100.0,-100.0,-167.0,70.0,0.0,0.0,0.0,0.0,0.0,37.0,9,0,0,-5,"ORBIT pos-0.02 orbit L0.22 M0.58 R0.16 tn0.66 yaw+0 pit+0 rc(9, 0, 0, -5)",0.2235,0.5806,0.1627,,
1468,173716,1467,,depth/001468.npy,1,124.2,294.1,-1.0,-100.0,-100.0,-100.0,-167.0,70.0,0.0,0.0,0.0,0.0,0.0,37.0,9,0,0,-5,"ORBIT pos-0.02 orbit L0.22 M0.58 R0.16 tn0.68 yaw+0 pit+0 rc(9, 0, 0, -5)",0.2157,0.5845,0.1569,,
1469,173830,1468,,depth/001469.npy,1,120.7,273.9,-1.0,-100.0,-100.0,-100.0,-168.0,70.0,0.0,0.0,0.0,0.0,0.0,37.0,9,0,0,-5,"ORBIT pos-0.02 orbit L0.22 M0.59 R0.16 tn0.69 yaw+0 pit+0 rc(9, 0, 0, -5)",0.2196,0.5884,0.1608,,
1470,173947,1469,,depth/001470.npy,1,122.5,248.8,-1.0,-100.0,-100.0,-100.0,-168.0,70.0,0.0,0.0,0.0,0.0,0.0,37.0,9,0,0,-5,"ORBIT pos-0.03 orbit L0.22 M0.58 R0.16 tn0.69 yaw+0 pit+0 rc(9, 0, 0, -5)",0.2235,0.5806,0.1647,,
1471,174073,1470,,depth/001471.npy,1,120.1,312.6,-1.0,-100.0,-100.0,-100.0,-169.0,70.0,0.0,0.0,0.0,0.0,0.0,37.0,9,0,0,-5,"ORBIT pos-0.03 orbit L0.22 M0.58 R0.16 tn0.69 yaw+0 pit+0 rc(9, 0, 0, -5)",0.2157,0.5767,0.1608,,
1472,174188,1471,,depth/001472.npy,1,121.9,261.2,-1.0,-100.0,-100.0,-100.0,-170.0,70.0,0.0,0.0,0.0,0.0,0.0,37.0,9,0,0,-5,"ORBIT pos-0.02 orbit L0.20 M0.58 R0.16 tn0.69 yaw+0 pit+0 rc(9, 0, 0, -5)",0.2,0.5767,0.1569,,
1473,174312,1472,,depth/001473.npy,1,123.2,251.4,-1.0,-100.0,-100.0,-100.0,-170.0,70.0,0.0,0.0,0.0,0.0,0.0,37.0,9,0,0,-5,"ORBIT pos-0.02 orbit L0.19 M0.57 R0.16 tn0.68 yaw+0 pit+0 rc(9, 0, 0, -5)",0.1921,0.5747,0.1588,,
1474,174437,1473,,depth/001474.npy,1,130.0,275.7,-1.0,-100.0,-100.0,-100.0,-170.0,70.0,0.0,0.0,0.0,0.0,0.0,37.0,9,0,0,-5,"ORBIT pos-0.02 orbit L0.20 M0.56 R0.15 tn0.68 yaw+0 pit+0 rc(9, 0, 0, -5)",0.204,0.5649,0.1549,,
1475,174561,1474,,depth/001475.npy,1,117.2,263.4,-1.0,-100.0,-100.0,-100.0,-170.0,70.0,0.0,0.0,0.0,0.0,0.0,37.0,10,0,0,-6,"ORBIT pos-0.01 orbit L0.20 M0.59 R0.16 tn0.68 yaw+0 pit+0 rc(10, 0, 0, -6)",0.204,0.5864,0.1569,,
1476,174679,1475,,depth/001476.npy,1,120.8,254.9,-1.0,-100.0,-100.0,-100.0,-170.0,70.0,0.0,0.0,0.0,0.0,0.0,37.0,10,0,0,-6,"ORBIT pos-0.01 orbit L0.21 M0.59 R0.16 tn0.68 yaw+0 pit+0 rc(10, 0, 0, -6)",0.2079,0.5923,0.1627,,
1477,174792,1476,,depth/001477.npy,1,128.0,267.6,-1.0,-100.0,-100.0,-100.0,-170.0,70.0,0.0,0.0,0.0,0.0,0.0,37.0,9,0,0,-5,"ORBIT pos-0.01 orbit L0.20 M0.60 R0.16 tn0.69 yaw+0 pit+0 rc(9, 0, 0, -5)",0.202,0.604,0.1588,,
1478,174908,1477,,depth/001478.npy,1,122.4,242.9,-1.0,-100.0,-100.0,-100.0,-170.0,70.0,0.0,0.0,0.0,0.0,0.0,37.0,9,0,0,-5,"ORBIT pos-0.02 orbit L0.20 M0.58 R0.16 tn0.69 yaw+0 pit+0 rc(9, 0, 0, -5)",0.204,0.5806,0.1588,,
1479,175023,1478,,depth/001479.npy,1,119.7,266.0,-1.0,-100.0,-100.0,-100.0,-169.0,70.0,0.0,0.0,0.0,0.0,0.0,36.0,9,0,0,-5,"ORBIT pos-0.02 orbit L0.20 M0.56 R0.16 tn0.69 yaw+0 pit+0 rc(9, 0, 0, -5)",0.204,0.5649,0.1588,,
1480,175140,1479,,depth/001480.npy,1,121.1,213.5,-1.0,-100.0,-100.0,-100.0,-168.0,70.0,0.0,0.0,0.0,0.0,0.0,36.0,9,0,0,-5,"ORBIT pos-0.03 orbit L0.21 M0.58 R0.15 tn0.70 yaw+0 pit+0 rc(9, 0, 0, -5)",0.2118,0.5786,0.1549,,
1481,175266,1480,,depth/001481.npy,1,121.2,233.9,-1.0,-100.0,-100.0,-100.0,-167.0,70.0,0.0,0.0,0.0,0.0,0.0,36.0,9,0,0,-5,"ORBIT pos-0.04 orbit L0.21 M0.58 R0.15 tn0.71 yaw+0 pit+0 rc(9, 0, 0, -5)",0.2079,0.5845,0.151,,
1482,175390,1481,,depth/001482.npy,1,123.4,230.5,-1.0,-100.0,-100.0,-100.0,-167.0,70.0,0.0,0.0,0.0,0.0,0.0,36.0,8,0,0,-5,"ORBIT pos-0.04 orbit L0.21 M0.58 R0.15 tn0.71 yaw+0 pit+0 rc(8, 0, 0, -5)",0.2118,0.5806,0.149,,
1483,175506,1482,,depth/001483.npy,1,119.3,204.3,-1.0,-100.0,-100.0,-100.0,-166.0,70.0,0.0,0.0,0.0,0.0,0.0,36.0,8,0,0,-10,"ORBIT pos-0.06 orbit L0.23 M0.57 R0.15 tn0.72 yaw-5 pit+0 rc(8, 0, 0, -10)",0.2313,0.5688,0.149,,
1484,175631,1483,,depth/001484.npy,1,123.3,235.7,-1.0,-100.0,-100.0,-100.0,-165.0,70.0,0.0,0.0,0.0,0.0,0.0,36.0,7,0,0,-10,"ORBIT pos-0.07 orbit L0.25 M0.54 R0.15 tn0.72 yaw-6 pit+0 rc(7, 0, 0, -10)",0.2549,0.541,0.149,,
1485,175756,1484,,depth/001485.npy,1,121.2,226.9,-1.0,-100.0,-100.0,-100.0,-165.0,70.0,0.0,0.0,0.0,0.0,0.0,36.0,6,0,0,-13,"ORBIT pos-0.11 orbit L0.29 M0.52 R0.15 tn0.73 yaw-9 pit+0 rc(6, 0, 0, -13)",0.2864,0.5176,0.153,,
1486,175880,1485,,depth/001486.npy,1,118.6,290.4,-1.0,-100.0,-100.0,-100.0,-165.0,70.0,0.0,0.0,0.0,0.0,0.0,36.0,5,0,0,-13,"ORBIT pos-0.13 orbit L0.30 M0.50 R0.15 tn0.73 yaw-10 pit+0 rc(5, 0, 0, -13)",0.302,0.498,0.149,,
1487,175997,1486,,depth/001487.npy,1,119.2,271.1,-1.0,-100.0,-100.0,-100.0,-165.0,70.0,0.0,0.0,0.0,0.0,0.0,36.0,3,0,0,-15,"ORBIT pos-0.17 orbit L0.33 M0.47 R0.16 tn0.73 yaw-13 pit+0 rc(3, 0, 0, -15)",0.3333,0.4746,0.1569,,
1488,176122,1487,,depth/001488.npy,1,125.8,228.2,-1.0,-100.0,-100.0,-100.0,-166.0,70.0,0.0,0.0,0.0,0.0,0.0,36.0,3,0,0,-17,"ORBIT pos-0.19 orbit L0.35 M0.46 R0.16 tn0.73 yaw-15 pit+0 rc(3, 0, 0, -17)",0.3452,0.4587,0.1569,,
1489,176246,1488,,depth/001489.npy,1,119.4,219.2,-1.0,-100.0,-100.0,-100.0,-168.0,70.0,0.0,0.0,0.0,0.0,0.0,36.0,1,0,0,-18,"ORBIT pos-0.22 orbit L0.35 M0.45 R0.16 tn0.73 yaw-17 pit+0 rc(1, 0, 0, -18)",0.353,0.4509,0.1569,,
1490,176371,1489,,depth/001490.npy,1,120.2,278.9,-1.0,-100.0,-100.0,-100.0,-170.0,70.0,0.0,0.0,0.0,0.0,0.0,36.0,1,0,0,-19,"ORBIT pos-0.23 orbit L0.35 M0.44 R0.15 tn0.73 yaw-18 pit+0 rc(1, 0, 0, -19)",0.353,0.4431,0.153,,
1491,176488,1490,,depth/001491.npy,1,119.6,259.2,-1.0,-100.0,-100.0,-100.0,-171.0,70.0,0.0,0.0,0.0,0.0,0.0,36.0,0,0,0,-19,"ORBIT pos-0.24 orbit L0.31 M0.46 R0.15 tn0.73 yaw-19 pit+0 rc(0, 0, 0, -19)",0.3137,0.4646,0.151,,
1492,176604,1491,,depth/001492.npy,1,125.6,240.1,-1.0,-100.0,-100.0,-100.0,-172.0,70.0,0.0,0.0,0.0,0.0,0.0,36.0,1,0,0,-19,"ORBIT pos-0.23 orbit L0.28 M0.51 R0.14 tn0.73 yaw-18 pit+0 rc(1, 0, 0, -19)",0.2783,0.5078,0.1431,,
1493,176729,1492,,depth/001493.npy,1,122.1,235.7,-1.0,-100.0,-100.0,-100.0,-173.0,70.0,0.0,0.0,0.0,0.0,0.0,36.0,2,0,0,-18,"ORBIT pos-0.21 orbit L0.23 M0.53 R0.14 tn0.72 yaw-17 pit+0 rc(2, 0, 0, -18)",0.2313,0.5254,0.1392,,
1494,176855,1493,,depth/001494.npy,1,118.7,267.0,-1.0,-100.0,-100.0,-100.0,-174.0,70.0,0.0,0.0,0.0,0.0,0.0,36.0,3,0,0,-15,"ORBIT pos-0.17 orbit L0.20 M0.55 R0.13 tn0.72 yaw-13 pit+0 rc(3, 0, 0, -15)",0.204,0.5488,0.1313,,
1495,176972,1494,,depth/001495.npy,1,123.9,278.6,-1.0,-100.0,-100.0,-100.0,-176.0,70.0,0.0,0.0,0.0,0.0,0.0,36.0,4,0,0,-14,"ORBIT pos-0.15 orbit L0.18 M0.58 R0.13 tn0.72 yaw-12 pit+0 rc(4, 0, 0, -14)",0.1765,0.5767,0.1274,,
1496,177097,1495,,depth/001496.npy,1,121.8,230.0,-1.0,-100.0,-100.0,-100.0,-177.0,70.0,0.0,0.0,0.0,0.0,0.0,36.0,6,0,0,-12,"ORBIT pos-0.10 orbit L0.17 M0.60 R0.11 tn0.71 yaw-8 pit+0 rc(6, 0, 0, -12)",0.1726,0.6001,0.1137,,
1497,177220,1496,,depth/001497.npy,1,121.9,296.3,-1.0,-100.0,-100.0,-100.0,-178.0,70.0,0.0,0.0,0.0,0.0,0.0,36.0,7,0,0,-10,"ORBIT pos-0.07 orbit L0.14 M0.62 R0.12 tn0.70 yaw-6 pit+0 rc(7, 0, 0, -10)",0.1412,0.6157,0.1216,,
1498,177346,1497,,depth/001498.npy,1,127.9,286.8,-1.0,-100.0,-100.0,-100.0,-179.0,70.0,0.0,0.0,0.0,0.0,0.0,36.0,9,0,0,-5,"ORBIT pos-0.02 orbit L0.13 M0.60 R0.13 tn0.69 yaw+0 pit+0 rc(9, 0, 0, -5)",0.1333,0.5962,0.1333,,
1499,177464,1498,,depth/001499.npy,1,122.5,238.3,-1.0,-100.0,-100.0,-100.0,179.0,70.0,0.0,0.0,0.0,0.0,0.0,36.0,10,0,0,-6,"ORBIT pos+0.01 orbit L0.12 M0.51 R0.17 tn0.68 yaw+0 pit+0 rc(10, 0, 0, -6)",0.1216,0.5098,0.1726,,
1500,177581,1499,,depth/001500.npy,1,132.8,219.3,-1.0,-100.0,-100.0,-100.0,179.0,70.0,0.0,0.0,0.0,0.0,1.0,36.0,7,0,0,2,"ORBIT pos+0.07 orbit L0.11 M0.48 R0.21 tn0.69 yaw+6 pit+0 rc(7, 0, 0, 2)",0.1098,0.4785,0.2079,,
1501,177707,1500,,depth/001501.npy,1,150.9,213.7,-1.0,-100.0,-100.0,-100.0,178.0,70.0,0.0,0.0,0.0,0.0,1.0,36.0,5,0,0,6,"ORBIT pos+0.12 orbit L0.11 M0.47 R0.22 tn0.70 yaw+9 pit+0 rc(5, 0, 0, 6)",0.1059,0.4666,0.2196,,
1502,177831,1501,,depth/001502.npy,1,112.6,174.5,-1.0,-100.0,-100.0,-100.0,178.0,70.0,0.0,0.0,0.0,0.0,0.0,36.0,5,0,0,8,"ORBIT pos+0.14 orbit L0.11 M0.47 R0.22 tn0.70 yaw+11 pit+0 rc(5, 0, 0, 8)",0.1059,0.4431,0.2471,,
1503,177948,1502,,depth/001503.npy,1,120.4,220.9,-1.0,-100.0,-100.0,-100.0,178.0,70.0,0.0,0.0,0.0,0.0,0.0,36.0,3,0,0,12,"ORBIT pos+0.17 orbit L0.11 M0.42 R0.24 tn0.70 yaw+14 pit+0 rc(3, 0, 0, 12)",0.1059,0.4197,0.2432,,
1504,178073,1503,,depth/001504.npy,1,127.8,215.8,-1.0,-100.0,-100.0,-100.0,179.0,70.0,0.0,0.0,0.0,0.0,0.0,36.0,3,0,0,13,"ORBIT pos+0.18 orbit L0.11 M0.42 R0.24 tn0.70 yaw+15 pit+0 rc(3, 0, 0, 13)",0.1098,0.4197,0.2393,,
1505,178197,1504,,depth/001505.npy,1,119.2,277.9,-1.0,-100.0,-100.0,-100.0,179.0,70.0,0.0,0.0,0.0,0.0,0.0,36.0,2,0,0,15,"ORBIT pos+0.20 orbit L0.11 M0.42 R0.25 tn0.70 yaw+16 pit+0 rc(2, 0, 0, 15)",0.1098,0.4236,0.2471,,
1506,178315,1505,,depth/001506.npy,1,121.0,224.2,-1.0,-100.0,-100.0,-100.0,-179.0,70.0,0.0,0.0,0.0,0.0,0.0,36.0,2,0,0,16,"ORBIT pos+0.21 orbit L0.11 M0.42 R0.25 tn0.70 yaw+17 pit+0 rc(2, 0, 0, 16)",0.1098,0.4275,0.2471,,
1507,178430,1506,,depth/001507.npy,1,126.4,205.1,-1.0,-100.0,-100.0,-100.0,-178.0,70.0,0.0,0.0,0.0,0.0,0.0,36.0,1,0,0,16,"ORBIT pos+0.21 orbit L0.11 M0.43 R0.24 tn0.71 yaw+17 pit+0 rc(1, 0, 0, 16)",0.1098,0.4314,0.2432,,
1508,178554,1507,,depth/001508.npy,1,121.6,192.5,-1.0,-100.0,-100.0,-100.0,-177.0,70.0,0.0,0.0,0.0,0.0,0.0,36.0,1,0,0,16,"ORBIT pos+0.21 orbit L0.11 M0.43 R0.24 tn0.71 yaw+17 pit+0 rc(1, 0, 0, 16)",0.1059,0.4941,0.2079,,
1509,178670,1508,,depth/001509.npy,1,120.9,280.1,-1.0,-100.0,-100.0,-100.0,-176.0,70.0,0.0,0.0,0.0,0.0,0.0,36.0,2,0,0,15,"ORBIT pos+0.20 orbit L0.11 M0.50 R0.20 tn0.72 yaw+16 pit+0 rc(2, 0, 0, 15)",0.1059,0.498,0.204,,
1510,178795,1509,,depth/001510.npy,1,120.3,199.0,-1.0,-100.0,-100.0,-100.0,-175.0,70.0,0.0,0.0,0.0,0.0,0.0,36.0,2,0,0,14,"ORBIT pos+0.19 orbit L0.11 M0.50 R0.20 tn0.72 yaw+15 pit+0 rc(2, 0, 0, 14)",0.1333,0.5488,0.1686,,
1511,178909,1510,,depth/001511.npy,1,126.0,182.0,-1.0,-100.0,-100.0,-100.0,-174.0,70.0,0.0,0.0,0.0,0.0,0.0,36.0,4,0,0,10,"ORBIT pos+0.16 orbit L0.13 M0.55 R0.17 tn0.72 yaw+12 pit+0 rc(4, 0, 0, 10)",0.1412,0.604,0.1412,,
1512,179034,1511,,depth/001512.npy,1,119.5,175.4,-1.0,-100.0,-100.0,-100.0,-174.0,70.0,0.0,0.0,0.0,0.0,0.0,35.0,5,0,0,8,"ORBIT pos+0.14 orbit L0.14 M0.60 R0.14 tn0.72 yaw+11 pit+0 rc(5, 0, 0, 8)",0.149,0.606,0.1255,,
1513,179151,1512,,depth/001513.npy,1,117.7,222.3,-1.0,-100.0,-100.0,-100.0,-174.0,70.0,0.0,0.0,0.0,0.0,0.0,35.0,6,0,0,3,"ORBIT pos+0.09 orbit L0.15 M0.60 R0.13 tn0.71 yaw+7 pit+0 rc(6, 0, 0, 3)",0.153,0.6001,0.1255,,
1514,179275,1513,,depth/001514.npy,1,125.8,182.0,-1.0,-100.0,-100.0,-100.0,-173.0,70.0,0.0,0.0,0.0,0.0,0.0,35.0,7,0,0,2,"ORBIT pos+0.08 orbit L0.15 M0.60 R0.13 tn0.71 yaw+6 pit+0 rc(7, 0, 0, 2)",0.1569,0.6118,0.1216,,
1515,179401,1514,,depth/001515.npy,1,126.7,177.9,-1.0,-100.0,-100.0,-100.0,-173.0,70.0,0.0,0.0,0.0,0.0,0.0,35.0,8,0,0,-5,"ORBIT pos+0.04 orbit L0.16 M0.60 R0.12 tn0.71 yaw+0 pit+0 rc(8, 0, 0, -5)",0.1647,0.604,0.1196,,
1516,179525,1515,,depth/001516.npy,1,118.9,226.8,-1.0,-100.0,-100.0,-100.0,-173.0,70.0,0.0,0.0,0.0,0.0,0.0,35.0,9,0,0,-5,"ORBIT pos+0.03 orbit L0.16 M0.60 R0.12 tn0.71 yaw+0 pit+0 rc(9, 0, 0, -5)",0.1608,0.5981,0.1157,,
1517,179643,1516,,depth/001517.npy,1,120.0,222.3,-1.0,-100.0,-100.0,-100.0,-173.0,70.0,0.0,0.0,0.0,0.0,0.0,35.0,10,0,0,-6,"ORBIT pos+0.01 orbit L0.16 M0.61 R0.12 tn0.72 yaw+0 pit+0 rc(10, 0, 0, -6)",0.1608,0.6079,0.1176,,
1518,179767,1517,,depth/001518.npy,1,123.2,173.1,-1.0,-100.0,-100.0,-100.0,-174.0,70.0,0.0,0.0,0.0,0.0,0.0,35.0,10,0,0,-6,"ORBIT pos+0.00 orbit L0.16 M0.61 R0.12 tn0.73 yaw+0 pit+0 rc(10, 0, 0, -6)",0.1686,0.6079,0.1157,,
1519,179891,1518,,depth/001519.npy,1,117.0,197.4,-1.0,-100.0,-100.0,-100.0,-174.0,70.0,0.0,0.0,0.0,0.0,0.0,35.0,10,0,0,-6,"ORBIT pos-0.01 orbit L0.17 M0.60 R0.12 tn0.73 yaw+0 pit+0 rc(10, 0, 0, -6)",0.1686,0.6001,0.1196,,
1520,180015,1519,,depth/001520.npy,1,125.5,191.2,-1.0,-100.0,-100.0,-100.0,-174.0,70.0,0.0,0.0,0.0,0.0,0.0,35.0,10,0,0,-6,"ORBIT pos-0.01 orbit L0.17 M0.60 R0.12 tn0.73 yaw+0 pit+0 rc(10, 0, 0, -6)",0.1647,0.5923,0.1196,,
1521,180133,1520,,depth/001521.npy,1,124.5,209.7,-1.0,-100.0,-100.0,-100.0,-175.0,70.0,0.0,0.0,0.0,0.0,0.0,35.0,9,0,0,-5,"ORBIT pos-0.02 orbit L0.17 M0.58 R0.12 tn0.73 yaw+0 pit+0 rc(9, 0, 0, -5)",0.1726,0.5767,0.1196,,
1522,180257,1521,,depth/001522.npy,1,118.2,198.5,-1.0,-100.0,-100.0,-100.0,-175.0,70.0,0.0,0.0,0.0,0.0,0.0,35.0,9,0,0,-5,"ORBIT pos-0.02 orbit L0.17 M0.58 R0.12 tn0.73 yaw+0 pit+0 rc(9, 0, 0, -5)",0.1804,0.5845,0.1216,,
1523,180373,1522,,depth/001523.npy,1,124.4,168.1,-1.0,-100.0,-100.0,-100.0,-175.0,70.0,0.0,0.0,0.0,0.0,0.0,35.0,9,0,0,-5,"ORBIT pos-0.04 orbit L0.18 M0.59 R0.12 tn0.73 yaw+0 pit+0 rc(9, 0, 0, -5)",0.1804,0.5884,0.1216,,
1524,180489,1523,,depth/001524.npy,1,119.7,167.9,-1.0,-100.0,-100.0,-100.0,-176.0,70.0,0.0,0.0,0.0,0.0,0.0,35.0,8,0,0,-5,"ORBIT pos-0.04 orbit L0.18 M0.59 R0.12 tn0.73 yaw+0 pit+0 rc(8, 0, 0, -5)",0.1882,0.5806,0.1235,,
1525,180604,1524,,depth/001525.npy,1,127.2,176.1,-1.0,-100.0,-100.0,-100.0,-177.0,70.0,0.0,0.0,0.0,0.0,0.0,35.0,8,0,0,-9,"ORBIT pos-0.05 orbit L0.19 M0.58 R0.12 tn0.73 yaw-4 pit+0 rc(8, 0, 0, -9)",0.1804,0.5728,0.1157,,
1526,180729,1525,,depth/001526.npy,1,123.3,199.2,-1.0,-100.0,-100.0,-100.0,-177.0,70.0,0.0,0.0,0.0,0.0,0.0,35.0,8,0,0,-10,"ORBIT pos-0.06 orbit L0.18 M0.57 R0.12 tn0.73 yaw-5 pit+0 rc(8, 0, 0, -10)",0.1804,0.5767,0.1157,,
1527,180854,1526,,depth/001527.npy,1,118.3,195.3,-1.0,-100.0,-100.0,-100.0,-178.0,70.0,0.0,0.0,0.0,0.0,0.0,35.0,7,0,0,-9,"ORBIT pos-0.06 orbit L0.18 M0.58 R0.12 tn0.73 yaw-5 pit+0 rc(7, 0, 0, -9)",0.1706,0.5806,0.1098,,
1528,180971,1527,,depth/001528.npy,1,123.6,205.5,-1.0,-100.0,-100.0,-100.0,-178.0,70.0,0.0,0.0,0.0,0.0,0.0,35.0,7,0,0,-9,"ORBIT pos-0.06 orbit L0.17 M0.58 R0.11 tn0.74 yaw-5 pit+0 rc(7, 0, 0, -9)",0.1608,0.5923,0.102,,
1529,181086,1528,,depth/001529.npy,1,123.7,192.5,-1.0,-100.0,-100.0,-100.0,-178.0,70.0,0.0,0.0,0.0,0.0,0.0,35.0,8,0,0,-10,"ORBIT pos-0.06 orbit L0.16 M0.59 R0.10 tn0.74 yaw-5 pit+0 rc(8, 0, 0, -10)",0.149,0.5923,0.0981,,
1530,181199,1529,,depth/001529.npy,1,123.7,305.7,-1.0,-100.0,-100.0,-100.0,-179.0,70.0,0.0,0.0,0.0,0.0,0.0,35.0,8,0,0,-9,"ORBIT pos-0.05 orbit L0.15 M0.59 R0.10 tn0.73 yaw-4 pit+0 rc(8, 0, 0, -9)",0.149,0.5923,0.0981,,
1531,181323,1530,,depth/001531.npy,1,128.0,302.6,-1.0,-100.0,-100.0,-100.0,-179.0,70.0,0.0,0.0,0.0,0.0,0.0,35.0,8,0,0,-5,"ORBIT pos-0.05 orbit L0.13 M0.58 R0.09 tn0.73 yaw+0 pit+0 rc(8, 0, 0, -5)",0.1294,0.5806,0.0883,,
1532,181442,1531,,depth/001532.npy,1,114.5,248.8,-1.0,-100.0,-100.0,-100.0,-179.0,70.0,0.0,0.0,0.0,0.0,0.0,35.0,9,0,0,-5,"ORBIT pos-0.04 orbit L0.13 M0.55 R0.08 tn0.72 yaw+0 pit+0 rc(9, 0, 0, -5)",0.1333,0.5527,0.0824,,
1533,181567,1532,,depth/001533.npy,1,125.1,273.6,-1.0,-100.0,-100.0,-100.0,-179.0,70.0,0.0,0.0,0.0,0.0,0.0,35.0,9,0,0,-5,"ORBIT pos-0.04 orbit L0.13 M0.58 R0.08 tn0.72 yaw+0 pit+0 rc(9, 0, 0, -5)",0.1333,0.5767,0.0824,,
1534,181691,1533,,depth/001534.npy,1,121.8,265.5,-1.0,-100.0,-100.0,-100.0,-179.0,70.0,0.0,0.0,0.0,0.0,0.0,35.0,9,0,0,-5,"ORBIT pos-0.04 orbit L0.13 M0.58 R0.08 tn0.72 yaw+0 pit+0 rc(9, 0, 0, -5)",0.1255,0.5845,0.0765,,
1535,181809,1534,,depth/001535.npy,1,122.1,254.9,-1.0,-100.0,-100.0,-100.0,-179.0,70.0,0.0,0.0,0.0,0.0,0.0,35.0,8,0,0,-5,"ORBIT pos-0.04 orbit L0.13 M0.57 R0.07 tn0.71 yaw+0 pit+0 rc(8, 0, 0, -5)",0.1255,0.5669,0.0745,,
1536,181926,1535,,depth/001536.npy,1,127.1,301.9,-1.0,-100.0,-100.0,-100.0,-179.0,70.0,0.0,0.0,0.0,0.0,0.0,35.0,8,0,0,-5,"ORBIT pos-0.04 orbit L0.13 M0.57 R0.07 tn0.71 yaw+0 pit+0 rc(8, 0, 0, -5)",0.1333,0.5688,0.0686,,
1537,182042,1536,,depth/001537.npy,1,151.9,250.4,-1.0,-100.0,-100.0,-100.0,-179.0,70.0,0.0,0.0,0.0,0.0,0.0,35.0,8,0,0,-5,"ORBIT pos-0.05 orbit L0.14 M0.54 R0.07 tn0.70 yaw+0 pit+0 rc(8, 0, 0, -5)",0.1372,0.541,0.0686,,
1538,182166,1537,,depth/001538.npy,1,121.5,241.1,-1.0,-100.0,-100.0,-100.0,-178.0,70.0,0.0,0.0,0.0,0.0,0.0,35.0,8,0,0,-9,"ORBIT pos-0.06 orbit L0.14 M0.53 R0.07 tn0.70 yaw-4 pit+0 rc(8, 0, 0, -9)",0.1412,0.5332,0.0706,,
1539,182282,1538,,depth/001539.npy,1,119.6,217.4,-1.0,-100.0,-100.0,-100.0,-179.0,70.0,0.0,0.0,0.0,0.0,0.0,35.0,7,0,0,-10,"ORBIT pos-0.07 orbit L0.15 M0.51 R0.07 tn0.68 yaw-6 pit+0 rc(7, 0, 0, -10)",0.1451,0.5098,0.0667,,
1540,182408,1539,,depth/001540.npy,1,125.5,282.8,-1.0,-100.0,-100.0,-100.0,-179.0,70.0,0.0,0.0,0.0,0.0,0.0,35.0,7,0,0,-11,"ORBIT pos-0.08 orbit L0.15 M0.50 R0.07 tn0.68 yaw-7 pit+0 rc(7, 0, 0, -11)",0.149,0.502,0.0706,,
1541,182531,1540,,depth/001541.npy,1,120.9,239.9,-1.0,-100.0,-100.0,-100.0,-179.0,70.0,0.0,0.0,0.0,0.0,0.0,35.0,6,0,0,-11,"ORBIT pos-0.09 orbit L0.17 M0.48 R0.07 tn0.68 yaw-7 pit+0 rc(6, 0, 0, -11)",0.1726,0.4785,0.0725,,
1542,182643,1541,,depth/001542.npy,1,135.9,226.5,-1.0,-100.0,-100.0,-100.0,-179.0,70.0,0.0,0.0,0.0,0.0,0.0,35.0,6,0,0,-13,"ORBIT pos-0.11 orbit L0.19 M0.49 R0.08 tn0.69 yaw-9 pit+0 rc(6, 0, 0, -13)",0.1882,0.4941,0.0765,,
1543,182767,1542,,depth/001543.npy,1,140.6,235.7,-1.0,-100.0,-100.0,-100.0,179.0,70.0,0.0,0.0,0.0,0.0,0.0,35.0,5,0,0,-13,"ORBIT pos-0.12 orbit L0.19 M0.49 R0.08 tn0.69 yaw-10 pit+0 rc(5, 0, 0, -13)",0.2079,0.4863,0.0784,,
1544,182882,1543,,depth/001544.npy,1,115.2,189.0,-1.0,-100.0,-100.0,-100.0,178.0,70.0,0.0,0.0,0.0,0.0,0.0,35.0,5,0,0,-14,"ORBIT pos-0.13 orbit L0.18 M0.48 R0.08 tn0.69 yaw-11 pit+0 rc(5, 0, 0, -14)",0.1765,0.4785,0.0824,,
1545,183006,1544,,depth/001545.npy,1,124.1,212.2,-1.0,-100.0,-100.0,-100.0,177.0,70.0,0.0,0.0,0.0,0.0,0.0,35.0,5,0,0,-14,"ORBIT pos-0.13 orbit L0.18 M0.48 R0.08 tn0.70 yaw-11 pit+0 rc(5, 0, 0, -14)",0.1921,0.4785,0.0922,,
1546,183130,1545,,depth/001546.npy,1,120.4,207.1,-1.0,-100.0,-100.0,-100.0,176.0,70.0,0.0,0.0,0.0,0.0,0.0,35.0,4,0,0,-13,"ORBIT pos-0.14 orbit L0.18 M0.48 R0.09 tn0.70 yaw-11 pit+0 rc(4, 0, 0, -13)",0.1843,0.4824,0.0922,,
1547,183246,1546,,depth/001547.npy,1,129.0,187.1,-1.0,-100.0,-100.0,-100.0,175.0,70.0,0.0,0.0,0.0,0.0,0.0,35.0,4,0,0,-13,"ORBIT pos-0.14 orbit L0.18 M0.48 R0.09 tn0.70 yaw-11 pit+0 rc(4, 0, 0, -13)",0.1647,0.5,0.0843,,
1548,183362,1547,,depth/001548.npy,1,115.5,166.1,-1.0,-100.0,-100.0,-100.0,175.0,70.0,0.0,0.0,0.0,0.0,0.0,35.0,5,0,0,-14,"ORBIT pos-0.13 orbit L0.16 M0.50 R0.08 tn0.71 yaw-11 pit+0 rc(5, 0, 0, -14)",0.1647,0.5156,0.0863,,
1549,183488,1548,,depth/001549.npy,1,130.6,192.6,-1.0,-100.0,-100.0,-100.0,174.0,70.0,0.0,0.0,0.0,0.0,0.0,35.0,5,0,0,-12,"ORBIT pos-0.12 orbit L0.14 M0.52 R0.08 tn0.72 yaw-9 pit+0 rc(5, 0, 0, -12)",0.1372,0.5215,0.0785,,
1550,183604,1549,,depth/001550.npy,1,120.9,184.4,-1.0,-100.0,-100.0,-100.0,174.0,70.0,0.0,0.0,0.0,0.0,0.0,35.0,6,0,0,-13,"ORBIT pos-0.11 orbit L0.14 M0.52 R0.08 tn0.72 yaw-9 pit+0 rc(6, 0, 0, -13)",0.1412,0.5352,0.0726,,
1551,183722,1550,,depth/001551.npy,1,126.0,194.6,-1.0,-100.0,-100.0,-100.0,174.0,70.0,0.0,0.0,0.0,0.0,0.0,35.0,6,0,0,-11,"ORBIT pos-0.09 orbit L0.14 M0.54 R0.07 tn0.72 yaw-7 pit+0 rc(6, 0, 0, -11)",0.1333,0.5195,0.0725,,
1552,183837,1551,,depth/001551.npy,1,126.0,309.3,-1.0,-100.0,-100.0,-100.0,174.0,70.0,0.0,0.0,0.0,0.0,0.0,35.0,7,0,0,-11,"ORBIT pos-0.08 orbit L0.13 M0.52 R0.07 tn0.73 yaw-7 pit+0 rc(7, 0, 0, -11)",0.1333,0.5195,0.0725,,
1553,183952,1552,,depth/001553.npy,1,124.4,289.3,-1.0,-100.0,-100.0,-100.0,173.0,70.0,0.0,0.0,0.0,0.0,0.0,35.0,7,0,0,-10,"ORBIT pos-0.07 orbit L0.12 M0.52 R0.07 tn0.71 yaw-6 pit+0 rc(7, 0, 0, -10)",0.1157,0.5195,0.0667,,
1554,184076,1553,,depth/001554.npy,1,121.6,279.7,-1.0,-100.0,-100.0,-100.0,173.0,70.0,0.0,0.0,0.0,0.0,0.0,35.0,7,0,0,-10,"ORBIT pos-0.07 orbit L0.11 M0.50 R0.06 tn0.70 yaw-6 pit+0 rc(7, 0, 0, -10)",0.1098,0.498,0.0588,,
1555,184195,1554,,depth/001555.npy,1,119.0,258.2,-1.0,-100.0,-100.0,-100.0,173.0,70.0,0.0,0.0,0.0,0.0,0.0,35.0,7,0,0,-9,"ORBIT pos-0.06 orbit L0.11 M0.52 R0.06 tn0.69 yaw-5 pit+0 rc(7, 0, 0, -9)",0.1059,0.5156,0.0588,,
1556,184321,1555,,depth/001556.npy,1,123.5,334.2,-1.0,-100.0,-100.0,-100.0,172.0,70.0,0.0,0.0,0.0,0.0,0.0,35.0,8,0,0,-10,"ORBIT pos-0.06 orbit L0.11 M0.52 R0.05 tn0.68 yaw-5 pit+0 rc(8, 0, 0, -10)",0.1059,0.5176,0.0549,,
1557,184446,1556,,depth/001557.npy,1,122.1,280.2,-1.0,-100.0,-100.0,-100.0,172.0,70.0,0.0,0.0,0.0,0.0,0.0,35.0,8,0,0,-9,"ORBIT pos-0.06 orbit L0.09 M0.52 R0.05 tn0.67 yaw-4 pit+0 rc(8, 0, 0, -9)",0.0902,0.5215,0.051,,
1558,184563,1557,,depth/001558.npy,1,120.9,252.6,-1.0,-100.0,-100.0,-100.0,172.0,70.0,0.0,0.0,0.0,0.0,0.0,35.0,8,0,0,-5,"ORBIT pos-0.05 orbit L0.08 M0.51 R0.05 tn0.67 yaw+0 pit+0 rc(8, 0, 0, -5)",0.0804,0.5137,0.0471,,
1559,184678,1558,,depth/001559.npy,1,123.0,248.9,-1.0,-100.0,-100.0,-100.0,171.0,70.0,0.0,0.0,0.0,0.0,0.0,35.0,8,0,0,-5,"ORBIT pos-0.04 orbit L0.08 M0.51 R0.05 tn0.66 yaw+0 pit+0 rc(8, 0, 0, -5)",0.0784,0.5098,0.049,,
1560,184793,1559,,depth/001560.npy,1,117.7,268.6,-1.0,-100.0,-100.0,-100.0,171.0,70.0,0.0,0.0,0.0,0.0,0.0,35.0,9,0,0,-5,"ORBIT pos-0.03 orbit L0.07 M0.50 R0.04 tn0.64 yaw+0 pit+0 rc(9, 0, 0, -5)",0.0706,0.498,0.0432,,
1561,184919,1560,,depth/001561.npy,1,124.5,293.3,-1.0,-100.0,-100.0,-100.0,171.0,70.0,0.0,0.0,0.0,0.0,0.0,35.0,9,5,0,-5,"ORBIT pos-0.03 orbit L0.07 M0.53 R0.05 tn0.64 yaw+0 pit+5 rc(9, 5, 0, -5)",0.0706,0.5254,0.0451,,
1562,185033,1561,,depth/001562.npy,1,120.3,275.8,-1.0,-100.0,-100.0,-100.0,170.0,70.0,0.0,0.0,0.0,0.0,0.0,34.0,9,0,0,-5,"ORBIT pos-0.02 orbit L0.07 M0.56 R0.05 tn0.65 yaw+0 pit+0 rc(9, 0, 0, -5)",0.0745,0.5605,0.049,,
1563,185147,1562,,depth/001563.npy,1,124.9,254.8,-1.0,-100.0,-100.0,-100.0,169.0,70.0,0.0,0.0,0.0,0.0,0.0,34.0,10,0,0,-6,"ORBIT pos-0.01 orbit L0.06 M0.56 R0.06 tn0.66 yaw+0 pit+0 rc(10, 0, 0, -6)",0.0588,0.5605,0.0627,,
1564,185264,1563,,depth/001564.npy,1,118.2,239.7,-1.0,-100.0,-100.0,-100.0,169.0,70.0,0.0,0.0,0.0,0.0,0.0,34.0,10,0,0,-6,"ORBIT pos-0.01 orbit L0.05 M0.55 R0.06 tn0.66 yaw+0 pit+0 rc(10, 0, 0, -6)",0.0549,0.5508,0.0608,,
1565,185380,1564,,depth/001565.npy,1,122.4,255.9,-1.0,-100.0,-100.0,-100.0,169.0,70.0,0.0,0.0,0.0,0.0,0.0,34.0,10,0,0,-6,"ORBIT pos+0.01 orbit L0.06 M0.53 R0.07 tn0.67 yaw+0 pit+0 rc(10, 0, 0, -6)",0.0588,0.5273,0.0745,,
1566,185504,1565,,depth/001566.npy,1,125.2,242.6,-1.0,-100.0,-100.0,-100.0,169.0,70.0,0.0,0.0,0.0,0.0,0.0,34.0,10,0,0,-6,"ORBIT pos+0.01 orbit L0.06 M0.52 R0.08 tn0.67 yaw+0 pit+0 rc(10, 0, 0, -6)",0.0588,0.5215,0.0784,,
1567,185628,1566,,depth/001567.npy,1,119.8,296.5,-1.0,-100.0,-100.0,-100.0,169.0,70.0,0.0,0.0,0.0,0.0,0.0,34.0,9,0,0,-5,"ORBIT pos+0.02 orbit L0.06 M0.52 R0.08 tn0.66 yaw+0 pit+0 rc(9, 0, 0, -5)",0.0588,0.5156,0.0784,,
1568,185744,1567,,depth/001568.npy,1,109.3,163.5,-1.0,-100.0,-100.0,-100.0,168.0,70.0,0.0,0.0,0.0,0.0,0.0,34.0,9,0,0,-5,"ORBIT pos+0.02 orbit L0.06 M0.52 R0.08 tn0.65 yaw+0 pit+0 rc(9, 0, 0, -5)",0.0549,0.4941,0.0745,,
1569,185869,1568,,depth/001569.npy,1,118.4,177.4,-1.0,-100.0,-100.0,-100.0,168.0,70.0,0.0,0.0,0.0,1.0,0.0,34.0,9,0,0,-5,"ORBIT pos+0.02 orbit L0.04 M0.50 R0.06 tn0.64 yaw+0 pit+0 rc(9, 0, 0, -5)",0.0432,0.5039,0.0627,,
1570,185993,1569,,depth/001570.npy,1,120.6,233.9,-1.0,-100.0,-100.0,-100.0,168.0,70.0,0.0,0.0,0.0,0.0,0.0,34.0,9,5,0,-5,"ORBIT pos+0.03 orbit L0.04 M0.50 R0.06 tn0.64 yaw+0 pit+5 rc(9, 5, 0, -5)",0.0392,0.498,0.0588,,
1571,186118,1570,,depth/001571.npy,1,118.9,228.6,-1.0,-100.0,-100.0,-100.0,168.0,70.0,0.0,0.0,0.0,0.0,0.0,34.0,9,5,0,-5,"ORBIT pos+0.03 orbit L0.04 M0.49 R0.05 tn0.63 yaw+0 pit+5 rc(9, 5, 0, -5)",0.0353,0.4922,0.0549,,
1572,186236,1571,,depth/001572.npy,1,120.4,211.1,-1.0,-100.0,-100.0,-100.0,168.0,70.0,0.0,0.0,0.0,0.0,0.0,34.0,9,5,0,-5,"ORBIT pos+0.03 orbit L0.04 M0.49 R0.05 tn0.62 yaw+0 pit+5 rc(9, 5, 0, -5)",0.0353,0.4902,0.0549,,
1573,186350,1572,,depth/001573.npy,1,127.5,224.8,-1.0,-100.0,-100.0,-100.0,167.0,70.0,0.0,0.0,0.0,0.0,0.0,34.0,9,7,0,-5,"ORBIT pos+0.02 orbit L0.04 M0.48 R0.05 tn0.60 yaw+0 pit+7 rc(9, 7, 0, -5)",0.0353,0.4824,0.051,,
1574,186474,1573,,depth/001574.npy,1,120.8,180.4,-1.0,-100.0,-100.0,-100.0,167.0,70.0,0.0,0.0,0.0,0.0,0.0,34.0,9,8,0,-5,"ORBIT pos+0.02 orbit L0.04 M0.48 R0.05 tn0.59 yaw+0 pit+8 rc(9, 8, 0, -5)",0.0392,0.498,0.0588,,
1575,186588,1574,,depth/001575.npy,1,123.8,172.6,-1.0,-100.0,-100.0,-100.0,167.0,70.0,0.0,0.0,0.0,0.0,0.0,34.0,9,7,0,-5,"ORBIT pos+0.02 orbit L0.04 M0.49 R0.06 tn0.60 yaw+0 pit+7 rc(9, 7, 0, -5)",0.0392,0.4863,0.0588,,
1576,186709,1575,,depth/001575.npy,1,123.8,286.4,-1.0,-100.0,-100.0,-100.0,166.0,70.0,0.0,0.0,0.0,0.0,0.0,34.0,9,7,0,-5,"ORBIT pos+0.02 orbit L0.04 M0.49 R0.06 tn0.60 yaw+0 pit+7 rc(9, 7, 0, -5)",0.0392,0.4863,0.0588,,
1577,186835,1576,,depth/001577.npy,1,193.7,307.8,-1.0,-100.0,-100.0,-100.0,166.0,70.0,0.0,0.0,0.0,0.0,0.0,34.0,9,7,0,-5,"ORBIT pos+0.02 orbit L0.04 M0.50 R0.06 tn0.60 yaw+0 pit+7 rc(9, 7, 0, -5)",0.0432,0.5,0.0588,,
1578,186960,1577,,depth/001578.npy,1,114.9,263.5,-1.0,-100.0,-100.0,-100.0,165.0,70.0,0.0,0.0,0.0,0.0,0.0,34.0,9,7,0,-5,"ORBIT pos+0.02 orbit L0.04 M0.48 R0.07 tn0.61 yaw+0 pit+7 rc(9, 7, 0, -5)",0.0432,0.4824,0.0667,,
1579,187084,1578,,depth/001579.npy,1,118.4,294.0,-1.0,-100.0,-100.0,-100.0,165.0,70.0,0.0,0.0,0.0,0.0,0.0,34.0,9,6,0,-5,"ORBIT pos+0.02 orbit L0.05 M0.47 R0.09 tn0.61 yaw+0 pit+6 rc(9, 6, 0, -5)",0.0471,0.4707,0.0863,,
1580,187202,1579,,depth/001580.npy,1,121.0,278.1,-1.0,-100.0,-100.0,-100.0,165.0,70.0,0.0,0.0,0.0,0.0,0.0,34.0,9,6,0,-5,"ORBIT pos+0.03 orbit L0.05 M0.47 R0.09 tn0.61 yaw+0 pit+6 rc(9, 6, 0, -5)",0.051,0.4707,0.0863,,
1581,187316,1580,,depth/001581.npy,1,121.6,255.2,-1.0,-100.0,-100.0,-100.0,165.0,70.0,0.0,0.0,0.0,0.0,0.0,34.0,9,5,0,-5,"ORBIT pos+0.03 orbit L0.06 M0.49 R0.10 tn0.63 yaw+0 pit+5 rc(9, 5, 0, -5)",0.0588,0.4941,0.098,,
1582,187440,1581,,depth/001582.npy,1,127.8,247.2,-1.0,-100.0,-100.0,-100.0,165.0,70.0,0.0,0.0,0.0,0.0,0.0,34.0,9,5,0,-5,"ORBIT pos+0.03 orbit L0.06 M0.50 R0.09 tn0.63 yaw+0 pit+5 rc(9, 5, 0, -5)",0.0627,0.5039,0.0863,,
1583,187566,1582,,depth/001583.npy,1,118.1,279.8,-1.0,-100.0,-100.0,-100.0,165.0,70.0,0.0,0.0,0.0,0.0,0.0,34.0,9,5,0,-5,"ORBIT pos+0.02 orbit L0.07 M0.50 R0.09 tn0.62 yaw+0 pit+5 rc(9, 5, 0, -5)",0.0686,0.5039,0.0863,,
1584,187688,1583,,depth/001584.npy,1,121.7,265.8,-1.0,-100.0,-100.0,-100.0,165.0,70.0,0.0,0.0,0.0,0.0,0.0,34.0,9,6,0,-5,"ORBIT pos+0.02 orbit L0.08 M0.46 R0.08 tn0.61 yaw+0 pit+6 rc(9, 6, 0, -5)",0.0823,0.4626,0.0823,,
1585,187809,1584,,depth/001585.npy,1,147.7,283.5,-1.0,-100.0,-100.0,-100.0,165.0,70.0,0.0,0.0,0.0,0.0,0.0,34.0,10,7,0,-6,"ORBIT pos+0.01 orbit L0.09 M0.49 R0.09 tn0.61 yaw+0 pit+7 rc(10, 7, 0, -6)",0.0902,0.4863,0.0902,,
1586,187933,1585,,depth/001586.npy,1,114.1,238.4,-1.0,-100.0,-100.0,-100.0,166.0,70.0,0.0,0.0,0.0,0.0,0.0,34.0,10,7,0,-6,"ORBIT pos+0.01 orbit L0.09 M0.49 R0.07 tn0.60 yaw+0 pit+7 rc(10, 7, 0, -6)",0.0902,0.4941,0.0726,,
1587,188059,1586,,depth/001587.npy,1,121.5,271.2,-1.0,-100.0,-100.0,-100.0,166.0,70.0,0.0,0.0,0.0,0.0,0.0,34.0,10,8,0,-6,"ORBIT pos-0.00 orbit L0.09 M0.49 R0.07 tn0.59 yaw+0 pit+8 rc(10, 8, 0, -6)",0.0941,0.4941,0.0706,,
1588,188176,1587,,depth/001588.npy,1,127.0,216.8,-1.0,-100.0,-100.0,-100.0,166.0,70.0,0.0,0.0,0.0,0.0,0.0,34.0,10,8,0,-6,"ORBIT pos-0.01 orbit L0.11 M0.49 R0.07 tn0.59 yaw+0 pit+8 rc(10, 8, 0, -6)",0.1137,0.4863,0.0745,,
1589,188291,1588,,depth/001589.npy,1,119.9,231.4,-1.0,-100.0,-100.0,-100.0,166.0,70.0,0.0,0.0,0.0,0.0,0.0,34.0,9,9,0,-5,"ORBIT pos-0.02 orbit L0.12 M0.51 R0.07 tn0.58 yaw+0 pit+9 rc(9, 9, 0, -5)",0.1196,0.5059,0.0745,,
1590,188415,1589,,depth/001590.npy,1,128.0,291.2,-1.0,-100.0,-100.0,-100.0,166.0,70.0,0.0,0.0,0.0,0.0,0.0,34.0,9,8,0,-5,"ORBIT pos-0.03 orbit L0.12 M0.51 R0.07 tn0.59 yaw+0 pit+8 rc(9, 8, 0, -5)",0.1137,0.4707,0.0608,,
1591,188540,1590,,depth/001591.npy,1,115.5,250.0,-1.0,-100.0,-100.0,-100.0,166.0,70.0,0.0,0.0,0.0,0.0,0.0,34.0,9,8,0,-5,"ORBIT pos-0.04 orbit L0.11 M0.46 R0.06 tn0.59 yaw+0 pit+8 rc(9, 8, 0, -5)",0.1059,0.4626,0.0569,,
1592,188658,1591,,depth/001592.npy,1,121.7,235.3,-1.0,-100.0,-100.0,-100.0,166.0,70.0,0.0,0.0,0.0,0.0,0.0,34.0,8,10,0,-5,"ORBIT pos-0.05 orbit L0.12 M0.46 R0.05 tn0.57 yaw+0 pit+10 rc(8, 10, 0, -5)",0.1216,0.4587,0.0529,,
1593,188772,1592,,depth/001593.npy,1,124.9,206.1,-1.0,-100.0,-100.0,-100.0,166.0,70.0,0.0,0.0,0.0,0.0,0.0,34.0,8,11,0,-10,"ORBIT pos-0.06 orbit L0.12 M0.45 R0.05 tn0.55 yaw-5 pit+11 rc(8, 11, 0, -10)",0.1177,0.447,0.051,,
1594,188897,1593,,depth/001594.npy,1,119.5,273.2,-1.0,-100.0,-100.0,-100.0,166.0,70.0,0.0,0.0,0.0,0.0,0.0,34.0,7,11,0,-9,"ORBIT pos-0.07 orbit L0.12 M0.45 R0.05 tn0.55 yaw-5 pit+11 rc(7, 11, 0, -9)",0.1255,0.4626,0.049,,
1595,189022,1594,,depth/001595.npy,1,120.8,233.8,-1.0,-100.0,-100.0,-100.0,165.0,70.0,0.0,0.0,0.0,0.0,0.0,34.0,7,11,0,-11,"ORBIT pos-0.08 orbit L0.15 M0.45 R0.05 tn0.55 yaw-7 pit+11 rc(7, 11, 0, -11)",0.1451,0.447,0.049,,
1596,189138,1595,,depth/001596.npy,1,121.3,211.2,-1.0,-100.0,-100.0,-100.0,165.0,70.0,0.0,0.0,0.0,0.0,0.0,34.0,6,12,0,-11,"ORBIT pos-0.09 orbit L0.15 M0.45 R0.05 tn0.54 yaw-7 pit+12 rc(6, 12, 0, -11)",0.1412,0.4314,0.0431,,
1597,189263,1596,,depth/001597.npy,1,126.5,237.0,-1.0,-100.0,-100.0,-100.0,165.0,70.0,0.0,0.0,0.0,0.0,0.0,34.0,6,13,0,-13,"ORBIT pos-0.11 orbit L0.15 M0.43 R0.04 tn0.53 yaw-9 pit+13 rc(6, 13, 0, -13)",0.1451,0.4314,0.0412,,
1598,189388,1597,,depth/001598.npy,1,115.1,246.9,-1.0,-100.0,-100.0,-100.0,164.0,70.0,0.0,0.0,0.0,0.0,0.0,34.0,5,13,0,-12,"ORBIT pos-0.11 orbit L0.15 M0.44 R0.04 tn0.53 yaw-9 pit+13 rc(5, 13, 0, -12)",0.149,0.4431,0.0392,,
1599,189511,1598,,depth/001599.npy,1,124.7,213.5,-1.0,-100.0,-100.0,-100.0,165.0,70.0,0.0,0.0,0.0,0.0,0.0,34.0,5,12,0,-13,"ORBIT pos-0.13 orbit L0.15 M0.45 R0.04 tn0.54 yaw-10 pit+12 rc(5, 12, 0, -13)",0.151,0.447,0.0392,,
1600,189628,1599,,depth/001600.npy,1,115.9,203.0,-1.0,-100.0,-100.0,-100.0,165.0,70.0,0.0,0.0,0.0,0.0,0.0,34.0,5,13,0,-14,"ORBIT pos-0.14 orbit L0.15 M0.42 R0.04 tn0.53 yaw-11 pit+13 rc(5, 13, 0, -14)",0.149,0.4236,0.0392,,
1601,189742,1600,,depth/001601.npy,1,127.9,214.7,-1.0,-100.0,-100.0,-100.0,164.0,70.0,0.0,0.0,0.0,0.0,0.0,34.0,4,13,0,-14,"ORBIT pos-0.14 orbit L0.15 M0.42 R0.04 tn0.52 yaw-12 pit+13 rc(4, 13, 0, -14)",0.149,0.4236,0.0353,,
1602,189866,1601,,depth/001602.npy,1,119.7,241.2,-1.0,-100.0,-100.0,-100.0,164.0,70.0,0.0,0.0,0.0,0.0,0.0,34.0,4,13,0,-14,"ORBIT pos-0.15 orbit L0.15 M0.42 R0.04 tn0.53 yaw-12 pit+13 rc(4, 13, 0, -14)",0.1569,0.4236,0.0353,,
1603,189981,1602,,depth/001603.npy,1,123.5,223.8,-1.0,-100.0,-100.0,-100.0,164.0,70.0,0.0,0.0,0.0,0.0,0.0,34.0,4,13,0,-15,"ORBIT pos-0.16 orbit L0.16 M0.42 R0.04 tn0.53 yaw-13 pit+13 rc(4, 13, 0, -15)",0.1647,0.4158,0.0353,,
1604,190098,1603,,depth/001604.npy,1,127.2,204.1,-1.0,-100.0,-100.0,-100.0,163.0,70.0,0.0,0.0,0.0,0.0,0.0,34.0,4,12,0,-15,"ORBIT pos-0.16 orbit L0.16 M0.42 R0.04 tn0.54 yaw-13 pit+12 rc(4, 12, 0, -15)",0.1608,0.4177,0.0353,,
1605,190215,1604,,depth/001605.npy,1,122.3,198.0,-1.0,-100.0,-100.0,-100.0,162.0,70.0,0.0,0.0,0.0,0.0,0.0,34.0,3,11,0,-15,"ORBIT pos-0.17 orbit L0.13 M0.40 R0.04 tn0.55 yaw-13 pit+11 rc(3, 11, 0, -15)",0.1333,0.4038,0.0392,,
1606,190339,1605,,depth/001606.npy,1,121.0,170.1,-1.0,-100.0,-100.0,-100.0,162.0,70.0,0.0,0.0,0.0,0.0,0.0,34.0,3,11,0,-15,"ORBIT pos-0.17 orbit L0.13 M0.40 R0.04 tn0.56 yaw-13 pit+11 rc(3, 11, 0, -15)",0.1137,0.4412,0.0471,,
1607,190463,1606,,depth/001607.npy,1,121.7,241.3,-1.0,-100.0,-100.0,-100.0,161.0,70.0,0.0,0.0,0.0,0.0,0.0,34.0,4,8,0,-14,"ORBIT pos-0.15 orbit L0.10 M0.45 R0.04 tn0.59 yaw-12 pit+8 rc(4, 8, 0, -14)",0.1039,0.447,0.0432,,
1608,190579,1607,,depth/001608.npy,1,121.8,213.4,-1.0,-100.0,-100.0,-100.0,160.0,70.0,0.0,0.0,0.0,0.0,0.0,34.0,4,7,0,-14,"ORBIT pos-0.15 orbit L0.10 M0.45 R0.04 tn0.60 yaw-12 pit+7 rc(4, 7, 0, -14)",0.102,0.4666,0.051,,
1609,190694,1608,,depth/001609.npy,1,124.8,208.5,-1.0,-100.0,-100.0,-100.0,159.0,70.0,0.0,0.0,0.0,0.0,0.0,34.0,5,5,0,-13,"ORBIT pos-0.13 orbit L0.09 M0.53 R0.06 tn0.63 yaw-10 pit+5 rc(5, 5, 0, -13)",0.0863,0.5332,0.0588,,
1610,190819,1609,,depth/001610.npy,1,120.6,195.1,-1.0,-100.0,-100.0,-100.0,158.0,70.0,0.0,0.0,0.0,0.0,0.0,34.0,5,5,0,-13,"ORBIT pos-0.12 orbit L0.09 M0.53 R0.06 tn0.64 yaw-10 pit+5 rc(5, 5, 0, -13)",0.0706,0.4902,0.0745,,
1611,190944,1610,,depth/001611.npy,1,119.7,186.1,-1.0,-100.0,-100.0,-100.0,158.0,70.0,0.0,0.0,0.0,0.0,0.0,34.0,6,0,0,-12,"ORBIT pos-0.09 orbit L0.07 M0.52 R0.09 tn0.67 yaw-8 pit+0 rc(6, 0, 0, -12)",0.0745,0.5195,0.0863,,
1612,191058,1611,,depth/001612.npy,1,127.1,165.2,-1.0,-100.0,-100.0,-100.0,158.0,70.0,0.0,0.0,0.0,0.0,0.0,33.0,7,0,0,-10,"ORBIT pos-0.08 orbit L0.07 M0.52 R0.09 tn0.69 yaw-6 pit+0 rc(7, 0, 0, -10)",0.0745,0.5352,0.0823,,
1613,191173,1612,,depth/001613.npy,1,122.6,182.1,-1.0,-100.0,-100.0,-100.0,158.0,70.0,0.0,0.0,0.0,0.0,0.0,33.0,8,0,0,-10,"ORBIT pos-0.06 orbit L0.07 M0.54 R0.08 tn0.67 yaw-5 pit+0 rc(8, 0, 0, -10)",0.0706,0.5098,0.0745,,
1614,191297,1613,,depth/001614.npy,1,121.5,175.3,-1.0,-100.0,-100.0,-100.0,159.0,70.0,0.0,0.0,0.0,0.0,0.0,33.0,8,0,0,-5,"ORBIT pos-0.05 orbit L0.07 M0.51 R0.07 tn0.66 yaw+0 pit+0 rc(8, 0, 0, -5)",0.0706,0.5293,0.0784,,
1615,191412,1614,,depth/001615.npy,1,120.5,190.1,-1.0,-100.0,-100.0,-100.0,159.0,70.0,0.0,0.0,0.0,0.0,0.0,33.0,8,5,0,-5,"ORBIT pos-0.04 orbit L0.07 M0.53 R0.08 tn0.63 yaw+0 pit+5 rc(8, 5, 0, -5)",0.0706,0.5215,0.0784,,
1616,191527,1615,,depth/001615.npy,1,120.5,303.0,-1.0,-100.0,-100.0,-100.0,160.0,70.0,0.0,0.0,0.0,0.0,0.0,33.0,8,6,0,-5,"ORBIT pos-0.04 orbit L0.07 M0.52 R0.08 tn0.61 yaw+0 pit+6 rc(8, 6, 0, -5)",0.0706,0.5215,0.0784,,
1617,191642,1616,,depth/001617.npy,1,129.3,341.0,-1.0,-100.0,-100.0,-100.0,160.0,70.0,0.0,0.0,0.0,0.0,0.0,33.0,9,8,0,-5,"ORBIT pos-0.03 orbit L0.07 M0.53 R0.07 tn0.59 yaw+0 pit+8 rc(9, 8, 0, -5)",0.0706,0.5254,0.0745,,
1618,191765,1617,,depth/001618.npy,1,122.7,272.1,-1.0,-100.0,-100.0,-100.0,161.0,70.0,0.0,0.0,0.0,0.0,0.0,33.0,9,9,0,-5,"ORBIT pos-0.03 orbit L0.07 M0.54 R0.08 tn0.58 yaw+0 pit+9 rc(9, 9, 0, -5)",0.0667,0.5391,0.0784,,
1619,191890,1618,,depth/001619.npy,1,118.8,168.8,-1.0,-100.0,-100.0,-100.0,161.0,70.0,0.0,0.0,0.0,0.0,0.0,33.0,9,12,0,-5,"ORBIT pos-0.04 orbit L0.08 M0.53 R0.07 tn0.54 yaw+0 pit+12 rc(9, 12, 0, -5)",0.0823,0.541,0.0745,,
1620,192006,1619,,depth/001619.npy,1,118.8,282.8,-1.0,-100.0,-100.0,-100.0,162.0,70.0,0.0,0.0,0.0,0.0,0.0,33.0,8,13,0,-5,"ORBIT pos-0.04 orbit L0.08 M0.54 R0.07 tn0.53 yaw+0 pit+13 rc(8, 13, 0, -5)",0.0823,0.541,0.0745,,
1621,192132,1620,,depth/001621.npy,1,126.9,310.5,-1.0,-100.0,-100.0,-100.0,162.0,70.0,0.0,0.0,0.0,0.0,0.0,33.0,8,14,0,-9,"ORBIT pos-0.05 orbit L0.10 M0.54 R0.07 tn0.51 yaw-4 pit+14 rc(8, 14, 0, -9)",0.102,0.541,0.0667,,
1622,192247,1621,,depth/001622.npy,1,132.7,254.1,-1.0,-100.0,-100.0,-100.0,162.0,70.0,0.0,0.0,0.0,0.0,0.0,33.0,8,14,0,-10,"ORBIT pos-0.06 orbit L0.13 M0.60 R0.06 tn0.51 yaw-5 pit+14 rc(8, 14, 0, -10)",0.1333,0.6001,0.0588,,
1623,192362,1622,,depth/001623.npy,1,147.0,236.6,-1.0,-100.0,-100.0,-100.0,162.0,70.0,0.0,0.0,0.0,0.0,0.0,33.0,7,15,0,-10,"ORBIT pos-0.08 orbit L0.16 M0.55 R0.05 tn0.50 yaw-6 pit+15 rc(7, 15, 0, -10)",0.1569,0.5488,0.0549,,
1624,192487,1623,,depth/001624.npy,1,117.1,225.1,-1.0,-100.0,-100.0,-100.0,162.0,70.0,0.0,0.0,0.0,0.0,0.0,33.0,6,16,0,-11,"ORBIT pos-0.09 orbit L0.18 M0.51 R0.05 tn0.49 yaw-7 pit+16 rc(6, 16, 0, -11)",0.1804,0.5137,0.0549,,
1625,192610,1624,,depth/001625.npy,1,123.6,221.5,-1.0,-100.0,-100.0,-100.0,163.0,70.0,1.0,0.0,0.0,0.0,0.0,33.0,5,17,0,-13,"ORBIT pos-0.12 orbit L0.18 M0.46 R0.05 tn0.48 yaw-10 pit+17 rc(5, 17, 0, -13)",0.1843,0.4587,0.051,,
1626,192728,1625,,depth/001626.npy,1,120.5,236.2,-1.0,-100.0,-100.0,-100.0,163.0,70.0,1.0,0.0,0.0,0.0,0.0,33.0,5,17,0,-14,"ORBIT pos-0.13 orbit L0.20 M0.44 R0.05 tn0.48 yaw-11 pit+17 rc(5, 17, 0, -14)",0.204,0.4392,0.051,,
1627,192843,1626,,depth/001627.npy,1,156.6,216.4,-1.0,-100.0,-100.0,-100.0,163.0,70.0,1.0,0.0,0.0,0.0,0.0,33.0,4,18,0,-15,"ORBIT pos-0.16 orbit L0.22 M0.42 R0.05 tn0.47 yaw-13 pit+18 rc(4, 18, 0, -15)",0.2196,0.4158,0.0471,,
1628,192966,1627,,depth/001628.npy,1,116.2,169.5,-1.0,-100.0,-100.0,-100.0,162.0,70.0,1.0,0.0,0.0,0.0,0.0,33.0,3,18,0,-16,"ORBIT pos-0.17 orbit L0.22 M0.42 R0.05 tn0.46 yaw-14 pit+18 rc(3, 18, 0, -16)",0.251,0.396,0.051,,
1629,193091,1628,,depth/001629.npy,1,122.4,197.1,-1.0,-100.0,-100.0,-100.0,162.0,70.0,1.0,0.0,0.0,0.0,0.0,33.0,2,19,0,-17,"ORBIT pos-0.20 orbit L0.27 M0.42 R0.05 tn0.46 yaw-16 pit+19 rc(2, 19, 0, -17)",0.2666,0.4158,0.051,,
1630,193207,1629,,depth/001630.npy,1,119.9,214.5,-1.0,-100.0,-100.0,-100.0,161.0,70.0,1.0,0.0,0.0,0.0,0.0,33.0,2,19,0,-18,"ORBIT pos-0.21 orbit L0.27 M0.42 R0.05 tn0.46 yaw-17 pit+19 rc(2, 19, 0, -18)",0.2844,0.4119,0.0471,,
1631,193322,1630,,depth/001631.npy,1,123.8,195.2,-1.0,-100.0,-100.0,-100.0,160.0,70.0,1.0,0.0,0.0,0.0,0.0,33.0,1,18,0,-20,"ORBIT pos-0.23 orbit L0.29 M0.40 R0.05 tn0.46 yaw-19 pit+18 rc(1, 18, 0, -20)",0.2864,0.396,0.0471,,
1632,193446,1631,,depth/001632.npy,1,125.1,186.4,-1.0,-100.0,-100.0,-100.0,159.0,70.0,1.0,0.0,0.0,0.0,0.0,33.0,0,18,0,-20,"ORBIT pos-0.25 orbit L0.29 M0.40 R0.05 tn0.46 yaw-20 pit+18 rc(0, 18, 0, -20)",0.2825,0.4138,0.0471,,
1633,193563,1632,,depth/001633.npy,1,116.5,234.0,-1.0,-100.0,-100.0,-100.0,156.0,70.0,1.0,0.0,0.0,0.0,0.0,33.0,0,0,0,-21,"ORBIT pos-0.27 center L0.28 M0.41 R0.05 tn0.47 yaw-21 pit+0 rc(0, 0, 0, -21)",0.2627,0.4587,0.051,,
1634,193679,1633,,depth/001634.npy,1,125.5,180.5,-1.0,-100.0,-100.0,-100.0,155.0,70.0,1.0,0.0,0.0,0.0,0.0,33.0,0,0,0,-22,"ORBIT pos-0.28 center L0.26 M0.46 R0.05 tn0.49 yaw-22 pit+0 rc(0, 0, 0, -22)",0.2412,0.6021,0.0588,,
1635,193793,1634,,depth/001635.npy,1,128.8,164.7,-1.0,-100.0,-100.0,-100.0,153.0,70.0,1.0,0.0,0.0,0.0,0.0,33.0,0,0,0,-24,"ORBIT pos-0.30 center L0.24 M0.60 R0.06 tn0.57 yaw-24 pit+0 rc(0, 0, 0, -24)",0.2216,0.6704,0.0863,,
1636,193910,1635,,depth/001635.npy,1,128.8,282.0,-1.0,-100.0,-100.0,-100.0,152.0,70.0,1.0,0.0,0.0,0.0,0.0,33.0,0,0,0,-24,"ORBIT pos-0.30 center L0.22 M0.67 R0.09 tn0.66 yaw-24 pit+0 rc(0, 0, 0, -24)",0.2216,0.6704,0.0863,,
1637,194025,1636,,depth/001637.npy,1,121.6,261.6,-1.0,-100.0,-100.0,-100.0,151.0,70.0,1.0,0.0,0.0,0.0,0.0,33.0,0,-5,0,-22,"ORBIT pos-0.27 center L0.17 M0.71 R0.10 tn0.75 yaw-22 pit-5 rc(0, -5, 0, -22)",0.1686,0.71,0.102,,
1638,194142,1637,,depth/001638.npy,1,118.4,247.2,-1.0,-100.0,-100.0,-100.0,150.0,70.0,0.0,0.0,0.0,0.0,0.0,33.0,0,-9,0,-21,"ORBIT pos-0.26 center L0.13 M0.73 R0.12 tn0.80 yaw-21 pit-9 rc(0, -9, 0, -21)",0.1333,0.7275,0.1216,,
1639,194257,1638,,depth/001639.npy,1,121.8,264.5,-1.0,-100.0,-100.0,-100.0,149.0,70.0,0.0,0.0,0.0,0.0,0.0,33.0,1,-13,0,-19,"ORBIT pos-0.22 orbit L0.10 M0.71 R0.17 tn0.85 yaw-18 pit-13 rc(1, -13, 0, -19)",0.098,0.7139,0.1726,,
1640,194382,1639,,depth/001640.npy,1,121.6,255.9,-1.0,-100.0,-100.0,-100.0,146.0,70.0,0.0,0.0,0.0,1.0,0.0,33.0,2,-15,0,-17,"ORBIT pos-0.20 orbit L0.08 M0.69 R0.22 tn0.87 yaw-16 pit-15 rc(2, -15, 0, -17)",0.0784,0.6943,0.2177,,
1641,194496,1640,,depth/001641.npy,1,133.2,272.3,-1.0,-100.0,-100.0,-100.0,145.0,70.0,0.0,0.0,0.0,1.0,0.0,33.0,4,-17,0,-14,"ORBIT pos-0.16 orbit L0.08 M0.69 R0.25 tn0.90 yaw-12 pit-17 rc(4, -17, 0, -14)",0.0784,0.6943,0.2549,,
1642,194614,1641,,depth/001642.npy,1,127.2,312.0,-1.0,-100.0,-100.0,-100.0,144.0,70.0,0.0,0.0,0.0,1.0,0.0,33.0,5,-17,0,-14,"ORBIT pos-0.13 orbit L0.08 M0.68 R0.30 tn0.90 yaw-11 pit-17 rc(5, -17, 0, -14)",0.0765,0.6782,0.2981,,
1643,194728,1642,,depth/001643.npy,1,121.1,239.2,-1.0,-100.0,-100.0,-100.0,143.0,70.0,0.0,0.0,0.0,1.0,0.0,33.0,6,-16,0,-11,"ORBIT pos-0.09 orbit L0.07 M0.63 R0.29 tn0.89 yaw-7 pit-16 rc(6, -16, 0, -11)",0.0667,0.6313,0.2942,,
1644,194844,1643,,depth/001644.npy,1,125.4,215.6,-1.0,-100.0,-100.0,-100.0,142.0,70.0,0.0,0.0,0.0,1.0,0.0,33.0,7,-15,0,-10,"ORBIT pos-0.07 orbit L0.07 M0.63 R0.29 tn0.88 yaw-6 pit-15 rc(7, -15, 0, -10)",0.0726,0.6548,0.355,,
1645,194969,1644,,depth/001645.npy,1,121.7,244.0,-1.0,-100.0,-100.0,-100.0,141.0,70.0,0.0,0.0,0.0,1.0,0.0,33.0,9,-16,0,-5,"ORBIT pos-0.02 orbit L0.07 M0.66 R0.46 tn0.89 yaw+0 pit-16 rc(9, -16, 0, -5)",0.0726,0.6626,0.4626,,
1646,195083,1645,,depth/001646.npy,1,121.4,259.9,-1.0,-100.0,-100.0,-100.0,140.0,70.0,0.0,0.0,0.0,0.0,0.0,33.0,10,-17,0,-6,"ORBIT pos-0.00 orbit L0.07 M0.66 R0.46 tn0.90 yaw+0 pit-17 rc(10, -17, 0, -6)",0.0667,0.6274,0.5728,,
1647,195198,1646,,depth/001647.npy,1,128.3,207.4,-1.0,-100.0,-100.0,-100.0,139.0,70.0,0.0,0.0,0.0,0.0,0.0,33.0,8,-18,0,-5,"ORBIT pos+0.05 orbit L0.07 M0.54 R0.66 tn0.91 yaw+0 pit-18 rc(8, -18, 0, -5)",0.0745,0.5449,0.6606,,
1648,195313,1647,,depth/001648.npy,1,122.9,221.6,-1.0,-100.0,-100.0,-100.0,138.0,70.0,0.0,0.0,0.0,0.0,0.0,33.0,7,-18,0,2,"ORBIT pos+0.07 orbit L0.07 M0.54 R0.66 tn0.91 yaw+6 pit-18 rc(7, -18, 0, 2)",0.0804,0.4529,0.686,,
1649,195438,1648,,depth/001649.npy,1,122.1,177.0,-1.0,-100.0,-100.0,-100.0,137.0,70.0,0.0,1.0,0.0,0.0,0.0,33.0,5,-17,0,7,"ORBIT pos+0.12 orbit L0.08 M0.35 R0.70 tn0.90 yaw+10 pit-17 rc(5, -17, 0, 7)",0.0843,0.3491,0.6982,,
1650,195553,1649,,depth/001650.npy,1,123.3,163.3,-1.0,-100.0,-100.0,-100.0,137.0,70.0,0.0,1.0,0.0,0.0,0.0,33.0,4,-17,0,9,"ORBIT pos+0.14 orbit L0.08 M0.35 R0.70 tn0.90 yaw+11 pit-17 rc(4, -17, 0, 9)",0.0863,0.3372,0.6882,,
1651,195667,1650,,depth/001651.npy,1,125.1,176.3,-1.0,-100.0,-100.0,-100.0,136.0,70.0,0.0,1.0,0.0,0.0,0.0,33.0,3,-13,0,12,"ORBIT pos+0.18 orbit L0.09 M0.34 R0.69 tn0.85 yaw+14 pit-13 rc(3, -13, 0, 12)",0.0941,0.3411,0.7334,,
1652,195782,1651,,depth/001652.npy,1,121.0,191.7,-1.0,-100.0,-100.0,-100.0,136.0,70.0,0.0,1.0,0.0,0.0,0.0,33.0,2,-12,0,15,"ORBIT pos+0.19 orbit L0.09 M0.34 R0.73 tn0.85 yaw+16 pit-12 rc(2, -12, 0, 15)",0.0961,0.3254,0.7197,,
1653,195897,1652,,depth/001653.npy,1,117.7,172.3,-1.0,-100.0,-100.0,-100.0,136.0,70.0,0.0,1.0,0.0,0.0,-1.0,33.0,1,-9,0,17,"ORBIT pos+0.22 orbit L0.10 M0.33 R0.72 tn0.80 yaw+18 pit-9 rc(1, -9, 0, 17)",0.0883,0.3059,0.6821,,
1654,196012,1653,,depth/001653.npy,1,117.7,289.3,-1.0,-100.0,-100.0,-100.0,136.0,70.0,0.0,1.0,0.0,0.0,-1.0,33.0,1,-6,0,18,"ORBIT pos+0.23 orbit L0.09 M0.31 R0.68 tn0.77 yaw+19 pit-6 rc(1, -6, 0, 18)",0.0883,0.3059,0.6821,,
1655,196129,1654,,depth/001655.npy,1,131.1,304.7,-1.0,-100.0,-100.0,-100.0,137.0,70.0,0.0,1.0,0.0,0.0,-1.0,33.0,0,0,0,21,"ORBIT pos+0.27 center L0.09 M0.31 R0.68 tn0.67 yaw+21 pit+0 rc(0, 0, 0, 21)",0.0883,0.3059,0.6782,,
1656,196253,1655,,depth/001656.npy,1,123.5,264.7,-1.0,-100.0,-100.0,-100.0,137.0,70.0,0.0,0.0,0.0,0.0,-1.0,33.0,0,0,0,23,"ORBIT pos+0.28 center L0.09 M0.33 R0.63 tn0.63 yaw+23 pit+0 rc(0, 0, 0, 23)",0.0922,0.3333,0.6313,,
1657,196371,1656,,depth/001657.npy,1,121.5,276.8,-1.0,-100.0,-100.0,-100.0,138.0,70.0,0.0,0.0,0.0,0.0,0.0,33.0,0,0,0,25,"ORBIT pos+0.32 center L0.10 M0.35 R0.62 tn0.58 yaw+26 pit+0 rc(0, 0, 0, 25)",0.1,0.3491,0.6157,,
1658,196496,1657,,depth/001658.npy,1,120.2,271.8,-1.0,-100.0,-100.0,-100.0,138.0,70.0,0.0,0.0,0.0,0.0,0.0,33.0,0,0,0,25,"ORBIT pos+0.36 center L0.10 M0.36 R0.56 tn0.55 yaw+29 pit+0 rc(0, 0, 0, 25)",0.1039,0.3608,0.5649,,
1659,196611,1658,,depth/001659.npy,1,119.3,312.6,-1.0,-100.0,-100.0,-100.0,140.0,70.0,0.0,0.0,0.0,0.0,-1.0,33.0,0,0,0,25,"ORBIT pos+0.39 center L0.10 M0.35 R0.49 tn0.54 yaw+31 pit+0 rc(0, 0, 0, 25)",0.1039,0.3491,0.4941,,
1660,196728,1659,,depth/001660.npy,1,123.5,271.8,-1.0,-100.0,-100.0,-100.0,142.0,70.0,0.0,0.0,0.0,0.0,-1.0,33.0,0,0,0,25,"ORBIT pos+0.43 center L0.10 M0.33 R0.41 tn0.59 yaw+35 pit+0 rc(0, 0, 0, 25)",0.0981,0.3293,0.4099,,
1661,196841,1660,,depth/001661.npy,1,122.0,249.0,-1.0,-100.0,-100.0,-100.0,144.0,70.0,0.0,0.0,0.0,0.0,-1.0,33.0,0,0,0,25,"ORBIT pos+0.44 center L0.11 M0.41 R0.37 tn0.66 yaw+35 pit+0 rc(0, 0, 0, 25)",0.1118,0.408,0.3726,,
1662,196956,1661,,depth/001662.npy,1,127.1,295.6,-1.0,-100.0,-100.0,-100.0,145.0,70.0,0.0,0.0,0.0,0.0,-1.0,33.0,0,-6,0,25,"ORBIT pos+0.44 center L0.11 M0.42 R0.34 tn0.76 yaw+35 pit-6 rc(0, -6, 0, 25)",0.1098,0.4197,0.3372,,
1663,197080,1662,,depth/001663.npy,1,121.7,260.4,-1.0,-100.0,-100.0,-100.0,146.0,70.0,0.0,0.0,0.0,0.0,-1.0,33.0,0,-8,0,25,"ORBIT pos+0.41 center L0.12 M0.54 R0.27 tn0.79 yaw+33 pit-8 rc(0, -8, 0, 25)",0.1196,0.5449,0.2705,,
1664,197199,1663,,depth/001664.npy,1,118.2,276.2,-1.0,-100.0,-100.0,-100.0,148.0,70.0,0.0,0.0,0.0,0.0,0.0,33.0,0,-11,0,25,"ORBIT pos+0.36 center L0.12 M0.56 R0.21 tn0.83 yaw+29 pit-11 rc(0, -11, 0, 25)",0.1216,0.5605,0.2118,,
1665,197314,1664,,depth/001665.npy,1,123.5,253.9,-1.0,-100.0,-100.0,-100.0,149.0,70.0,0.0,0.0,0.0,0.0,0.0,33.0,0,-12,0,25,"ORBIT pos+0.32 center L0.14 M0.65 R0.17 tn0.84 yaw+26 pit-12 rc(0, -12, 0, 25)",0.1372,0.647,0.1686,,
1666,197428,1665,,depth/001666.npy,1,120.0,202.5,-1.0,-100.0,-100.0,-100.0,153.0,70.0,0.0,0.0,0.0,0.0,0.0,33.0,0,-14,0,20,"ORBIT pos+0.26 center L0.20 M0.67 R0.13 tn0.86 yaw+20 pit-14 rc(0, -14, 0, 20)",0.204,0.6704,0.1333,,
1667,197553,1666,,depth/001667.npy,1,125.2,233.9,-1.0,-100.0,-100.0,-100.0,154.0,70.0,0.0,0.0,0.0,1.0,0.0,33.0,2,-12,0,16,"ORBIT pos+0.21 orbit L0.24 M0.58 R0.12 tn0.84 yaw+17 pit-12 rc(2, -12, 0, 16)",0.2432,0.5845,0.1216,,
1668,197677,1667,,depth/001668.npy,1,120.9,225.3,-1.0,-100.0,-100.0,-100.0,155.0,70.0,0.0,0.0,0.0,1.0,0.0,33.0,5,-11,0,7,"ORBIT pos+0.13 orbit L0.28 M0.47 R0.11 tn0.82 yaw+10 pit-11 rc(5, -11, 0, 7)",0.2825,0.4746,0.1098,,
1669,197796,1668,,depth/001669.npy,1,131.8,237.8,-1.0,-100.0,-100.0,-100.0,157.0,70.0,0.0,0.0,0.0,1.0,0.0,33.0,6,-11,0,3,"ORBIT pos+0.09 orbit L0.28 M0.47 R0.11 tn0.83 yaw+7 pit-11 rc(6, -11, 0, 3)",0.302,0.4785,0.1098,,
1670,197911,1669,,depth/001670.npy,1,151.1,242.8,-1.0,-100.0,-100.0,-100.0,157.0,70.0,0.0,0.0,0.0,1.0,0.0,33.0,9,-13,0,-5,"ORBIT pos+0.03 orbit L0.30 M0.48 R0.11 tn0.85 yaw+0 pit-13 rc(9, -13, 0, -5)",0.3098,0.4038,0.0941,,
1671,198037,1670,,depth/001671.npy,1,118.1,212.7,-1.0,-100.0,-100.0,-100.0,157.0,70.0,0.0,0.0,0.0,1.0,0.0,32.0,8,-11,0,-5,"ORBIT pos-0.04 orbit L0.33 M0.37 R0.08 tn0.83 yaw+0 pit-11 rc(8, -11, 0, -5)",0.3254,0.3687,0.0784,,
1672,198154,1671,,depth/001672.npy,1,118.2,194.1,-1.0,-100.0,-100.0,-100.0,157.0,70.0,0.0,0.0,0.0,1.0,0.0,32.0,7,-10,0,-9,"ORBIT pos-0.07 orbit L0.33 M0.37 R0.08 tn0.82 yaw-5 pit-10 rc(7, -10, 0, -9)",0.3293,0.3491,0.0745,,
1673,198278,1672,,depth/001673.npy,1,131.2,183.7,-1.0,-100.0,-100.0,-100.0,157.0,70.0,0.0,0.0,0.0,1.0,0.0,32.0,5,-12,0,-12,"ORBIT pos-0.11 orbit L0.33 M0.35 R0.07 tn0.84 yaw-9 pit-12 rc(5, -12, 0, -12)",0.3511,0.3687,0.0745,,
1674,198395,1673,,depth/001674.npy,1,116.0,169.9,-1.0,-100.0,-100.0,-100.0,157.0,70.0,0.0,0.0,0.0,0.0,0.0,32.0,5,-12,0,-14,"ORBIT pos-0.13 orbit L0.35 M0.37 R0.07 tn0.85 yaw-11 pit-12 rc(5, -12, 0, -14)",0.3372,0.3569,0.0745,,
1675,198509,1674,,depth/001675.npy,1,133.1,191.8,-1.0,-100.0,-100.0,-100.0,157.0,70.0,0.0,0.0,0.0,0.0,0.0,32.0,3,-12,0,-15,"ORBIT pos-0.16 orbit L0.34 M0.36 R0.07 tn0.84 yaw-13 pit-12 rc(3, -12, 0, -15)",0.3254,0.3372,0.0667,,
1676,198624,1675,,depth/001676.npy,1,116.5,169.4,-1.0,-100.0,-100.0,-100.0,156.0,70.0,0.0,0.0,0.0,0.0,0.0,32.0,3,-12,0,-16,"ORBIT pos-0.17 orbit L0.33 M0.34 R0.07 tn0.84 yaw-14 pit-12 rc(3, -12, 0, -16)",0.353,0.3667,0.0784,,
1677,198741,1676,,depth/001677.npy,1,119.3,194.9,-1.0,-100.0,-100.0,-100.0,156.0,70.0,0.0,0.0,0.0,0.0,0.0,32.0,2,-8,0,-16,"ORBIT pos-0.19 orbit L0.35 M0.37 R0.08 tn0.79 yaw-15 pit-8 rc(2, -8, 0, -16)",0.3411,0.353,0.0745,,
1678,198865,1677,,depth/001677.npy,1,119.3,320.3,-1.0,-100.0,-100.0,-100.0,156.0,70.0,0.0,0.0,0.0,0.0,0.0,32.0,2,-6,0,-17,"ORBIT pos-0.20 orbit L0.34 M0.35 R0.07 tn0.77 yaw-16 pit-6 rc(2, -6, 0, -17)",0.3411,0.353,0.0745,,
1679,198990,1678,,depth/001679.npy,1,132.0,301.3,-1.0,-100.0,-100.0,-100.0,155.0,70.0,0.0,0.0,0.0,0.0,0.0,32.0,2,0,0,-18,"ORBIT pos-0.21 orbit L0.35 M0.35 R0.08 tn0.72 yaw-17 pit+0 rc(2, 0, 0, -18)",0.3452,0.3452,0.0784,,
1680,199106,1679,,depth/001680.npy,1,119.8,283.6,-1.0,-100.0,-100.0,-100.0,155.0,70.0,0.0,0.0,0.0,0.0,0.0,32.0,1,0,0,-18,"ORBIT pos-0.21 orbit L0.33 M0.35 R0.08 tn0.70 yaw-17 pit+0 rc(1, 0, 0, -18)",0.3333,0.3491,0.0823,,
1681,199222,1680,,depth/001681.npy,1,122.4,259.8,-1.0,-100.0,-100.0,-100.0,154.0,70.0,0.0,0.0,0.0,0.0,-1.0,32.0,1,0,0,-20,"ORBIT pos-0.23 orbit L0.34 M0.34 R0.08 tn0.67 yaw-19 pit+0 rc(1, 0, 0, -20)",0.3372,0.3431,0.0823,,
1682,199338,1681,,depth/001682.npy,1,123.7,244.2,-1.0,-100.0,-100.0,-100.0,154.0,70.0,0.0,0.0,0.0,0.0,-1.0,32.0,0,0,0,-20,"ORBIT pos-0.24 orbit L0.34 M0.35 R0.09 tn0.65 yaw-20 pit+0 rc(0, 0, 0, -20)",0.3372,0.355,0.0863,,
1683,199453,1682,,depth/001683.npy,1,118.3,257.9,-1.0,-100.0,-100.0,-100.0,154.0,70.0,0.0,0.0,0.0,0.0,0.0,32.0,0,0,0,-21,"ORBIT pos-0.27 center L0.34 M0.36 R0.09 tn0.62 yaw-21 pit+0 rc(0, 0, 0, -21)",0.3411,0.3628,0.0883,,
1684,199577,1683,,depth/001684.npy,1,129.8,276.7,-1.0,-100.0,-100.0,-100.0,153.0,70.0,0.0,0.0,0.0,0.0,0.0,32.0,0,0,0,-22,"ORBIT pos-0.27 center L0.33 M0.37 R0.09 tn0.59 yaw-22 pit+0 rc(0, 0, 0, -22)",0.3333,0.3726,0.0863,,
1685,199703,1684,,depth/001685.npy,1,113.9,279.9,-1.0,-100.0,-100.0,-100.0,153.0,70.0,0.0,0.0,0.0,0.0,0.0,32.0,0,0,0,-22,"ORBIT pos-0.28 center L0.33 M0.38 R0.09 tn0.58 yaw-22 pit+0 rc(0, 0, 0, -22)",0.3333,0.3843,0.0941,,
1686,199819,1685,,depth/001686.npy,1,129.5,295.8,-1.0,-100.0,-100.0,-100.0,152.0,70.0,0.0,0.0,0.0,0.0,0.0,32.0,0,0,0,-22,"ORBIT pos-0.28 center L0.33 M0.38 R0.10 tn0.57 yaw-22 pit+0 rc(0, 0, 0, -22)",0.3254,0.3765,0.098,,
1687,199934,1686,,depth/001687.npy,1,118.7,240.2,-1.0,-100.0,-100.0,-100.0,150.0,70.0,0.0,0.0,0.0,0.0,-1.0,32.0,0,0,0,-21,"ORBIT pos-0.26 center L0.32 M0.42 R0.12 tn0.55 yaw-21 pit+0 rc(0, 0, 0, -21)",0.3235,0.4158,0.1177,,
1688,200048,1687,,depth/001688.npy,1,125.8,253.9,-1.0,-100.0,-100.0,-100.0,149.0,70.0,0.0,0.0,0.0,0.0,-1.0,32.0,0,0,0,-20,"ORBIT pos-0.25 center L0.31 M0.43 R0.13 tn0.54 yaw-20 pit+0 rc(0, 0, 0, -20)",0.3137,0.4275,0.1255,,
1689,200173,1688,,depth/001689.npy,1,125.4,216.8,-1.0,-100.0,-100.0,-100.0,149.0,70.0,0.0,0.0,0.0,0.0,-1.0,32.0,1,12,0,-19,"ORBIT pos-0.23 orbit L0.29 M0.48 R0.13 tn0.53 yaw-18 pit+12 rc(1, 12, 0, -19)",0.2903,0.4785,0.1255,,
1690,200288,1689,,depth/001690.npy,1,119.9,264.1,-1.0,-100.0,-100.0,-100.0,148.0,70.0,0.0,0.0,0.0,0.0,0.0,32.0,2,14,0,-18,"ORBIT pos-0.21 orbit L0.27 M0.45 R0.12 tn0.52 yaw-17 pit+14 rc(2, 14, 0, -18)",0.2666,0.447,0.1216,,
1691,200413,1690,,depth/001691.npy,1,120.7,218.1,-1.0,-100.0,-100.0,-100.0,147.0,70.0,0.0,0.0,0.0,0.0,0.0,32.0,3,15,0,-16,"ORBIT pos-0.17 orbit L0.24 M0.49 R0.14 tn0.50 yaw-14 pit+15 rc(3, 15, 0, -16)",0.2432,0.4863,0.1372,,
1692,200529,1691,,depth/001692.npy,1,122.2,227.2,-1.0,-100.0,-100.0,-100.0,146.0,70.0,0.0,0.0,0.0,0.0,0.0,32.0,4,15,0,-14,"ORBIT pos-0.15 orbit L0.23 M0.54 R0.15 tn0.51 yaw-12 pit+15 rc(4, 15, 0, -14)",0.2274,0.5449,0.153,,
1693,200653,1692,,depth/001693.npy,1,121.2,235.0,-1.0,-100.0,-100.0,-100.0,144.0,70.0,0.0,0.0,0.0,-1.0,0.0,32.0,6,14,0,-13,"ORBIT pos-0.11 orbit L0.22 M0.57 R0.15 tn0.52 yaw-9 pit+14 rc(6, 14, 0, -13)",0.2196,0.5728,0.149,,
1694,200775,1693,,depth/001694.npy,1,124.5,252.8,-1.0,-100.0,-100.0,-100.0,144.0,70.0,0.0,0.0,0.0,0.0,0.0,32.0,7,13,0,-11,"ORBIT pos-0.08 orbit L0.18 M0.61 R0.16 tn0.52 yaw-7 pit+13 rc(7, 13, 0, -11)",0.1843,0.6079,0.1608,,
1695,200889,1694,,depth/001695.npy,1,124.3,230.2,-1.0,-100.0,-100.0,-100.0,143.0,70.0,0.0,0.0,0.0,0.0,0.0,32.0,9,13,0,-5,"ORBIT pos-0.04 orbit L0.17 M0.56 R0.16 tn0.52 yaw+0 pit+13 rc(9, 13, 0, -5)",0.1666,0.5566,0.1647,,
1696,201014,1695,,depth/001696.npy,1,120.4,254.1,-1.0,-100.0,-100.0,-100.0,142.0,70.0,0.0,0.0,0.0,0.0,0.0,32.0,9,13,0,-5,"ORBIT pos-0.02 orbit L0.17 M0.56 R0.16 tn0.52 yaw+0 pit+13 rc(9, 13, 0, -5)",0.1726,0.5649,0.1765,,
1697,201139,1696,,depth/001697.npy,1,121.9,219.3,-1.0,-100.0,-100.0,-100.0,141.0,70.0,0.0,0.0,0.0,0.0,0.0,32.0,9,14,0,-5,"ORBIT pos+0.03 orbit L0.15 M0.55 R0.22 tn0.52 yaw+0 pit+14 rc(9, 14, 0, -5)",0.153,0.5488,0.2157,,
1698,201256,1697,,depth/001698.npy,1,119.4,231.2,-1.0,-100.0,-100.0,-100.0,141.0,70.0,0.0,0.0,0.0,0.0,0.0,32.0,8,14,0,-1,"ORBIT pos+0.05 orbit L0.15 M0.55 R0.22 tn0.52 yaw+4 pit+14 rc(8, 14, 0, -1)",0.149,0.5566,0.2744,,
1699,201371,1698,,depth/001699.npy,1,120.7,213.8,-1.0,-100.0,-100.0,-100.0,140.0,70.0,0.0,0.0,0.0,0.0,0.0,32.0,6,13,0,5,"ORBIT pos+0.11 orbit L0.15 M0.51 R0.29 tn0.53 yaw+9 pit+13 rc(6, 13, 0, 5)",0.1451,0.5098,0.2942,,
1700,201496,1699,,depth/001700.npy,1,125.3,232.4,-1.0,-100.0,-100.0,-100.0,139.0,70.0,0.0,0.0,0.0,0.0,0.0,32.0,5,13,0,8,"ORBIT pos+0.13 orbit L0.15 M0.51 R0.29 tn0.53 yaw+11 pit+13 rc(5, 13, 0, 8)",0.1333,0.4883,0.2922,,
1701,201622,1700,,depth/001701.npy,1,117.9,261.3,-1.0,-100.0,-100.0,-100.0,139.0,70.0,0.0,0.0,0.0,0.0,0.0,32.0,3,12,0,12,"ORBIT pos+0.17 orbit L0.14 M0.51 R0.32 tn0.54 yaw+14 pit+12 rc(3, 12, 0, 12)",0.1412,0.5059,0.3215,,
1702,201738,1701,,depth/001702.npy,1,122.9,207.6,-1.0,-100.0,-100.0,-100.0,139.0,70.0,0.0,0.0,0.0,0.0,0.0,32.0,2,11,0,14,"ORBIT pos+0.19 orbit L0.14 M0.51 R0.32 tn0.55 yaw+15 pit+11 rc(2, 11, 0, 14)",0.1392,0.4824,0.3569,,
1703,201863,1702,,depth/001703.npy,1,118.8,238.0,-1.0,-100.0,-100.0,-100.0,139.0,70.0,0.0,0.0,0.0,0.0,0.0,32.0,1,12,0,17,"ORBIT pos+0.22 orbit L0.13 M0.45 R0.34 tn0.54 yaw+18 pit+12 rc(1, 12, 0, 17)",0.1294,0.4548,0.3411,,
1704,201979,1703,,depth/001704.npy,1,127.5,231.4,-1.0,-100.0,-100.0,-100.0,140.0,70.0,0.0,0.0,0.0,0.0,0.0,32.0,0,12,0,19,"ORBIT pos+0.24 orbit L0.13 M0.45 R0.34 tn0.54 yaw+19 pit+12 rc(0, 12, 0, 19)",0.1235,0.4392,0.3372,,
1705,202098,1704,,depth/001705.npy,1,141.3,247.1,-1.0,-100.0,-100.0,-100.0,141.0,70.0,0.0,0.0,0.0,0.0,0.0,32.0,0,0,0,21,"ORBIT pos+0.26 center L0.12 M0.44 R0.32 tn0.56 yaw+21 pit+0 rc(0, 0, 0, 21)",0.1177,0.4353,0.3157,,
1706,202200,1705,,depth/001705.npy,1,141.3,342.4,-1.0,-100.0,-100.0,-100.0,142.0,70.0,0.0,0.0,0.0,0.0,0.0,32.0,0,0,0,22,"ORBIT pos+0.27 center L0.12 M0.44 R0.32 tn0.58 yaw+22 pit+0 rc(0, 0, 0, 22)",0.1177,0.4353,0.3157,,
1707,202316,1706,,depth/001707.npy,1,157.7,281.9,-1.0,-100.0,-100.0,-100.0,143.0,70.0,0.0,0.0,0.0,0.0,0.0,32.0,0,0,0,22,"ORBIT pos+0.28 center L0.12 M0.45 R0.32 tn0.60 yaw+22 pit+0 rc(0, 0, 0, 22)",0.1216,0.447,0.3176,,
1708,202438,1707,,depth/001708.npy,1,119.0,284.7,-1.0,-100.0,-100.0,-100.0,146.0,70.0,0.0,0.0,0.0,0.0,0.0,32.0,0,0,0,23,"ORBIT pos+0.28 center L0.13 M0.48 R0.30 tn0.68 yaw+23 pit+0 rc(0, 0, 0, 23)",0.1255,0.4824,0.302,,
1709,202556,1708,,depth/001709.npy,1,145.7,251.8,-1.0,-100.0,-100.0,-100.0,147.0,70.0,0.0,0.0,0.0,0.0,0.0,32.0,0,0,0,22,"ORBIT pos+0.28 center L0.13 M0.53 R0.20 tn0.73 yaw+22 pit+0 rc(0, 0, 0, 22)",0.1255,0.5293,0.204,,
1710,202674,1709,,depth/001710.npy,1,128.1,215.5,-1.0,-100.0,-100.0,-100.0,149.0,70.0,0.0,0.0,0.0,0.0,0.0,32.0,0,-9,0,20,"ORBIT pos+0.25 orbit L0.15 M0.66 R0.16 tn0.80 yaw+20 pit-9 rc(0, -9, 0, 20)",0.149,0.6626,0.1608,,
1711,202790,1710,,depth/001711.npy,1,121.8,271.6,-1.0,-100.0,-100.0,-100.0,150.0,70.0,0.0,0.0,0.0,0.0,0.0,32.0,1,-11,0,17,"ORBIT pos+0.23 orbit L0.15 M0.66 R0.16 tn0.83 yaw+18 pit-11 rc(1, -11, 0, 17)",0.1608,0.6841,0.1471,,
1712,202898,1711,,depth/001712.npy,1,155.3,203.2,-1.0,-100.0,-100.0,-100.0,152.0,70.0,0.0,0.0,0.0,0.0,0.0,32.0,3,-14,0,13,"ORBIT pos+0.18 orbit L0.16 M0.68 R0.15 tn0.86 yaw+15 pit-14 rc(3, -14, 0, 13)",0.2274,0.6118,0.1412,,
1713,203013,1712,,depth/001712.npy,1,155.3,321.4,-1.0,-100.0,-100.0,-100.0,153.0,70.0,0.0,0.0,0.0,0.0,0.0,32.0,4,-14,0,10,"ORBIT pos+0.15 orbit L0.23 M0.61 R0.14 tn0.86 yaw+12 pit-14 rc(4, -14, 0, 10)",0.2274,0.6118,0.1412,,
1714,203131,1713,,depth/001714.npy,1,119.2,304.6,-1.0,-100.0,-100.0,-100.0,153.0,70.0,0.0,0.0,0.0,0.0,0.0,32.0,7,-13,0,3,"ORBIT pos+0.08 orbit L0.25 M0.52 R0.11 tn0.85 yaw+7 pit-13 rc(7, -13, 0, 3)",0.2471,0.5156,0.1137,,
1715,203256,1714,,depth/001715.npy,1,120.3,164.7,-1.0,-100.0,-100.0,-100.0,154.0,70.0,0.0,0.0,0.0,0.0,0.0,32.0,10,-13,0,-6,"ORBIT pos+0.01 orbit L0.32 M0.45 R0.11 tn0.85 yaw+0 pit-13 rc(10, -13, 0, -6)",0.302,0.4197,0.102,,
1716,203380,1715,,depth/001716.npy,1,120.7,187.2,-1.0,-100.0,-100.0,-100.0,154.0,70.0,0.0,0.0,0.0,0.0,0.0,32.0,9,-13,0,-5,"ORBIT pos-0.02 orbit L0.30 M0.42 R0.10 tn0.86 yaw+0 pit-13 rc(9, -13, 0, -5)",0.3215,0.3999,0.098,,
1717,203493,1716,,depth/001716.npy,1,120.7,304.3,-1.0,-100.0,-100.0,-100.0,154.0,70.0,0.0,0.0,0.0,0.0,0.0,32.0,7,-15,0,-9,"ORBIT pos-0.07 orbit L0.32 M0.40 R0.10 tn0.88 yaw-5 pit-15 rc(7, -15, 0, -9)",0.3215,0.3999,0.098,,
1718,203611,1717,,depth/001718.npy,1,124.5,310.6,-1.0,-100.0,-100.0,-100.0,155.0,70.0,0.0,0.0,0.0,0.0,0.0,32.0,6,-15,0,-11,"ORBIT pos-0.09 orbit L0.33 M0.40 R0.10 tn0.88 yaw-7 pit-15 rc(6, -15, 0, -11)",0.3254,0.4038,0.098,,
1719,203725,1718,,depth/001719.npy,1,122.0,266.2,-1.0,-100.0,-100.0,-100.0,155.0,70.0,0.0,0.0,0.0,0.0,0.0,32.0,5,-15,0,-13,"ORBIT pos-0.12 orbit L0.33 M0.41 R0.09 tn0.87 yaw-10 pit-15 rc(5, -15, 0, -13)",0.3333,0.4059,0.0941,,
1720,203850,1719,,depth/001720.npy,1,123.7,255.6,-1.0,-100.0,-100.0,-100.0,155.0,70.0,0.0,0.0,0.0,1.0,0.0,32.0,5,-15,0,-14,"ORBIT pos-0.13 orbit L0.33 M0.39 R0.10 tn0.88 yaw-11 pit-15 rc(5, -15, 0, -14)",0.3293,0.3921,0.098,,
1721,203964,1720,,depth/001721.npy,1,123.2,276.2,-1.0,-100.0,-100.0,-100.0,155.0,70.0,0.0,0.0,0.0,0.0,0.0,32.0,4,-13,0,-15,"ORBIT pos-0.16 orbit L0.35 M0.38 R0.10 tn0.86 yaw-13 pit-13 rc(4, -13, 0, -15)",0.3452,0.3843,0.098,,
1722,204081,1721,,depth/001722.npy,1,117.2,258.8,-1.0,-100.0,-100.0,-100.0,155.0,70.0,0.0,0.0,0.0,0.0,0.0,31.0,3,-13,0,-15,"ORBIT pos-0.17 orbit L0.33 M0.35 R0.09 tn0.86 yaw-13 pit-13 rc(3, -13, 0, -15)",0.3333,0.353,0.0863,,
1723,204197,1722,,depth/001723.npy,1,124.0,270.8,-1.0,-100.0,-100.0,-100.0,155.0,70.0,0.0,0.0,0.0,1.0,0.0,31.0,3,-12,0,-17,"ORBIT pos-0.19 orbit L0.35 M0.36 R0.09 tn0.84 yaw-15 pit-12 rc(3, -12, 0, -17)",0.3452,0.3608,0.0902,,
1724,204321,1723,,depth/001724.npy,1,131.6,296.7,-1.0,-100.0,-100.0,-100.0,154.0,70.0,0.0,0.0,0.0,1.0,0.0,31.0,2,-11,0,-17,"ORBIT pos-0.20 orbit L0.35 M0.36 R0.09 tn0.83 yaw-16 pit-11 rc(2, -11, 0, -17)",0.355,0.3569,0.0941,,
1725,204436,1724,,depth/001725.npy,1,116.3,238.8,-1.0,-100.0,-100.0,-100.0,154.0,70.0,0.0,0.0,0.0,0.0,0.0,31.0,1,-10,0,-18,"ORBIT pos-0.21 orbit L0.35 M0.35 R0.10 tn0.82 yaw-17 pit-10 rc(1, -10, 0, -18)",0.353,0.353,0.098,,
1726,204560,1725,,depth/001726.npy,1,121.7,264.2,-1.0,-100.0,-100.0,-100.0,154.0,70.0,0.0,0.0,0.0,0.0,0.0,31.0,1,-9,0,-20,"ORBIT pos-0.23 orbit L0.37 M0.36 R0.10 tn0.80 yaw-19 pit-9 rc(1, -9, 0, -20)",0.3687,0.3569,0.102,,
1727,204678,1726,,depth/001727.npy,1,124.4,221.5,-1.0,-100.0,-100.0,-100.0,153.0,70.0,0.0,0.0,0.0,0.0,-1.0,31.0,0,-9,0,-19,"ORBIT pos-0.24 orbit L0.37 M0.35 R0.09 tn0.80 yaw-19 pit-9 rc(0, -9, 0, -19)",0.3667,0.3491,0.0941,,
1728,204793,1727,,depth/001728.npy,1,120.7,271.8,-1.0,-100.0,-100.0,-100.0,152.0,70.0,0.0,0.0,0.0,0.0,-1.0,31.0,0,-6,0,-21,"ORBIT pos-0.27 center L0.36 M0.35 R0.09 tn0.77 yaw-21 pit-6 rc(0, -6, 0, -21)",0.3647,0.3452,0.0941,,
1729,204919,1728,,depth/001729.npy,1,122.5,227.4,-1.0,-100.0,-100.0,-100.0,151.0,70.0,0.0,0.0,0.0,0.0,0.0,31.0,0,0,0,-23,"ORBIT pos-0.28 center L0.35 M0.35 R0.11 tn0.73 yaw-23 pit+0 rc(0, 0, 0, -23)",0.3491,0.3452,0.1098,,
1730,205043,1729,,depth/001730.npy,1,125.2,221.6,-1.0,-100.0,-100.0,-100.0,151.0,70.0,0.0,0.0,0.0,0.0,0.0,31.0,0,0,0,-23,"ORBIT pos-0.29 center L0.35 M0.38 R0.12 tn0.72 yaw-23 pit+0 rc(0, 0, 0, -23)",0.3452,0.3823,0.1177,,
1731,205160,1730,,depth/001731.npy,1,116.0,237.9,-1.0,-100.0,-100.0,-100.0,150.0,70.0,0.0,0.0,0.0,0.0,0.0,31.0,0,0,0,-23,"ORBIT pos-0.29 center L0.35 M0.39 R0.13 tn0.69 yaw-23 pit+0 rc(0, 0, 0, -23)",0.3472,0.3921,0.1294,,
1732,205276,1731,,depth/001732.npy,1,120.8,250.1,-1.0,-100.0,-100.0,-100.0,148.0,70.0,0.0,0.0,0.0,0.0,0.0,31.0,0,0,0,-22,"ORBIT pos-0.28 center L0.32 M0.42 R0.14 tn0.67 yaw-22 pit+0 rc(0, 0, 0, -22)",0.3176,0.4236,0.1412,,
1733,205390,1732,,depth/001733.npy,1,126.0,229.8,-1.0,-100.0,-100.0,-100.0,146.0,70.0,0.0,0.0,0.0,0.0,0.0,31.0,0,0,0,-20,"ORBIT pos-0.25 center L0.29 M0.44 R0.14 tn0.64 yaw-20 pit+0 rc(0, 0, 0, -20)",0.2942,0.4431,0.1392,,
1734,205514,1733,,depth/001734.npy,1,123.9,215.2,-1.0,-100.0,-100.0,-100.0,146.0,70.0,0.0,0.0,0.0,0.0,0.0,31.0,0,5,0,-19,"ORBIT pos-0.24 orbit L0.29 M0.44 R0.14 tn0.63 yaw-19 pit+5 rc(0, 5, 0, -19)",0.2825,0.5,0.1686,,
1735,205631,1734,,depth/001735.npy,1,121.0,207.4,-1.0,-100.0,-100.0,-100.0,145.0,70.0,0.0,0.0,0.0,0.0,0.0,31.0,2,7,0,-17,"ORBIT pos-0.19 orbit L0.27 M0.52 R0.16 tn0.60 yaw-16 pit+7 rc(2, 7, 0, -17)",0.2705,0.5215,0.1569,,
1736,205754,1735,,depth/001736.npy,1,121.3,222.5,-1.0,-100.0,-100.0,-100.0,144.0,70.0,0.0,0.0,0.0,-1.0,0.0,31.0,3,7,0,-16,"ORBIT pos-0.17 orbit L0.27 M0.52 R0.16 tn0.60 yaw-14 pit+7 rc(3, 7, 0, -16)",0.251,0.5527,0.1647,,
1737,205871,1736,,depth/001737.npy,1,125.9,205.2,-1.0,-100.0,-100.0,-100.0,144.0,70.0,0.0,0.0,0.0,0.0,0.0,31.0,5,7,0,-14,"ORBIT pos-0.14 orbit L0.25 M0.57 R0.18 tn0.60 yaw-11 pit+7 rc(5, 7, 0, -14)",0.251,0.5708,0.1765,,
1738,205995,1737,,depth/001738.npy,1,122.4,235.7,-1.0,-100.0,-100.0,-100.0,144.0,70.0,0.0,0.0,0.0,0.0,0.0,31.0,5,7,0,-13,"ORBIT pos-0.12 orbit L0.25 M0.57 R0.18 tn0.61 yaw-10 pit+7 rc(5, 7, 0, -13)",0.2333,0.5747,0.1804,,
1739,206113,1738,,depth/001739.npy,1,120.6,254.5,-1.0,-100.0,-100.0,-100.0,144.0,70.0,0.0,0.0,0.0,0.0,0.0,31.0,6,7,0,-12,"ORBIT pos-0.09 orbit L0.23 M0.57 R0.18 tn0.61 yaw-8 pit+7 rc(6, 7, 0, -12)",0.2274,0.5728,0.1765,,
1740,206237,1739,,depth/001740.npy,1,120.2,213.0,-1.0,-100.0,-100.0,-100.0,143.0,70.0,0.0,0.0,0.0,0.0,-1.0,31.0,7,6,0,-11,"ORBIT pos-0.09 orbit L0.23 M0.57 R0.18 tn0.62 yaw-7 pit+6 rc(7, 6, 0, -11)",0.2196,0.5688,0.1765,,
1741,206356,1740,,depth/001741.npy,1,133.7,229.9,-1.0,-100.0,-100.0,-100.0,143.0,70.0,0.0,0.0,0.0,0.0,0.0,31.0,7,5,0,-9,"ORBIT pos-0.07 orbit L0.22 M0.60 R0.18 tn0.62 yaw-5 pit+5 rc(7, 5, 0, -9)",0.2196,0.6001,0.1843,,
1742,206480,1741,,depth/001742.npy,1,120.7,186.2,-1.0,-100.0,-100.0,-100.0,142.0,70.0,0.0,0.0,0.0,0.0,0.0,31.0,8,0,0,-9,"ORBIT pos-0.05 orbit L0.21 M0.61 R0.18 tn0.64 yaw-4 pit+0 rc(8, 0, 0, -9)",0.2079,0.6099,0.1843,,
1743,206604,1742,,depth/001743.npy,1,123.0,181.5,-1.0,-100.0,-100.0,-100.0,141.0,70.0,0.0,0.0,0.0,0.0,0.0,31.0,8,0,0,-5,"ORBIT pos-0.05 orbit L0.21 M0.61 R0.18 tn0.65 yaw+0 pit+0 rc(8, 0, 0, -5)",0.204,0.6001,0.1843,,
1744,206720,1743,,depth/001744.npy,1,120.3,190.5,-1.0,-100.0,-100.0,-100.0,141.0,70.0,0.0,0.0,0.0,0.0,0.0,31.0,9,5,0,-5,"ORBIT pos-0.03 orbit L0.20 M0.60 R0.19 tn0.64 yaw+0 pit+5 rc(9, 5, 0, -5)",0.204,0.6001,0.1921,,
1745,206846,1744,,depth/001745.npy,1,121.7,186.4,-1.0,-100.0,-100.0,-100.0,141.0,70.0,0.0,0.0,0.0,0.0,0.0,31.0,9,5,0,-5,"ORBIT pos-0.02 orbit L0.19 M0.62 R0.19 tn0.63 yaw+0 pit+5 rc(9, 5, 0, -5)",0.1941,0.6235,0.1882,,
1746,206962,1745,,depth/001746.npy,1,123.5,172.5,-1.0,-100.0,-100.0,-100.0,140.0,70.0,0.0,0.0,0.0,0.0,-1.0,31.0,10,5,0,-6,"ORBIT pos-0.01 orbit L0.19 M0.62 R0.19 tn0.63 yaw+0 pit+5 rc(10, 5, 0, -6)",0.204,0.6353,0.2,,
1747,207078,1746,,depth/001747.npy,1,120.4,186.8,-1.0,-100.0,-100.0,-100.0,140.0,70.0,0.0,0.0,0.0,0.0,0.0,31.0,10,0,0,-6,"ORBIT pos+0.00 orbit L0.20 M0.64 R0.20 tn0.64 yaw+0 pit+0 rc(10, 0, 0, -6)",0.2,0.6313,0.2,,
1748,207203,1747,,depth/001748.npy,1,122.3,172.1,-1.0,-100.0,-100.0,-100.0,140.0,70.0,0.0,0.0,0.0,0.0,0.0,31.0,9,0,0,-5,"ORBIT pos+0.01 orbit L0.20 M0.64 R0.20 tn0.65 yaw+0 pit+0 rc(9, 0, 0, -5)",0.204,0.6353,0.196,,
1749,207328,1748,,depth/001749.npy,1,123.6,170.2,-1.0,-100.0,-100.0,-100.0,140.0,70.0,0.0,0.0,0.0,0.0,0.0,31.0,9,0,0,-5,"ORBIT pos+0.02 orbit L0.20 M0.64 R0.20 tn0.66 yaw+0 pit+0 rc(9, 0, 0, -5)",0.204,0.6313,0.2,,
1750,207452,1749,,depth/001750.npy,1,122.0,233.6,-1.0,-100.0,-100.0,-100.0,140.0,70.0,0.0,0.0,0.0,0.0,0.0,31.0,9,0,0,-5,"ORBIT pos+0.03 orbit L0.20 M0.62 R0.20 tn0.67 yaw+0 pit+0 rc(9, 0, 0, -5)",0.204,0.6235,0.2,,
1751,207568,1750,,depth/001751.npy,1,119.7,177.3,-1.0,-100.0,-100.0,-100.0,140.0,70.0,0.0,0.0,0.0,0.0,0.0,31.0,9,0,0,-5,"ORBIT pos+0.03 orbit L0.20 M0.62 R0.20 tn0.67 yaw+0 pit+0 rc(9, 0, 0, -5)",0.204,0.6353,0.2079,,
1752,207683,1751,,depth/001752.npy,1,125.4,161.8,-1.0,-100.0,-100.0,-100.0,139.0,70.0,0.0,0.0,0.0,0.0,0.0,31.0,9,0,0,-5,"ORBIT pos+0.03 orbit L0.20 M0.64 R0.21 tn0.70 yaw+0 pit+0 rc(9, 0, 0, -5)",0.204,0.6235,0.204,,
1753,207807,1752,,depth/001753.npy,1,128.6,180.2,-1.0,-100.0,-100.0,-100.0,139.0,70.0,0.0,0.0,0.0,0.0,0.0,31.0,9,0,0,-5,"ORBIT pos+0.03 orbit L0.20 M0.62 R0.20 tn0.71 yaw+0 pit+0 rc(9, 0, 0, -5)",0.2079,0.6333,0.2118,,
1754,207933,1753,,depth/001754.npy,1,130.5,213.8,-1.0,-100.0,-100.0,-100.0,139.0,70.0,0.0,0.0,0.0,0.0,0.0,31.0,9,0,0,-5,"ORBIT pos+0.03 orbit L0.21 M0.63 R0.21 tn0.73 yaw+0 pit+0 rc(9, 0, 0, -5)",0.2079,0.6274,0.2118,,
1755,208051,1754,,depth/001754.npy,1,130.5,327.8,-1.0,-100.0,-100.0,-100.0,139.0,70.0,0.0,0.0,0.0,0.0,0.0,31.0,9,0,0,-5,"ORBIT pos+0.03 orbit L0.21 M0.63 R0.21 tn0.72 yaw+0 pit+0 rc(9, 0, 0, -5)",0.2079,0.6274,0.2118,,
1756,208165,1755,,depth/001756.npy,1,127.1,306.5,-1.0,-100.0,-100.0,-100.0,139.0,70.0,0.0,0.0,0.0,0.0,0.0,31.0,9,0,0,-5,"ORBIT pos+0.03 orbit L0.21 M0.63 R0.22 tn0.72 yaw+0 pit+0 rc(9, 0, 0, -5)",0.2118,0.6313,0.2157,,
1757,208290,1756,,depth/001757.npy,1,122.8,267.5,-1.0,-100.0,-100.0,-100.0,139.0,70.0,0.0,0.0,0.0,0.0,0.0,31.0,9,0,0,-5,"ORBIT pos+0.03 orbit L0.21 M0.63 R0.22 tn0.72 yaw+0 pit+0 rc(9, 0, 0, -5)",0.2118,0.6274,0.2157,,
1758,208406,1757,,depth/001758.npy,1,123.1,283.3,-1.0,-100.0,-100.0,-100.0,140.0,70.0,0.0,0.0,0.0,0.0,-1.0,31.0,9,0,0,-5,"ORBIT pos+0.02 orbit L0.23 M0.61 R0.22 tn0.73 yaw+0 pit+0 rc(9, 0, 0, -5)",0.2274,0.6138,0.2157,,
1759,208522,1758,,depth/001759.npy,1,128.1,299.3,-1.0,-100.0,-100.0,-100.0,140.0,70.0,0.0,0.0,0.0,0.0,0.0,31.0,9,0,0,-5,"ORBIT pos+0.02 orbit L0.23 M0.60 R0.21 tn0.73 yaw+0 pit+0 rc(9, 0, 0, -5)",0.2274,0.604,0.2118,,
1760,208637,1759,,depth/001760.npy,1,118.9,245.3,-1.0,-100.0,-100.0,-100.0,141.0,70.0,0.0,0.0,0.0,0.0,0.0,31.0,10,-5,0,-6,"ORBIT pos+0.01 orbit L0.25 M0.61 R0.20 tn0.74 yaw+0 pit-5 rc(10, -5, 0, -6)",0.251,0.6118,0.204,,
1761,208761,1760,,depth/001761.npy,1,123.9,269.3,-1.0,-100.0,-100.0,-100.0,141.0,70.0,0.0,0.0,0.0,0.0,0.0,31.0,10,-5,0,-6,"ORBIT pos+0.00 orbit L0.25 M0.60 R0.20 tn0.75 yaw+0 pit-5 rc(10, -5, 0, -6)",0.2529,0.6001,0.204,,
1762,208886,1761,,depth/001762.npy,1,123.8,263.6,-1.0,-100.0,-100.0,-100.0,141.0,70.0,0.0,0.0,0.0,0.0,0.0,31.0,9,-5,0,-5,"ORBIT pos-0.01 orbit L0.25 M0.59 R0.20 tn0.76 yaw+0 pit-5 rc(9, -5, 0, -5)",0.251,0.5923,0.196,,
1763,209002,1762,,depth/001763.npy,1,122.1,279.7,-1.0,-100.0,-100.0,-100.0,141.0,70.0,0.0,0.0,0.0,0.0,0.0,31.0,9,-5,0,-5,"ORBIT pos-0.02 orbit L0.25 M0.56 R0.20 tn0.75 yaw+0 pit-5 rc(9, -5, 0, -5)",0.2471,0.5649,0.204,,
1764,209117,1763,,depth/001764.npy,1,123.3,254.8,-1.0,-100.0,-100.0,-100.0,141.0,70.0,0.0,0.0,0.0,0.0,0.0,31.0,9,-5,0,-5,"ORBIT pos-0.03 orbit L0.27 M0.57 R0.22 tn0.75 yaw+0 pit-5 rc(9, -5, 0, -5)",0.2744,0.5728,0.2157,,
1765,209240,1764,,depth/001765.npy,1,121.2,214.2,-1.0,-100.0,-100.0,-100.0,142.0,70.0,0.0,0.0,0.0,0.0,0.0,31.0,9,-5,0,-5,"ORBIT pos-0.04 orbit L0.26 M0.54 R0.20 tn0.75 yaw+0 pit-5 rc(9, -5, 0, -5)",0.2627,0.5449,0.204,,
1766,209364,1765,,depth/001766.npy,1,123.0,240.8,-1.0,-100.0,-100.0,-100.0,142.0,70.0,0.0,0.0,0.0,0.0,0.0,31.0,8,-5,0,-5,"ORBIT pos-0.05 orbit L0.28 M0.53 R0.20 tn0.74 yaw+0 pit-5 rc(8, -5, 0, -5)",0.2825,0.5332,0.204,,
1767,209479,1766,,depth/001767.npy,1,118.8,253.2,-1.0,-100.0,-100.0,-100.0,142.0,70.0,0.0,0.0,0.0,0.0,0.0,31.0,8,-5,0,-10,"ORBIT pos-0.06 orbit L0.27 M0.50 R0.18 tn0.74 yaw-5 pit-5 rc(8, -5, 0, -10)",0.2744,0.498,0.1843,,
1768,209595,1767,,depth/001768.npy,1,124.7,202.5,-1.0,-100.0,-100.0,-100.0,143.0,70.0,0.0,0.0,0.0,0.0,0.0,31.0,7,-6,0,-10,"ORBIT pos-0.07 orbit L0.28 M0.47 R0.17 tn0.76 yaw-6 pit-6 rc(7, -6, 0, -10)",0.2825,0.4746,0.1686,,
1769,209721,1768,,depth/001769.npy,1,125.1,220.1,-1.0,-100.0,-100.0,-100.0,144.0,70.0,0.0,0.0,0.0,0.0,-1.0,31.0,6,-5,0,-12,"ORBIT pos-0.10 orbit L0.29 M0.45 R0.18 tn0.75 yaw-8 pit-5 rc(6, -5, 0, -12)",0.2864,0.4548,0.1804,,
1770,209845,1769,,depth/001770.npy,1,123.9,223.9,-1.0,-100.0,-100.0,-100.0,144.0,70.0,0.0,0.0,0.0,0.0,-1.0,31.0,6,-7,0,-13,"ORBIT pos-0.11 orbit L0.29 M0.44 R0.18 tn0.77 yaw-9 pit-7 rc(6, -7, 0, -13)",0.2942,0.4353,0.1765,,
1771,209961,1770,,depth/001771.npy,1,121.4,237.5,-1.0,-100.0,-100.0,-100.0,144.0,70.0,0.0,0.0,0.0,0.0,-1.0,31.0,4,-9,0,-13,"ORBIT pos-0.14 orbit L0.32 M0.44 R0.18 tn0.81 yaw-11 pit-9 rc(4, -9, 0, -13)",0.3176,0.4431,0.1843,,
1772,210076,1771,,depth/001772.npy,1,125.4,216.5,-1.0,-100.0,-100.0,-100.0,144.0,70.0,0.0,0.0,0.0,0.0,-1.0,31.0,4,-9,0,-14,"ORBIT pos-0.16 orbit L0.32 M0.44 R0.18 tn0.80 yaw-12 pit-9 rc(4, -9, 0, -14)",0.3137,0.396,0.1608,,
1773,210201,1772,,depth/001773.npy,1,116.0,239.4,-1.0,-100.0,-100.0,-100.0,144.0,70.0,0.0,0.0,0.0,0.0,0.0,31.0,3,-9,0,-17,"ORBIT pos-0.19 orbit L0.33 M0.42 R0.18 tn0.81 yaw-15 pit-9 rc(3, -9, 0, -17)",0.3333,0.4158,0.1765,,
1774,210324,1773,,depth/001774.npy,1,122.7,271.3,-1.0,-100.0,-100.0,-100.0,144.0,70.0,0.0,0.0,0.0,1.0,0.0,31.0,2,-9,0,-17,"ORBIT pos-0.20 orbit L0.33 M0.42 R0.18 tn0.80 yaw-16 pit-9 rc(2, -9, 0, -17)",0.3333,0.4197,0.1843,,
1775,210441,1774,,depth/001775.npy,1,132.8,218.5,-1.0,-100.0,-100.0,-100.0,143.0,70.0,0.0,0.0,0.0,1.0,0.0,31.0,1,-7,0,-19,"ORBIT pos-0.22 orbit L0.34 M0.39 R0.17 tn0.77 yaw-18 pit-7 rc(1, -7, 0, -19)",0.3411,0.3921,0.1726,,
1776,210566,1775,,depth/001776.npy,1,122.7,264.5,-1.0,-100.0,-100.0,-100.0,143.0,70.0,0.0,0.0,0.0,1.0,-1.0,31.0,0,-5,0,-20,"ORBIT pos-0.24 orbit L0.35 M0.41 R0.18 tn0.76 yaw-20 pit-5 rc(0, -5, 0, -20)",0.355,0.408,0.1804,,
1777,210681,1776,,depth/001777.npy,1,120.4,215.8,-1.0,-100.0,-100.0,-100.0,142.0,70.0,0.0,0.0,0.0,0.0,-1.0,31.0,0,-5,0,-20,"ORBIT pos-0.25 center L0.35 M0.41 R0.18 tn0.75 yaw-20 pit-5 rc(0, -5, 0, -20)",0.3452,0.408,0.1686,,
1778,210806,1777,,depth/001778.npy,1,123.3,250.6,-1.0,-100.0,-100.0,-100.0,141.0,70.0,0.0,0.0,0.0,0.0,-1.0,31.0,0,-6,0,-21,"ORBIT pos-0.26 center L0.37 M0.41 R0.19 tn0.76 yaw-21 pit-6 rc(0, -6, 0, -21)",0.3687,0.4059,0.1882,,
1779,210922,1778,,depth/001779.npy,1,122.5,264.9,-1.0,-100.0,-100.0,-100.0,140.0,70.0,0.0,0.0,0.0,0.0,-1.0,31.0,0,-6,0,-21,"ORBIT pos-0.27 center L0.37 M0.41 R0.19 tn0.77 yaw-21 pit-6 rc(0, -6, 0, -21)",0.3647,0.4197,0.1921,,
1780,211037,1779,,depth/001780.npy,1,123.2,178.4,-1.0,-100.0,-100.0,-100.0,139.0,70.0,0.0,0.0,0.0,0.0,-1.0,31.0,0,-6,0,-21,"ORBIT pos-0.27 center L0.34 M0.44 R0.20 tn0.76 yaw-21 pit-6 rc(0, -6, 0, -21)",0.3372,0.4412,0.2,,
1781,211151,1780,,depth/001781.npy,1,119.4,190.7,-1.0,-100.0,-100.0,-100.0,138.0,70.0,0.0,0.0,0.0,0.0,-1.0,31.0,0,-6,0,-21,"ORBIT pos-0.26 center L0.34 M0.44 R0.20 tn0.76 yaw-21 pit-6 rc(0, -6, 0, -21)",0.3254,0.4392,0.2,,
1782,211264,1781,,depth/001782.npy,1,122.9,207.9,-1.0,-100.0,-100.0,-100.0,137.0,70.0,0.0,0.0,0.0,0.0,-1.0,31.0,0,-5,0,-20,"ORBIT pos-0.25 center L0.33 M0.44 R0.20 tn0.76 yaw-20 pit-5 rc(0, -5, 0, -20)",0.2981,0.4509,0.196,,
1783,211381,1782,,depth/001783.npy,1,130.3,190.7,-1.0,-100.0,-100.0,-100.0,136.0,70.0,0.0,0.0,0.0,0.0,-1.0,31.0,0,0,0,-19,"ORBIT pos-0.24 orbit L0.30 M0.45 R0.20 tn0.74 yaw-19 pit+0 rc(0, 0, 0, -19)",0.2981,0.502,0.2196,,
1784,211496,1783,,depth/001783.npy,1,130.3,304.5,-1.0,-100.0,-100.0,-100.0,135.0,70.0,0.0,0.0,0.0,0.0,-1.0,31.0,2,0,0,-17,"ORBIT pos-0.20 orbit L0.30 M0.50 R0.22 tn0.71 yaw-16 pit+0 rc(2, 0, 0, -17)",0.2981,0.502,0.2196,,
1785,211620,1784,,depth/001785.npy,1,114.6,160.3,-1.0,-100.0,-100.0,-100.0,133.0,70.0,0.0,0.0,0.0,0.0,0.0,31.0,3,0,0,-16,"ORBIT pos-0.18 orbit L0.28 M0.56 R0.24 tn0.69 yaw-14 pit+0 rc(3, 0, 0, -16)",0.2588,0.5649,0.2313,,
1786,211745,1785,,depth/001786.npy,1,120.3,188.5,-1.0,-100.0,-100.0,-100.0,132.0,70.0,0.0,0.0,0.0,0.0,-1.0,31.0,5,0,0,-14,"ORBIT pos-0.13 orbit L0.26 M0.56 R0.23 tn0.67 yaw-11 pit+0 rc(5, 0, 0, -14)",0.2313,0.5962,0.2354,,
1787,211864,1786,,depth/001786.npy,1,120.3,302.4,-1.0,-100.0,-100.0,-100.0,131.0,70.0,0.0,0.0,0.0,0.0,-1.0,31.0,6,0,0,-12,"ORBIT pos-0.11 orbit L0.23 M0.60 R0.24 tn0.65 yaw-8 pit+0 rc(6, 0, 0, -12)",0.2313,0.5962,0.2354,,
1788,211978,1787,,depth/001788.npy,1,128.1,286.1,-1.0,-100.0,-100.0,-100.0,131.0,70.0,0.0,0.0,0.0,0.0,0.0,31.0,8,5,0,-9,"ORBIT pos-0.05 orbit L0.22 M0.62 R0.24 tn0.64 yaw-4 pit+5 rc(8, 5, 0, -9)",0.2196,0.6157,0.2432,,
1789,212103,1788,,depth/001789.npy,1,120.8,245.7,-1.0,-100.0,-100.0,-100.0,130.0,70.0,0.0,0.0,0.0,0.0,0.0,30.0,10,5,0,-6,"ORBIT pos-0.01 orbit L0.22 M0.62 R0.24 tn0.64 yaw+0 pit+5 rc(10, 5, 0, -6)",0.2157,0.6157,0.2393,,
1790,212228,1789,,depth/001790.npy,1,117.8,272.5,-1.0,-100.0,-100.0,-100.0,130.0,70.0,0.0,0.0,0.0,0.0,0.0,30.0,9,0,0,-5,"ORBIT pos+0.02 orbit L0.20 M0.58 R0.24 tn0.64 yaw+0 pit+0 rc(9, 0, 0, -5)",0.2,0.5825,0.2354,,
1791,212345,1790,,depth/001791.npy,1,127.9,286.5,-1.0,-100.0,-100.0,-100.0,129.0,70.0,0.0,0.0,0.0,0.0,0.0,30.0,8,0,0,-1,"ORBIT pos+0.05 orbit L0.20 M0.58 R0.24 tn0.66 yaw+4 pit+0 rc(8, 0, 0, -1)",0.2,0.5806,0.2354,,
1792,212469,1791,,depth/001792.npy,1,121.4,280.0,-1.0,-100.0,-100.0,-100.0,129.0,70.0,0.0,0.0,0.0,0.0,0.0,30.0,7,0,0,2,"ORBIT pos+0.07 orbit L0.20 M0.56 R0.24 tn0.66 yaw+6 pit+0 rc(7, 0, 0, 2)",0.204,0.5649,0.2432,,
1793,212583,1792,,depth/001793.npy,1,124.0,286.2,-1.0,-100.0,-100.0,-100.0,129.0,70.0,0.0,0.0,0.0,0.0,0.0,30.0,6,0,0,4,"ORBIT pos+0.10 orbit L0.20 M0.57 R0.24 tn0.67 yaw+8 pit+0 rc(6, 0, 0, 4)",0.196,0.5688,0.2354,,
1794,212700,1793,,depth/001794.npy,1,120.7,244.9,-1.0,-100.0,-100.0,-100.0,129.0,70.0,0.0,0.0,0.0,0.0,0.0,30.0,6,0,0,5,"ORBIT pos+0.11 orbit L0.21 M0.58 R0.25 tn0.69 yaw+9 pit+0 rc(6, 0, 0, 5)",0.2118,0.5806,0.251,,
1795,212817,1794,,depth/001795.npy,1,135.0,260.7,-1.0,-100.0,-100.0,-100.0,129.0,70.0,0.0,0.0,0.0,0.0,0.0,30.0,5,0,0,7,"ORBIT pos+0.13 orbit L0.20 M0.55 R0.25 tn0.71 yaw+10 pit+0 rc(5, 0, 0, 7)",0.202,0.5527,0.2549,,
1796,212932,1795,,depth/001796.npy,1,156.9,211.0,-1.0,-100.0,-100.0,-100.0,129.0,70.0,0.0,0.0,0.0,0.0,0.0,30.0,5,0,0,8,"ORBIT pos+0.13 orbit L0.20 M0.55 R0.25 tn0.71 yaw+11 pit+0 rc(5, 0, 0, 8)",0.196,0.5527,0.2588,,
1797,213046,1796,,depth/001797.npy,1,129.6,189.3,-1.0,-100.0,-100.0,-100.0,129.0,70.0,0.0,0.0,0.0,0.0,0.0,30.0,4,0,0,9,"ORBIT pos+0.14 orbit L0.20 M0.55 R0.26 tn0.73 yaw+11 pit+0 rc(4, 0, 0, 9)",0.2,0.5527,0.2588,,
1798,213171,1797,,depth/001798.npy,1,124.1,178.9,-1.0,-100.0,-100.0,-100.0,130.0,70.0,0.0,0.0,0.0,0.0,0.0,30.0,4,0,0,10,"ORBIT pos+0.15 orbit L0.20 M0.57 R0.26 tn0.74 yaw+12 pit+0 rc(4, 0, 0, 10)",0.2,0.5688,0.2588,,
1799,213296,1798,,depth/001799.npy,1,121.1,175.7,-1.0,-100.0,-100.0,-100.0,130.0,70.0,0.0,0.0,0.0,0.0,0.0,30.0,4,-5,0,10,"ORBIT pos+0.15 orbit L0.20 M0.57 R0.26 tn0.74 yaw+12 pit-5 rc(4, -5, 0, 10)",0.196,0.5728,0.2549,,
1800,213414,1799,,depth/001800.npy,1,126.4,191.4,-1.0,-100.0,-100.0,-100.0,131.0,70.0,0.0,0.0,0.0,0.0,0.0,30.0,4,-5,0,10,"ORBIT pos+0.15 orbit L0.20 M0.57 R0.25 tn0.75 yaw+12 pit-5 rc(4, -5, 0, 10)",0.196,0.5708,0.2471,,
1801,213527,1800,,depth/001801.npy,1,119.6,171.9,-1.0,-100.0,-100.0,-100.0,131.0,70.0,0.0,0.0,0.0,0.0,0.0,30.0,4,-5,0,10,"ORBIT pos+0.14 orbit L0.20 M0.57 R0.25 tn0.75 yaw+12 pit-5 rc(4, -5, 0, 10)",0.204,0.5688,0.2432,,
1802,213642,1801,,depth/001801.npy,1,119.6,290.8,-1.0,-100.0,-100.0,-100.0,132.0,70.0,0.0,0.0,0.0,0.0,0.0,30.0,4,-6,0,9,"ORBIT pos+0.14 orbit L0.20 M0.57 R0.24 tn0.76 yaw+11 pit-6 rc(4, -6, 0, 9)",0.204,0.5688,0.2432,,
1803,213759,1802,,depth/001803.npy,1,130.9,301.0,-1.0,-100.0,-100.0,-100.0,133.0,70.0,0.0,0.0,0.0,0.0,0.0,30.0,4,-6,0,9,"ORBIT pos+0.14 orbit L0.20 M0.58 R0.24 tn0.76 yaw+11 pit-6 rc(4, -6, 0, 9)",0.202,0.5767,0.2354,,
1804,213877,1803,,depth/001804.npy,1,192.9,253.3,-1.0,-100.0,-100.0,-100.0,133.0,70.0,0.0,0.0,0.0,0.0,0.0,30.0,5,-6,0,7,"ORBIT pos+0.13 orbit L0.22 M0.60 R0.24 tn0.77 yaw+10 pit-6 rc(5, -6, 0, 7)",0.2196,0.5962,0.2354,,
1805,214002,1804,,depth/001805.npy,1,111.5,180.6,-1.0,-100.0,-100.0,-100.0,134.0,70.0,0.0,0.0,0.0,0.0,0.0,30.0,5,-6,0,7,"ORBIT pos+0.12 orbit L0.22 M0.60 R0.24 tn0.77 yaw+10 pit-6 rc(5, -6, 0, 7)",0.2235,0.6157,0.2313,,
1806,214118,1805,,depth/001806.npy,1,118.7,225.0,-1.0,-100.0,-100.0,-100.0,135.0,70.0,0.0,0.0,0.0,0.0,0.0,30.0,6,-6,0,4,"ORBIT pos+0.09 orbit L0.23 M0.60 R0.22 tn0.77 yaw+8 pit-6 rc(6, -6, 0, 4)",0.2274,0.5981,0.2196,,
1807,214243,1806,,depth/001807.npy,1,128.8,217.4,-1.0,-100.0,-100.0,-100.0,135.0,70.0,0.0,0.0,0.0,0.0,0.0,30.0,7,-6,0,2,"ORBIT pos+0.08 orbit L0.23 M0.60 R0.22 tn0.77 yaw+6 pit-6 rc(7, -6, 0, 2)",0.2274,0.5981,0.2196,,
1808,214368,1807,,depth/001808.npy,1,118.2,242.5,-1.0,-100.0,-100.0,-100.0,135.0,70.0,0.0,0.0,0.0,0.0,0.0,30.0,8,-6,0,-5,"ORBIT pos+0.05 orbit L0.24 M0.59 R0.22 tn0.76 yaw+0 pit-6 rc(8, -6, 0, -5)",0.2354,0.5923,0.2196,,
1809,214492,1808,,depth/001809.npy,1,120.8,271.3,-1.0,-100.0,-100.0,-100.0,135.0,70.0,0.0,0.0,0.0,0.0,0.0,30.0,8,-5,0,-5,"ORBIT pos+0.04 orbit L0.24 M0.59 R0.22 tn0.75 yaw+0 pit-5 rc(8, -5, 0, -5)",0.2412,0.5728,0.2235,,
1810,214609,1809,,depth/001810.npy,1,122.2,218.2,-1.0,-100.0,-100.0,-100.0,135.0,70.0,0.0,0.0,0.0,0.0,0.0,30.0,9,0,0,-5,"ORBIT pos+0.01 orbit L0.25 M0.58 R0.22 tn0.74 yaw+0 pit+0 rc(9, 0, 0, -5)",0.251,0.5767,0.2157,,
1811,214734,1810,,depth/001811.npy,1,122.9,273.3,-1.0,-100.0,-100.0,-100.0,136.0,70.0,0.0,0.0,0.0,0.0,0.0,30.0,10,0,0,-6,"ORBIT pos+0.00 orbit L0.25 M0.58 R0.22 tn0.73 yaw+0 pit+0 rc(10, 0, 0, -6)",0.251,0.5669,0.2235,,
1812,214858,1811,,depth/001812.npy,1,120.0,271.6,-1.0,-100.0,-100.0,-100.0,136.0,70.0,0.0,0.0,0.0,0.0,0.0,30.0,9,0,0,-5,"ORBIT pos-0.02 orbit L0.25 M0.56 R0.22 tn0.72 yaw+0 pit+0 rc(9, 0, 0, -5)",0.251,0.5605,0.2196,,
1813,214983,1812,,depth/001813.npy,1,123.7,251.9,-1.0,-100.0,-100.0,-100.0,137.0,70.0,0.0,0.0,0.0,0.0,0.0,30.0,9,0,0,-5,"ORBIT pos-0.03 orbit L0.25 M0.53 R0.22 tn0.71 yaw+0 pit+0 rc(9, 0, 0, -5)",0.2549,0.5332,0.2177,,
1814,215101,1813,,depth/001814.npy,1,120.7,216.6,-1.0,-100.0,-100.0,-100.0,137.0,70.0,0.0,0.0,0.0,0.0,0.0,30.0,8,0,0,-5,"ORBIT pos-0.05 orbit L0.27 M0.52 R0.22 tn0.71 yaw+0 pit+0 rc(8, 0, 0, -5)",0.2744,0.5176,0.2157,,
1815,215215,1814,,depth/001815.npy,1,126.7,268.4,-1.0,-100.0,-100.0,-100.0,137.0,70.0,0.0,0.0,0.0,0.0,0.0,30.0,7,0,0,-10,"ORBIT pos-0.07 orbit L0.27 M0.51 R0.22 tn0.70 yaw-6 pit+0 rc(7, 0, 0, -10)",0.2744,0.5137,0.2157,,
1816,215340,1815,,depth/001816.npy,1,121.3,260.5,-1.0,-100.0,-100.0,-100.0,137.0,70.0,0.0,0.0,0.0,0.0,0.0,30.0,7,0,0,-10,"ORBIT pos-0.08 orbit L0.27 M0.51 R0.22 tn0.70 yaw-6 pit+0 rc(7, 0, 0, -10)",0.2744,0.5098,0.2118,,
1817,215455,1816,,depth/001817.npy,1,123.2,231.4,-1.0,-100.0,-100.0,-100.0,137.0,70.0,0.0,0.0,0.0,0.0,0.0,30.0,6,0,0,-12,"ORBIT pos-0.09 orbit L0.28 M0.50 R0.22 tn0.69 yaw-8 pit+0 rc(6, 0, 0, -12)",0.2783,0.498,0.2157,,
1818,215571,1817,,depth/001818.npy,1,123.4,173.9,-1.0,-100.0,-100.0,-100.0,137.0,70.0,0.0,0.0,0.0,0.0,0.0,30.0,6,0,0,-12,"ORBIT pos-0.10 orbit L0.28 M0.50 R0.22 tn0.69 yaw-8 pit+0 rc(6, 0, 0, -12)",0.2783,0.4824,0.196,,
1819,215695,1818,,depth/001819.npy,1,122.3,203.3,-1.0,-100.0,-100.0,-100.0,137.0,70.0,0.0,0.0,0.0,0.0,0.0,30.0,5,0,0,-12,"ORBIT pos-0.12 orbit L0.28 M0.49 R0.20 tn0.67 yaw-9 pit+0 rc(5, 0, 0, -12)",0.2783,0.4863,0.2,,
1820,215820,1819,,depth/001820.npy,1,120.6,229.7,-1.0,-100.0,-100.0,-100.0,137.0,70.0,0.0,0.0,0.0,0.0,0.0,30.0,5,0,0,-14,"ORBIT pos-0.13 orbit L0.27 M0.47 R0.21 tn0.66 yaw-11 pit+0 rc(5, 0, 0, -14)",0.2744,0.4746,0.2118,,
1821,215942,1820,,depth/001821.npy,1,119.3,185.4,-1.0,-100.0,-100.0,-100.0,136.0,70.0,0.0,0.0,0.0,0.0,0.0,29.0,5,0,0,-14,"ORBIT pos-0.14 orbit L0.27 M0.47 R0.21 tn0.65 yaw-11 pit+0 rc(5, 0, 0, -14)",0.2744,0.4707,0.2079,,
1822,216060,1821,,depth/001822.npy,1,124.3,166.8,-1.0,-100.0,-100.0,-100.0,136.0,70.0,0.0,0.0,0.0,0.0,0.0,29.0,4,0,0,-14,"ORBIT pos-0.15 orbit L0.27 M0.47 R0.21 tn0.64 yaw-12 pit+0 rc(4, 0, 0, -14)",0.2744,0.4707,0.2079,,
1823,216175,1822,,depth/001823.npy,1,123.3,183.4,-1.0,-100.0,-100.0,-100.0,136.0,70.0,0.0,0.0,0.0,0.0,0.0,29.0,4,5,0,-14,"ORBIT pos-0.15 orbit L0.27 M0.47 R0.21 tn0.64 yaw-12 pit+5 rc(4, 5, 0, -14)",0.2804,0.4707,0.2157,,
1824,216299,1823,,depth/001824.npy,1,119.7,203.4,-1.0,-100.0,-100.0,-100.0,136.0,70.0,0.0,0.0,0.0,0.0,0.0,29.0,4,5,0,-14,"ORBIT pos-0.16 orbit L0.29 M0.47 R0.22 tn0.64 yaw-12 pit+5 rc(4, 5, 0, -14)",0.2864,0.4707,0.2235,,
1825,216423,1824,,depth/001825.npy,1,125.3,203.4,-1.0,-100.0,-100.0,-100.0,136.0,70.0,0.0,0.0,0.0,0.0,0.0,29.0,4,5,0,-15,"ORBIT pos-0.16 orbit L0.29 M0.47 R0.22 tn0.64 yaw-13 pit+5 rc(4, 5, 0, -15)",0.2903,0.4746,0.2196,,
1826,216540,1825,,depth/001826.npy,1,118.5,183.2,-1.0,-100.0,-100.0,-100.0,135.0,70.0,0.0,0.0,0.0,0.0,0.0,29.0,3,0,0,-15,"ORBIT pos-0.16 orbit L0.29 M0.47 R0.23 tn0.64 yaw-13 pit+0 rc(3, 0, 0, -15)",0.2883,0.4707,0.2274,,
1827,216663,1826,,depth/001827.npy,1,128.5,171.6,-1.0,-100.0,-100.0,-100.0,134.0,70.0,0.0,0.0,0.0,0.0,0.0,29.0,3,0,0,-15,"ORBIT pos-0.17 orbit L0.29 M0.47 R0.23 tn0.64 yaw-13 pit+0 rc(3, 0, 0, -15)",0.2864,0.4707,0.2313,,
1828,216778,1827,,depth/001828.npy,1,122.5,189.5,-1.0,-100.0,-100.0,-100.0,133.0,70.0,0.0,0.0,0.0,0.0,-1.0,29.0,3,0,0,-16,"ORBIT pos-0.17 orbit L0.29 M0.47 R0.23 tn0.65 yaw-14 pit+0 rc(3, 0, 0, -16)",0.2864,0.4863,0.2235,,
1829,216893,1828,,depth/001829.npy,1,122.8,171.3,-1.0,-100.0,-100.0,-100.0,132.0,70.0,0.0,0.0,0.0,0.0,-1.0,29.0,3,0,0,-15,"ORBIT pos-0.17 orbit L0.29 M0.49 R0.22 tn0.64 yaw-13 pit+0 rc(3, 0, 0, -15)",0.2744,0.5059,0.2313,,
1830,217010,1829,,depth/001830.npy,1,116.7,184.0,-1.0,-100.0,-100.0,-100.0,131.0,70.0,0.0,0.0,0.0,0.0,0.0,29.0,4,5,0,-14,"ORBIT pos-0.15 orbit L0.27 M0.51 R0.23 tn0.63 yaw-12 pit+5 rc(4, 5, 0, -14)",0.2666,0.5254,0.2393,,
1831,217125,1830,,depth/001830.npy,1,116.7,298.0,-1.0,-100.0,-100.0,-100.0,131.0,70.0,0.0,0.0,0.0,0.0,-1.0,29.0,4,5,0,-13,"ORBIT pos-0.14 orbit L0.27 M0.53 R0.24 tn0.63 yaw-11 pit+5 rc(4, 5, 0, -13)",0.2666,0.5254,0.2393,,
1832,217250,1831,,depth/001832.npy,1,132.2,327.3,-1.0,-100.0,-100.0,-100.0,130.0,70.0,0.0,0.0,0.0,0.0,0.0,29.0,6,5,0,-12,"ORBIT pos-0.10 orbit L0.24 M0.54 R0.25 tn0.62 yaw-8 pit+5 rc(6, 5, 0, -12)",0.2393,0.5449,0.2471,,
1833,217374,1832,,depth/001833.npy,1,118.1,152.3,-1.0,-100.0,-100.0,-100.0,128.0,70.0,0.0,0.0,0.0,0.0,0.0,29.0,7,6,0,-11,"ORBIT pos-0.08 orbit L0.23 M0.57 R0.24 tn0.61 yaw-7 pit+6 rc(7, 6, 0, -11)",0.2274,0.5806,0.2432,,
1834,217492,1833,,depth/001833.npy,1,118.1,267.2,-1.0,-100.0,-100.0,-100.0,127.0,70.0,0.0,0.0,0.0,0.0,0.0,29.0,9,7,0,-5,"ORBIT pos-0.04 orbit L0.23 M0.58 R0.24 tn0.60 yaw+0 pit+7 rc(9, 7, 0, -5)",0.2274,0.5806,0.2432,,
1835,217607,1834,,depth/001835.npy,1,131.6,305.7,-1.0,-100.0,-100.0,-100.0,127.0,70.0,0.0,0.0,0.0,0.0,0.0,29.0,9,8,0,-5,"ORBIT pos-0.02 orbit L0.22 M0.57 R0.24 tn0.59 yaw+0 pit+8 rc(9, 8, 0, -5)",0.2177,0.5728,0.2354,,
1836,217721,1835,,depth/001836.npy,1,117.5,299.7,-1.0,-100.0,-100.0,-100.0,126.0,70.0,0.0,0.0,0.0,0.0,0.0,29.0,9,8,0,-5,"ORBIT pos+0.03 orbit L0.22 M0.56 R0.25 tn0.60 yaw+0 pit+8 rc(9, 8, 0, -5)",0.2157,0.5605,0.2471,,
1837,217845,1836,,depth/001837.npy,1,127.9,255.4,-1.0,-100.0,-100.0,-100.0,126.0,70.0,0.0,0.0,0.0,0.0,0.0,29.0,8,7,0,-1,"ORBIT pos+0.05 orbit L0.22 M0.54 R0.25 tn0.60 yaw+4 pit+7 rc(8, 7, 0, -1)",0.2196,0.541,0.2549,,
1838,217962,1837,,depth/001838.npy,1,122.4,264.1,-1.0,-100.0,-100.0,-100.0,126.0,70.0,0.0,0.0,0.0,0.0,0.0,29.0,6,6,0,3,"ORBIT pos+0.09 orbit L0.22 M0.52 R0.26 tn0.61 yaw+7 pit+6 rc(6, 6, 0, 3)",0.2235,0.5215,0.2627,,
1839,218088,1838,,depth/001839.npy,1,143.0,258.1,-1.0,-100.0,-100.0,-100.0,125.0,70.0,0.0,0.0,0.0,0.0,0.0,29.0,5,5,0,6,"ORBIT pos+0.11 orbit L0.22 M0.52 R0.27 tn0.63 yaw+9 pit+5 rc(5, 5, 0, 6)",0.2216,0.5176,0.2744,,
1840,218212,1839,,depth/001840.npy,1,117.0,215.6,-1.0,-100.0,-100.0,-100.0,125.0,70.0,0.0,0.0,0.0,0.0,0.0,29.0,5,5,0,7,"ORBIT pos+0.13 orbit L0.22 M0.51 R0.29 tn0.63 yaw+10 pit+5 rc(5, 5, 0, 7)",0.2216,0.5059,0.2864,,
1841,218326,1840,,depth/001841.npy,1,118.4,239.3,-1.0,-100.0,-100.0,-100.0,125.0,70.0,0.0,0.0,0.0,0.0,0.0,29.0,4,0,0,9,"ORBIT pos+0.14 orbit L0.23 M0.51 R0.29 tn0.64 yaw+11 pit+0 rc(4, 0, 0, 9)",0.2294,0.5078,0.2864,,
1842,218445,1841,,depth/001842.npy,1,123.5,218.1,-1.0,-100.0,-100.0,-100.0,126.0,70.0,0.0,0.0,0.0,0.0,0.0,29.0,4,0,0,10,"ORBIT pos+0.15 orbit L0.22 M0.51 R0.29 tn0.65 yaw+12 pit+0 rc(4, 0, 0, 10)",0.2235,0.5078,0.2864,,
1843,218560,1842,,depth/001843.npy,1,123.1,200.5,-1.0,-100.0,-100.0,-100.0,126.0,70.0,0.0,0.0,0.0,0.0,0.0,29.0,4,0,0,10,"ORBIT pos+0.15 orbit L0.22 M0.53 R0.29 tn0.66 yaw+12 pit+0 rc(4, 0, 0, 10)",0.2235,0.5273,0.2942,,
1844,218685,1843,,depth/001844.npy,1,121.0,261.5,-1.0,-100.0,-100.0,-100.0,126.0,70.0,0.0,0.0,0.0,0.0,-1.0,29.0,4,0,0,10,"ORBIT pos+0.16 orbit L0.22 M0.52 R0.29 tn0.66 yaw+12 pit+0 rc(4, 0, 0, 10)",0.2235,0.5176,0.2903,,
1845,218799,1844,,depth/001845.npy,1,122.5,210.8,-1.0,-100.0,-100.0,-100.0,126.0,70.0,0.0,0.0,0.0,0.0,0.0,29.0,4,0,0,11,"ORBIT pos+0.16 orbit L0.23 M0.52 R0.28 tn0.66 yaw+13 pit+0 rc(4, 0, 0, 11)",0.2274,0.5215,0.2783,,
1846,218915,1845,,depth/001846.npy,1,122.3,223.6,-1.0,-100.0,-100.0,-100.0,126.0,70.0,0.0,0.0,0.0,0.0,0.0,29.0,4,0,0,11,"ORBIT pos+0.16 orbit L0.23 M0.52 R0.28 tn0.67 yaw+13 pit+0 rc(4, 0, 0, 11)",0.2255,0.5254,0.2783,,
1847,219029,1846,,depth/001847.npy,1,127.4,206.6,-1.0,-100.0,-100.0,-100.0,126.0,70.0,0.0,0.0,0.0,0.0,0.0,29.0,4,0,0,10,"ORBIT pos+0.16 orbit L0.22 M0.52 R0.28 tn0.67 yaw+12 pit+0 rc(4, 0, 0, 10)",0.2235,0.5215,0.2783,,
1848,219154,1847,,depth/001848.npy,1,120.6,232.4,-1.0,-100.0,-100.0,-100.0,126.0,70.0,0.0,0.0,0.0,0.0,0.0,29.0,4,0,0,10,"ORBIT pos+0.15 orbit L0.22 M0.52 R0.27 tn0.67 yaw+12 pit+0 rc(4, 0, 0, 10)",0.2235,0.5176,0.2744,,
1849,219268,1848,,depth/001849.npy,1,122.2,212.4,-1.0,-100.0,-100.0,-100.0,126.0,70.0,0.0,0.0,0.0,0.0,0.0,29.0,4,0,0,10,"ORBIT pos+0.15 orbit L0.22 M0.52 R0.27 tn0.67 yaw+12 pit+0 rc(4, 0, 0, 10)",0.2235,0.5234,0.2744,,
1850,219383,1849,,depth/001850.npy,1,123.0,160.9,-1.0,-100.0,-100.0,-100.0,126.0,70.0,0.0,0.0,0.0,0.0,0.0,29.0,4,0,0,10,"ORBIT pos+0.15 orbit L0.22 M0.52 R0.27 tn0.68 yaw+12 pit+0 rc(4, 0, 0, 10)",0.2235,0.5215,0.2744,,
1851,219508,1850,,depth/001851.npy,1,120.2,200.7,-1.0,-100.0,-100.0,-100.0,125.0,70.0,0.0,0.0,0.0,0.0,0.0,29.0,4,0,0,10,"ORBIT pos+0.15 orbit L0.22 M0.53 R0.27 tn0.68 yaw+12 pit+0 rc(4, 0, 0, 10)",0.2235,0.5254,0.2744,,
1852,219631,1851,,depth/001852.npy,1,124.7,209.7,-1.0,-100.0,-100.0,-100.0,125.0,70.0,0.0,0.0,0.0,0.0,0.0,29.0,4,0,0,10,"ORBIT pos+0.15 orbit L0.22 M0.53 R0.27 tn0.68 yaw+12 pit+0 rc(4, 0, 0, 10)",0.2353,0.5293,0.2825,,
1853,219750,1852,,depth/001853.npy,1,119.8,191.9,-1.0,-100.0,-100.0,-100.0,124.0,70.0,0.0,0.0,0.0,0.0,0.0,29.0,4,0,0,10,"ORBIT pos+0.15 orbit L0.23 M0.52 R0.29 tn0.68 yaw+12 pit+0 rc(4, 0, 0, 10)",0.2294,0.5215,0.2864,,
1854,219875,1853,,depth/001854.npy,1,121.7,180.6,-1.0,-100.0,-100.0,-100.0,125.0,70.0,0.0,0.0,0.0,0.0,0.0,29.0,4,0,0,10,"ORBIT pos+0.15 orbit L0.23 M0.52 R0.29 tn0.68 yaw+12 pit+0 rc(4, 0, 0, 10)",0.2255,0.498,0.3059,,
1855,219999,1854,,depth/001855.npy,1,123.2,177.6,-1.0,-100.0,-100.0,-100.0,125.0,70.0,0.0,0.0,0.0,0.0,0.0,29.0,3,0,0,11,"ORBIT pos+0.17 orbit L0.23 M0.50 R0.31 tn0.68 yaw+13 pit+0 rc(3, 0, 0, 11)",0.2274,0.498,0.3059,,
1856,220123,1855,,depth/001856.npy,1,119.0,194.5,-1.0,-100.0,-100.0,-100.0,125.0,70.0,0.0,0.0,0.0,0.0,0.0,29.0,3,0,0,12,"ORBIT pos+0.17 orbit L0.23 M0.50 R0.31 tn0.68 yaw+14 pit+0 rc(3, 0, 0, 12)",0.2196,0.498,0.3059,,
1857,220239,1856,,depth/001857.npy,1,123.0,181.5,-1.0,-100.0,-100.0,-100.0,126.0,70.0,0.0,0.0,0.0,0.0,0.0,29.0,3,0,0,12,"ORBIT pos+0.18 orbit L0.22 M0.49 R0.30 tn0.70 yaw+14 pit+0 rc(3, 0, 0, 12)",0.2157,0.4941,0.302,,
1858,220364,1857,,depth/001858.npy,1,123.2,171.2,-1.0,-100.0,-100.0,-100.0,126.0,70.0,0.0,0.0,0.0,0.0,0.0,29.0,3,0,0,13,"ORBIT pos+0.18 orbit L0.22 M0.49 R0.30 tn0.71 yaw+15 pit+0 rc(3, 0, 0, 13)",0.2137,0.4941,0.2981,,
1859,220487,1858,,depth/001859.npy,1,123.7,184.5,-1.0,-100.0,-100.0,-100.0,127.0,70.0,0.0,0.0,0.0,0.0,0.0,29.0,2,0,0,14,"ORBIT pos+0.19 orbit L0.21 M0.50 R0.29 tn0.71 yaw+15 pit+0 rc(2, 0, 0, 14)",0.2079,0.4961,0.2903,,
1860,220610,1859,,depth/001860.npy,1,116.4,179.0,-1.0,-100.0,-100.0,-100.0,127.0,70.0,0.0,0.0,0.0,0.0,0.0,29.0,2,0,0,14,"ORBIT pos+0.19 orbit L0.21 M0.50 R0.29 tn0.71 yaw+15 pit+0 rc(2, 0, 0, 14)",0.2196,0.5059,0.2981,,
1861,220726,1860,,depth/001861.npy,1,124.3,167.4,-1.0,-100.0,-100.0,-100.0,128.0,70.0,0.0,0.0,0.0,0.0,0.0,29.0,2,0,0,14,"ORBIT pos+0.19 orbit L0.22 M0.51 R0.29 tn0.72 yaw+15 pit+0 rc(2, 0, 0, 14)",0.2157,0.5078,0.2903,,
1862,220851,1861,,depth/001862.npy,1,127.4,190.4,-1.0,-100.0,-100.0,-100.0,128.0,70.0,0.0,0.0,0.0,0.0,0.0,29.0,3,0,0,13,"ORBIT pos+0.19 orbit L0.22 M0.52 R0.28 tn0.72 yaw+15 pit+0 rc(3, 0, 0, 13)",0.2235,0.5215,0.2825,,
1863,220975,1862,,depth/001863.npy,1,119.7,215.5,-1.0,-100.0,-100.0,-100.0,129.0,70.0,0.0,0.0,0.0,0.0,0.0,29.0,3,0,0,13,"ORBIT pos+0.18 orbit L0.22 M0.52 R0.28 tn0.72 yaw+15 pit+0 rc(3, 0, 0, 13)",0.2079,0.541,0.2549,,
1864,221099,1863,,depth/001864.npy,1,125.1,175.3,-1.0,-100.0,-100.0,-100.0,130.0,70.0,0.0,0.0,0.0,0.0,0.0,29.0,3,-5,0,11,"ORBIT pos+0.17 orbit L0.22 M0.56 R0.25 tn0.74 yaw+13 pit-5 rc(3, -5, 0, 11)",0.2157,0.5605,0.2471,,
1865,221216,1864,,depth/001865.npy,1,123.8,191.1,-1.0,-100.0,-100.0,-100.0,131.0,70.0,0.0,0.0,0.0,0.0,0.0,29.0,4,-5,0,10,"ORBIT pos+0.16 orbit L0.22 M0.56 R0.25 tn0.74 yaw+12 pit-5 rc(4, -5, 0, 10)",0.2157,0.5767,0.2393,,
1866,221330,1865,,depth/001866.npy,1,124.0,170.0,-1.0,-100.0,-100.0,-100.0,132.0,70.0,0.0,0.0,0.0,0.0,0.0,29.0,5,-5,0,8,"ORBIT pos+0.13 orbit L0.22 M0.58 R0.24 tn0.75 yaw+11 pit-5 rc(5, -5, 0, 8)",0.2196,0.5845,0.2313,,
1867,221454,1866,,depth/001867.npy,1,125.2,196.1,-1.0,-100.0,-100.0,-100.0,132.0,70.0,0.0,0.0,0.0,0.0,0.0,29.0,5,-5,0,7,"ORBIT pos+0.12 orbit L0.22 M0.58 R0.23 tn0.75 yaw+10 pit-5 rc(5, -5, 0, 7)",0.2313,0.6001,0.2313,,
1868,221579,1867,,depth/001868.npy,1,116.3,190.5,-1.0,-100.0,-100.0,-100.0,133.0,70.0,0.0,0.0,0.0,0.0,0.0,29.0,6,-5,0,4,"ORBIT pos+0.09 orbit L0.23 M0.60 R0.23 tn0.76 yaw+8 pit-5 rc(6, -5, 0, 4)",0.2333,0.604,0.2432,,
1869,221695,1868,,depth/001869.npy,1,119.6,202.7,-1.0,-100.0,-100.0,-100.0,133.0,70.0,0.0,0.0,0.0,0.0,0.0,29.0,7,-6,0,2,"ORBIT pos+0.08 orbit L0.23 M0.60 R0.24 tn0.76 yaw+6 pit-6 rc(7, -6, 0, 2)",0.2354,0.5884,0.2432,,
1870,221810,1869,,depth/001870.npy,1,131.1,215.2,-1.0,-100.0,-100.0,-100.0,135.0,70.0,0.0,0.0,0.0,0.0,0.0,29.0,8,-5,0,-1,"ORBIT pos+0.06 orbit L0.24 M0.59 R0.24 tn0.75 yaw+4 pit-5 rc(8, -5, 0, -1)",0.2432,0.5845,0.251,,
1871,221935,1870,,depth/001871.npy,1,118.7,173.1,-1.0,-100.0,-100.0,-100.0,135.0,70.0,0.0,0.0,0.0,0.0,0.0,29.0,8,-5,0,-5,"ORBIT pos+0.04 orbit L0.24 M0.58 R0.25 tn0.75 yaw+0 pit-5 rc(8, -5, 0, -5)",0.2549,0.5688,0.2393,,
1872,222060,1871,,depth/001872.npy,1,120.1,199.3,-1.0,-100.0,-100.0,-100.0,136.0,70.0,0.0,0.0,0.0,0.0,0.0,28.0,9,-6,0,-5,"ORBIT pos+0.01 orbit L0.25 M0.57 R0.24 tn0.76 yaw+0 pit-6 rc(9, -6, 0, -5)",0.2627,0.5527,0.2471,,
1873,222179,1872,,depth/001873.npy,1,127.6,168.1,-1.0,-100.0,-100.0,-100.0,136.0,70.0,0.0,0.0,0.0,0.0,0.0,28.0,10,-6,0,-6,"ORBIT pos-0.00 orbit L0.26 M0.55 R0.25 tn0.76 yaw+0 pit-6 rc(10, -6, 0, -6)",0.2705,0.5371,0.2393,,
1874,222294,1873,,depth/001873.npy,1,127.6,282.2,-1.0,-100.0,-100.0,-100.0,136.0,70.0,0.0,0.0,0.0,0.0,0.0,28.0,9,-5,0,-5,"ORBIT pos-0.03 orbit L0.27 M0.54 R0.24 tn0.76 yaw+0 pit-5 rc(9, -5, 0, -5)",0.2705,0.5371,0.2393,,
1875,222418,1874,,depth/001875.npy,1,118.3,158.3,-1.0,-100.0,-100.0,-100.0,137.0,70.0,0.0,0.0,0.0,0.0,0.0,28.0,8,-6,0,-5,"ORBIT pos-0.04 orbit L0.28 M0.52 R0.23 tn0.76 yaw+0 pit-6 rc(8, -6, 0, -5)",0.2825,0.5059,0.2196,,
1876,222543,1875,,depth/001876.npy,1,121.8,188.1,-1.0,-100.0,-100.0,-100.0,137.0,70.0,0.0,0.0,0.0,0.0,0.0,28.0,7,-7,0,-10,"ORBIT pos-0.07 orbit L0.28 M0.51 R0.22 tn0.78 yaw-6 pit-7 rc(7, -7, 0, -10)",0.302,0.5137,0.2354,,
1877,222662,1876,,depth/001877.npy,1,125.3,170.8,-1.0,-100.0,-100.0,-100.0,137.0,70.0,0.0,0.0,0.0,0.0,0.0,28.0,7,-7,0,-11,"ORBIT pos-0.09 orbit L0.30 M0.51 R0.24 tn0.78 yaw-7 pit-7 rc(7, -7, 0, -11)",0.2942,0.5059,0.2274,,
1878,222776,1877,,depth/001877.npy,1,125.3,285.8,-1.0,-100.0,-100.0,-100.0,136.0,70.0,0.0,0.0,0.0,0.0,0.0,28.0,6,-8,0,-13,"ORBIT pos-0.11 orbit L0.29 M0.51 R0.23 tn0.79 yaw-9 pit-8 rc(6, -8, 0, -13)",0.2942,0.5059,0.2274,,
1879,222889,1878,,depth/001879.npy,1,123.0,302.4,-1.0,-100.0,-100.0,-100.0,136.0,80.0,0.0,0.0,0.0,0.0,0.0,28.0,5,-8,0,-13,"ORBIT pos-0.12 orbit L0.30 M0.50 R0.24 tn0.79 yaw-10 pit-8 rc(5, -8, 0, -13)",0.2981,0.498,0.2354,,
1880,223010,1879,,depth/001880.npy,1,123.4,254.7,-1.0,-100.0,-100.0,-100.0,135.0,80.0,0.0,0.0,0.0,0.0,0.0,28.0,5,-8,0,-14,"ORBIT pos-0.14 orbit L0.29 M0.48 R0.23 tn0.79 yaw-11 pit-8 rc(5, -8, 0, -14)",0.2922,0.4824,0.2333,,
1881,223130,1880,,depth/001881.npy,1,204.6,287.1,-1.0,-100.0,-100.0,-100.0,135.0,80.0,0.0,0.0,0.0,0.0,0.0,28.0,4,-7,0,-13,"ORBIT pos-0.14 orbit L0.29 M0.48 R0.23 tn0.78 yaw-11 pit-7 rc(4, -7, 0, -13)",0.302,0.4863,0.2393,,
1882,223250,1881,,depth/001881.npy,1,204.6,394.3,-1.0,-100.0,-100.0,-100.0,134.0,80.0,0.0,0.0,0.0,0.0,0.0,28.0,4,-7,0,-14,"ORBIT pos-0.16 orbit L0.30 M0.49 R0.24 tn0.78 yaw-12 pit-7 rc(4, -7, 0, -14)",0.302,0.4863,0.2393,,
1883,223369,1882,,depth/001883.npy,1,154.2,321.8,-1.0,-100.0,-100.0,-100.0,134.0,80.0,0.0,0.0,0.0,0.0,0.0,28.0,3,-6,0,-15,"ORBIT pos-0.16 orbit L0.30 M0.48 R0.24 tn0.77 yaw-13 pit-6 rc(3, -6, 0, -15)",0.302,0.4785,0.2354,,
1884,223473,1883,,depth/001884.npy,1,134.4,251.3,-1.0,-100.0,-100.0,-100.0,133.0,80.0,0.0,0.0,0.0,0.0,0.0,28.0,3,-8,0,-16,"ORBIT pos-0.18 orbit L0.30 M0.46 R0.23 tn0.79 yaw-14 pit-8 rc(3, -8, 0, -16)",0.2981,0.4607,0.2274,,
1885,223591,1884,,depth/001885.npy,1,151.1,233.2,-1.0,-100.0,-100.0,-100.0,131.0,80.0,0.0,0.0,0.0,0.0,0.0,28.0,3,-8,0,-17,"ORBIT pos-0.18 orbit L0.30 M0.46 R0.23 tn0.79 yaw-15 pit-8 rc(3, -8, 0, -17)",0.3079,0.4863,0.2471,,
1886,223708,1885,,depth/001886.npy,1,124.0,183.1,-1.0,-100.0,-100.0,-100.0,130.0,80.0,0.0,0.0,0.0,0.0,0.0,28.0,3,-6,0,-17,"ORBIT pos-0.18 orbit L0.30 M0.50 R0.25 tn0.76 yaw-15 pit-6 rc(3, -6, 0, -17)",0.302,0.498,0.251,,
1887,223834,1886,,depth/001887.npy,1,127.8,244.1,-1.0,-100.0,-100.0,-100.0,129.0,80.0,0.0,0.0,0.0,0.0,0.0,28.0,3,0,0,-15,"ORBIT pos-0.17 orbit L0.29 M0.51 R0.25 tn0.74 yaw-13 pit+0 rc(3, 0, 0, -15)",0.2903,0.5059,0.2471,,
1888,223951,1887,,depth/001888.npy,1,128.6,190.7,-1.0,-100.0,-100.0,-100.0,129.0,70.0,0.0,0.0,0.0,0.0,0.0,28.0,4,0,0,-15,"ORBIT pos-0.16 orbit L0.29 M0.51 R0.25 tn0.72 yaw-13 pit+0 rc(4, 0, 0, -15)",0.2627,0.5332,0.2471,,
1889,224066,1888,,depth/001889.npy,1,131.0,174.0,-1.0,-100.0,-100.0,-100.0,128.0,70.0,0.0,0.0,0.0,0.0,0.0,28.0,5,0,0,-14,"ORBIT pos-0.13 orbit L0.26 M0.53 R0.25 tn0.69 yaw-11 pit+0 rc(5, 0, 0, -14)",0.2471,0.5449,0.2549,,
1890,224192,1889,,depth/001890.npy,1,125.6,232.7,-1.0,-100.0,-100.0,-100.0,127.0,70.0,0.0,0.0,0.0,0.0,0.0,28.0,6,0,0,-12,"ORBIT pos-0.10 orbit L0.25 M0.54 R0.25 tn0.66 yaw-8 pit+0 rc(6, 0, 0, -12)",0.2432,0.5488,0.2354,,
1891,224316,1890,,depth/001891.npy,1,116.0,198.9,-1.0,-100.0,-100.0,-100.0,126.0,70.0,0.0,0.0,0.0,0.0,0.0,28.0,7,0,0,-11,"ORBIT pos-0.08 orbit L0.24 M0.55 R0.24 tn0.65 yaw-7 pit+0 rc(7, 0, 0, -11)",0.2313,0.5627,0.2393,,
1892,224437,1891,,depth/001892.npy,1,129.2,169.7,-1.0,-100.0,-100.0,-100.0,126.0,70.0,0.0,0.0,0.0,0.0,0.0,28.0,8,5,0,-5,"ORBIT pos-0.05 orbit L0.23 M0.56 R0.24 tn0.64 yaw+0 pit+5 rc(8, 5, 0, -5)",0.2274,0.5806,0.2354,,
1893,224559,1892,,depth/001892.npy,1,129.2,290.6,-1.0,-100.0,-100.0,-100.0,125.0,70.0,0.0,0.0,0.0,0.0,0.0,28.0,9,5,0,-5,"ORBIT pos-0.03 orbit L0.23 M0.58 R0.24 tn0.63 yaw+0 pit+5 rc(9, 5, 0, -5)",0.2274,0.5806,0.2354,,
1894,224676,1893,,depth/001894.npy,1,141.4,344.3,-1.0,-100.0,-100.0,-100.0,125.0,70.0,0.0,0.0,0.0,0.0,0.0,28.0,10,5,0,-6,"ORBIT pos-0.00 orbit L0.23 M0.59 R0.24 tn0.62 yaw+0 pit+5 rc(10, 5, 0, -6)",0.2313,0.5884,0.2354,,
1895,224797,1894,,depth/001895.npy,1,128.0,269.2,-1.0,-100.0,-100.0,-100.0,125.0,70.0,0.0,0.0,0.0,0.0,0.0,28.0,10,6,0,-6,"ORBIT pos+0.01 orbit L0.23 M0.56 R0.24 tn0.62 yaw+0 pit+6 rc(10, 6, 0, -6)",0.2313,0.5649,0.2432,,
1896,224907,1895,,depth/001896.npy,1,136.4,284.2,-1.0,-100.0,-100.0,-100.0,125.0,70.0,0.0,0.0,0.0,0.0,0.0,28.0,9,6,0,-5,"ORBIT pos+0.03 orbit L0.23 M0.56 R0.24 tn0.62 yaw+0 pit+6 rc(9, 6, 0, -5)",0.2314,0.5649,0.2393,,
1897,225032,1896,,depth/001897.npy,1,125.8,227.1,-1.0,-100.0,-100.0,-100.0,125.0,70.0,0.0,0.0,0.0,-1.0,0.0,28.0,8,6,0,-5,"ORBIT pos+0.04 orbit L0.23 M0.56 R0.24 tn0.62 yaw+0 pit+6 rc(8, 6, 0, -5)",0.2314,0.5566,0.2354,,
1898,225147,1897,,depth/001898.npy,1,126.0,223.6,-1.0,-100.0,-100.0,-100.0,124.0,70.0,0.0,0.0,0.0,-1.0,0.0,28.0,8,6,0,0,"ORBIT pos+0.06 orbit L0.23 M0.55 R0.24 tn0.62 yaw+5 pit+6 rc(8, 6, 0, 0)",0.2314,0.5547,0.2393,,
1899,225261,1898,,depth/001899.npy,1,123.0,203.8,-1.0,-100.0,-100.0,-100.0,124.0,70.0,0.0,0.0,0.0,-1.0,0.0,28.0,7,6,0,1,"ORBIT pos+0.06 orbit L0.23 M0.55 R0.24 tn0.62 yaw+5 pit+6 rc(7, 6, 0, 1)",0.2314,0.5371,0.2354,,
1900,225378,1899,,depth/001900.npy,1,126.9,254.6,-1.0,-100.0,-100.0,-100.0,123.0,70.0,0.0,0.0,0.0,-1.0,0.0,28.0,7,5,0,2,"ORBIT pos+0.07 orbit L0.23 M0.54 R0.24 tn0.62 yaw+6 pit+5 rc(7, 5, 0, 2)",0.2314,0.5371,0.2354,,
1901,225502,1900,,depth/001901.npy,1,122.3,210.3,-1.0,-100.0,-100.0,-100.0,123.0,70.0,0.0,0.0,0.0,0.0,0.0,28.0,7,5,0,2,"ORBIT pos+0.08 orbit L0.23 M0.54 R0.24 tn0.63 yaw+6 pit+5 rc(7, 5, 0, 2)",0.2333,0.5254,0.2627,,
1902,225616,1901,,depth/001902.npy,1,118.4,162.6,-1.0,-100.0,-100.0,-100.0,123.0,70.0,0.0,0.0,0.0,0.0,0.0,28.0,6,5,0,4,"ORBIT pos+0.10 orbit L0.24 M0.52 R0.28 tn0.63 yaw+8 pit+5 rc(6, 5, 0, 4)",0.2353,0.5176,0.2825,,
1903,225734,1902,,depth/001903.npy,1,126.6,175.7,-1.0,-100.0,-100.0,-100.0,122.0,70.0,0.0,0.0,0.0,-1.0,0.0,28.0,6,5,0,5,"ORBIT pos+0.11 orbit L0.24 M0.52 R0.28 tn0.63 yaw+9 pit+5 rc(6, 5, 0, 5)",0.2333,0.5137,0.2864,,
1904,225848,1903,,depth/001904.npy,1,119.5,224.9,-1.0,-100.0,-100.0,-100.0,121.0,70.0,0.0,0.0,0.0,0.0,0.0,28.0,5,5,0,7,"ORBIT pos+0.12 orbit L0.23 M0.51 R0.29 tn0.64 yaw+10 pit+5 rc(5, 5, 0, 7)",0.2333,0.5137,0.2903,,
1905,225962,1904,,depth/001905.npy,1,123.9,174.1,-1.0,-100.0,-100.0,-100.0,121.0,70.0,0.0,0.0,0.0,0.0,0.0,28.0,5,5,0,8,"ORBIT pos+0.13 orbit L0.23 M0.51 R0.29 tn0.64 yaw+11 pit+5 rc(5, 5, 0, 8)",0.2314,0.4902,0.2961,,
1906,226079,1905,,depth/001906.npy,1,124.4,198.1,-1.0,-100.0,-100.0,-100.0,121.0,70.0,0.0,0.0,0.0,0.0,0.0,28.0,4,0,0,10,"ORBIT pos+0.15 orbit L0.23 M0.49 R0.30 tn0.64 yaw+12 pit+0 rc(4, 0, 0, 10)",0.2333,0.4941,0.2981,,
1907,226194,1906,,depth/001906.npy,1,124.4,312.8,-1.0,-100.0,-100.0,-100.0,121.0,70.0,0.0,0.0,0.0,0.0,0.0,28.0,4,0,0,10,"ORBIT pos+0.16 orbit L0.23 M0.49 R0.30 tn0.64 yaw+12 pit+0 rc(4, 0, 0, 10)",0.2333,0.4941,0.2981,,
1908,226309,1907,,depth/001908.npy,1,131.3,280.6,-1.0,-100.0,-100.0,-100.0,122.0,70.0,0.0,0.0,0.0,0.0,0.0,28.0,3,0,0,11,"ORBIT pos+0.17 orbit L0.23 M0.49 R0.30 tn0.65 yaw+13 pit+0 rc(3, 0, 0, 11)",0.2294,0.4863,0.2981,,
1909,226432,1908,,depth/001909.npy,1,113.6,313.5,-1.0,-100.0,-100.0,-100.0,122.0,70.0,0.0,0.0,0.0,0.0,0.0,28.0,3,0,0,12,"ORBIT pos+0.17 orbit L0.23 M0.49 R0.30 tn0.66 yaw+14 pit+0 rc(3, 0, 0, 12)",0.2314,0.4902,0.2981,,
1910,226551,1909,,depth/001910.npy,1,129.5,258.0,-1.0,-100.0,-100.0,-100.0,122.0,70.0,0.0,0.0,0.0,0.0,0.0,28.0,3,0,0,12,"ORBIT pos+0.17 orbit L0.23 M0.50 R0.29 tn0.67 yaw+14 pit+0 rc(3, 0, 0, 12)",0.2294,0.498,0.2942,,
1911,226675,1910,,depth/001911.npy,1,126.5,253.3,-1.0,-100.0,-100.0,-100.0,122.0,70.0,0.0,0.0,0.0,0.0,0.0,28.0,3,0,0,12,"ORBIT pos+0.17 orbit L0.24 M0.52 R0.30 tn0.66 yaw+14 pit+0 rc(3, 0, 0, 12)",0.2372,0.5176,0.2981,,
1912,226800,1911,,depth/001912.npy,1,119.2,277.5,-1.0,-100.0,-100.0,-100.0,123.0,70.0,0.0,0.0,0.0,0.0,0.0,28.0,3,0,0,11,"ORBIT pos+0.17 orbit L0.23 M0.51 R0.29 tn0.66 yaw+13 pit+0 rc(3, 0, 0, 11)",0.2314,0.5098,0.2864,,
1913,226926,1912,,depth/001913.npy,1,124.0,308.1,-1.0,-100.0,-100.0,-100.0,123.0,70.0,0.0,0.0,0.0,0.0,0.0,28.0,4,0,0,11,"ORBIT pos+0.16 orbit L0.24 M0.51 R0.28 tn0.67 yaw+13 pit+0 rc(4, 0, 0, 11)",0.2353,0.5137,0.2783,,
1914,227041,1913,,depth/001914.npy,1,119.3,250.5,-1.0,-100.0,-100.0,-100.0,124.0,70.0,0.0,0.0,0.0,0.0,0.0,28.0,4,0,0,11,"ORBIT pos+0.16 orbit L0.23 M0.52 R0.28 tn0.67 yaw+13 pit+0 rc(4, 0, 0, 11)",0.2314,0.5156,0.2825,,
1915,227156,1914,,depth/001915.npy,1,123.5,262.5,-1.0,-100.0,-100.0,-100.0,124.0,70.0,0.0,0.0,0.0,0.0,-1.0,28.0,4,0,0,10,"ORBIT pos+0.15 orbit L0.23 M0.51 R0.28 tn0.67 yaw+12 pit+0 rc(4, 0, 0, 10)",0.2314,0.5137,0.2783,,
1916,227280,1915,,depth/001916.npy,1,122.7,256.5,-1.0,-100.0,-100.0,-100.0,124.0,70.0,0.0,0.0,0.0,0.0,0.0,28.0,4,0,0,10,"ORBIT pos+0.15 orbit L0.23 M0.52 R0.27 tn0.67 yaw+12 pit+0 rc(4, 0, 0, 10)",0.2333,0.5176,0.2705,,
1917,227396,1916,,depth/001917.npy,1,124.7,271.0,-1.0,-100.0,-100.0,-100.0,124.0,70.0,0.0,0.0,0.0,0.0,0.0,28.0,4,0,0,9,"ORBIT pos+0.14 orbit L0.24 M0.53 R0.26 tn0.67 yaw+11 pit+0 rc(4, 0, 0, 9)",0.2412,0.5332,0.2627,,
1918,227521,1917,,depth/001918.npy,1,121.7,265.5,-1.0,-100.0,-100.0,-100.0,124.0,70.0,0.0,0.0,0.0,0.0,0.0,28.0,5,0,0,8,"ORBIT pos+0.13 orbit L0.24 M0.53 R0.26 tn0.67 yaw+11 pit+0 rc(5, 0, 0, 8)",0.2372,0.5312,0.2627,,
1919,227646,1918,,depth/001919.npy,1,119.5,312.3,-1.0,-100.0,-100.0,-100.0,124.0,70.0,0.0,0.0,0.0,0.0,0.0,28.0,5,0,0,7,"ORBIT pos+0.12 orbit L0.24 M0.53 R0.26 tn0.67 yaw+10 pit+0 rc(5, 0, 0, 7)",0.2412,0.5332,0.2627,,
1920,227771,1919,,depth/001920.npy,1,124.1,317.3,-1.0,-100.0,-100.0,-100.0,124.0,70.0,0.0,0.0,0.0,0.0,0.0,28.0,5,0,0,7,"ORBIT pos+0.12 orbit L0.24 M0.54 R0.26 tn0.66 yaw+10 pit+0 rc(5, 0, 0, 7)",0.2432,0.5449,0.2607,,
1921,227888,1920,,depth/001921.npy,1,120.8,268.5,-1.0,-100.0,-100.0,-100.0,124.0,70.0,0.0,0.0,0.0,0.0,0.0,28.0,5,0,0,6,"ORBIT pos+0.11 orbit L0.24 M0.55 R0.26 tn0.66 yaw+9 pit+0 rc(5, 0, 0, 6)",0.2412,0.5527,0.2588,,
1922,228013,1921,,depth/001922.npy,1,126.3,258.2,-1.0,-100.0,-100.0,-100.0,123.0,70.0,0.0,0.0,0.0,0.0,0.0,27.0,6,0,0,5,"ORBIT pos+0.11 orbit L0.24 M0.55 R0.25 tn0.66 yaw+9 pit+0 rc(6, 0, 0, 5)",0.2353,0.5488,0.251,,
1923,228136,1922,,depth/001923.npy,1,123.4,282.0,-1.0,-100.0,-100.0,-100.0,123.0,70.0,0.0,0.0,0.0,0.0,0.0,27.0,6,0,0,5,"ORBIT pos+0.11 orbit L0.24 M0.55 R0.25 tn0.66 yaw+9 pit+0 rc(6, 0, 0, 5)",0.2393,0.5508,0.251,,
1924,228258,1923,,depth/001924.npy,1,148.9,303.7,-1.0,-100.0,-100.0,-100.0,123.0,70.0,0.0,0.0,0.0,0.0,0.0,27.0,6,0,0,4,"ORBIT pos+0.10 orbit L0.23 M0.55 R0.25 tn0.66 yaw+8 pit+0 rc(6, 0, 0, 4)",0.2333,0.5527,0.251,,
1925,228375,1924,,depth/001925.npy,1,119.8,251.2,-1.0,-100.0,-100.0,-100.0,123.0,70.0,0.0,0.0,0.0,0.0,0.0,27.0,6,0,0,4,"ORBIT pos+0.10 orbit L0.23 M0.55 R0.25 tn0.66 yaw+8 pit+0 rc(6, 0, 0, 4)",0.2333,0.5649,0.2471,,
1926,228490,1925,,depth/001926.npy,1,127.8,234.2,-1.0,-100.0,-100.0,-100.0,122.0,70.0,0.0,0.0,0.0,0.0,0.0,27.0,6,0,0,4,"ORBIT pos+0.10 orbit L0.24 M0.57 R0.24 tn0.67 yaw+8 pit+0 rc(6, 0, 0, 4)",0.2353,0.5688,0.2393,,
1927,228614,1926,,depth/001927.npy,1,120.8,222.2,-1.0,-100.0,-100.0,-100.0,122.0,70.0,0.0,0.0,0.0,0.0,0.0,27.0,6,0,0,4,"ORBIT pos+0.10 orbit L0.24 M0.57 R0.24 tn0.67 yaw+8 pit+0 rc(6, 0, 0, 4)",0.2392,0.5825,0.251,,
1928,228738,1927,,depth/001928.npy,1,117.9,218.7,-1.0,-100.0,-100.0,-100.0,122.0,70.0,0.0,0.0,0.0,0.0,-1.0,27.0,6,0,0,3,"ORBIT pos+0.09 orbit L0.24 M0.58 R0.25 tn0.67 yaw+7 pit+0 rc(6, 0, 0, 3)",0.2412,0.5767,0.2471,,
1929,228855,1928,,depth/001929.npy,1,124.1,232.8,-1.0,-100.0,-100.0,-100.0,122.0,70.0,0.0,0.0,0.0,0.0,0.0,27.0,6,0,0,3,"ORBIT pos+0.09 orbit L0.24 M0.58 R0.25 tn0.67 yaw+7 pit+0 rc(6, 0, 0, 3)",0.2432,0.5845,0.2549,,
1930,228970,1929,,depth/001930.npy,1,131.2,285.3,-1.0,-100.0,-100.0,-100.0,121.0,70.0,0.0,0.0,0.0,0.0,0.0,27.0,7,0,0,3,"ORBIT pos+0.08 orbit L0.24 M0.58 R0.25 tn0.67 yaw+7 pit+0 rc(7, 0, 0, 3)",0.2392,0.5845,0.2549,,
1931,229084,1930,,depth/001930.npy,1,131.2,399.6,-1.0,-100.0,-100.0,-100.0,121.0,70.0,0.0,0.0,0.0,0.0,0.0,27.0,7,0,0,2,"ORBIT pos+0.08 orbit L0.24 M0.58 R0.25 tn0.67 yaw+6 pit+0 rc(7, 0, 0, 2)",0.2392,0.5845,0.2549,,
1932,229206,1931,,depth/001932.npy,1,193.7,318.3,-1.0,-100.0,-100.0,-100.0,121.0,70.0,0.0,0.0,0.0,0.0,0.0,27.0,7,0,0,2,"ORBIT pos+0.08 orbit L0.24 M0.57 R0.25 tn0.67 yaw+6 pit+0 rc(7, 0, 0, 2)",0.2372,0.5728,0.2471,,
1933,229323,1932,,depth/001933.npy,1,114.0,230.1,-1.0,-100.0,-100.0,-100.0,120.0,70.0,0.0,0.0,0.0,0.0,0.0,27.0,7,0,0,3,"ORBIT pos+0.08 orbit L0.24 M0.57 R0.25 tn0.67 yaw+7 pit+0 rc(7, 0, 0, 3)",0.2392,0.5708,0.2549,,
1934,229438,1933,,depth/001934.npy,1,121.9,210.3,-1.0,-100.0,-100.0,-100.0,119.0,70.0,0.0,0.0,0.0,0.0,0.0,27.0,6,0,0,3,"ORBIT pos+0.09 orbit L0.23 M0.53 R0.26 tn0.66 yaw+7 pit+0 rc(6, 0, 0, 3)",0.2314,0.5332,0.2627,,
1935,229562,1934,,depth/001935.npy,1,121.5,225.2,-1.0,-100.0,-100.0,-100.0,119.0,70.0,0.0,0.0,0.0,0.0,0.0,27.0,6,0,0,4,"ORBIT pos+0.10 orbit L0.24 M0.53 R0.26 tn0.65 yaw+8 pit+0 rc(6, 0, 0, 4)",0.2353,0.5293,0.2627,,
1936,229678,1935,,depth/001936.npy,1,118.6,223.7,-1.0,-100.0,-100.0,-100.0,119.0,70.0,0.0,0.0,0.0,0.0,0.0,27.0,6,0,0,5,"ORBIT pos+0.11 orbit L0.24 M0.51 R0.29 tn0.65 yaw+9 pit+0 rc(6, 0, 0, 5)",0.2412,0.5137,0.2903,,
1937,229794,1936,,depth/001937.npy,1,125.0,206.5,-1.0,-100.0,-100.0,-100.0,118.0,70.0,0.0,0.0,0.0,-1.0,0.0,27.0,5,0,0,6,"ORBIT pos+0.12 orbit L0.24 M0.51 R0.29 tn0.64 yaw+9 pit+0 rc(5, 0, 0, 6)",0.2412,0.5059,0.2864,,
1938,229909,1937,,depth/001938.npy,1,126.9,217.5,-1.0,-100.0,-100.0,-100.0,118.0,70.0,0.0,0.0,0.0,0.0,0.0,27.0,5,0,0,8,"ORBIT pos+0.13 orbit L0.24 M0.50 R0.29 tn0.65 yaw+11 pit+0 rc(5, 0, 0, 8)",0.2412,0.5039,0.2903,,
1939,230033,1938,,depth/001939.npy,1,121.6,236.8,-1.0,-100.0,-100.0,-100.0,118.0,70.0,0.0,0.0,0.0,0.0,0.0,27.0,5,0,0,8,"ORBIT pos+0.14 orbit L0.24 M0.50 R0.29 tn0.65 yaw+11 pit+0 rc(5, 0, 0, 8)",0.2412,0.502,0.2903,,
1940,230158,1939,,depth/001940.npy,1,117.8,241.0,-1.0,-100.0,-100.0,-100.0,119.0,70.0,0.0,0.0,0.0,0.0,0.0,27.0,4,0,0,10,"ORBIT pos+0.15 orbit L0.24 M0.50 R0.29 tn0.66 yaw+12 pit+0 rc(4, 0, 0, 10)",0.2432,0.502,0.2864,,
1941,230276,1940,,depth/001941.npy,1,127.5,218.9,-1.0,-100.0,-100.0,-100.0,119.0,70.0,0.0,0.0,0.0,0.0,0.0,27.0,4,0,0,10,"ORBIT pos+0.15 orbit L0.24 M0.50 R0.29 tn0.66 yaw+12 pit+0 rc(4, 0, 0, 10)",0.2451,0.502,0.2903,,
1942,230390,1941,,depth/001942.npy,1,123.2,267.4,-1.0,-100.0,-100.0,-100.0,119.0,70.0,0.0,0.0,0.0,0.0,0.0,27.0,4,0,0,10,"ORBIT pos+0.15 orbit L0.24 M0.50 R0.29 tn0.66 yaw+12 pit+0 rc(4, 0, 0, 10)",0.2432,0.502,0.2864,,
1943,230514,1942,,depth/001943.npy,1,120.0,181.6,-1.0,-100.0,-100.0,-100.0,119.0,70.0,0.0,0.0,0.0,0.0,0.0,27.0,4,0,0,10,"ORBIT pos+0.15 orbit L0.24 M0.50 R0.29 tn0.66 yaw+12 pit+0 rc(4, 0, 0, 10)",0.2393,0.502,0.2783,,
1944,230639,1943,,depth/001944.npy,1,117.7,220.4,-1.0,-100.0,-100.0,-100.0,120.0,70.0,0.0,0.0,0.0,0.0,0.0,27.0,4,0,0,10,"ORBIT pos+0.15 orbit L0.25 M0.51 R0.29 tn0.66 yaw+12 pit+0 rc(4, 0, 0, 10)",0.249,0.5137,0.2903,,
1945,230755,1944,,depth/001945.npy,1,127.6,233.6,-1.0,-100.0,-100.0,-100.0,121.0,70.0,0.0,0.0,0.0,0.0,0.0,27.0,4,0,0,10,"ORBIT pos+0.15 orbit L0.25 M0.51 R0.29 tn0.66 yaw+12 pit+0 rc(4, 0, 0, 10)",0.2451,0.5137,0.2903,,
1946,230869,1945,,depth/001946.npy,1,122.8,177.8,-1.0,-100.0,-100.0,-100.0,121.0,70.0,0.0,0.0,0.0,0.0,0.0,27.0,4,0,0,10,"ORBIT pos+0.15 orbit L0.24 M0.52 R0.29 tn0.66 yaw+12 pit+0 rc(4, 0, 0, 10)",0.2432,0.5215,0.2864,,
1947,230994,1946,,depth/001947.npy,1,117.4,207.3,-1.0,-100.0,-100.0,-100.0,121.0,70.0,0.0,0.0,0.0,0.0,0.0,27.0,4,0,0,10,"ORBIT pos+0.15 orbit L0.24 M0.52 R0.29 tn0.67 yaw+12 pit+0 rc(4, 0, 0, 10)",0.2372,0.5293,0.2666,,
1948,231114,1947,,depth/001948.npy,1,128.0,192.8,-1.0,-100.0,-100.0,-100.0,121.0,70.0,0.0,0.0,0.0,0.0,0.0,27.0,4,0,0,9,"ORBIT pos+0.14 orbit L0.24 M0.54 R0.27 tn0.67 yaw+11 pit+0 rc(4, 0, 0, 9)",0.2392,0.5371,0.2705,,
1949,231240,1948,,depth/001949.npy,1,127.1,183.0,-1.0,-100.0,-100.0,-100.0,121.0,70.0,0.0,0.0,0.0,0.0,0.0,27.0,5,0,0,7,"ORBIT pos+0.13 orbit L0.24 M0.55 R0.27 tn0.68 yaw+10 pit+0 rc(5, 0, 0, 7)",0.2412,0.5488,0.2666,,
1950,231365,1949,,depth/001950.npy,1,118.2,174.1,-1.0,-100.0,-100.0,-100.0,121.0,70.0,0.0,0.0,0.0,0.0,0.0,27.0,5,0,0,7,"ORBIT pos+0.13 orbit L0.24 M0.55 R0.27 tn0.68 yaw+10 pit+0 rc(5, 0, 0, 7)",0.2392,0.5527,0.2666,,
1951,231490,1950,,depth/001951.npy,1,123.8,202.9,-1.0,-100.0,-100.0,-100.0,121.0,70.0,0.0,0.0,0.0,0.0,0.0,27.0,5,0,0,6,"ORBIT pos+0.12 orbit L0.24 M0.56 R0.25 tn0.67 yaw+9 pit+0 rc(5, 0, 0, 6)",0.2372,0.5566,0.2471,,
1952,231606,1951,,depth/001952.npy,1,121.3,182.4,-1.0,-100.0,-100.0,-100.0,121.0,70.0,0.0,0.0,0.0,0.0,0.0,27.0,5,0,0,6,"ORBIT pos+0.11 orbit L0.24 M0.56 R0.25 tn0.67 yaw+9 pit+0 rc(5, 0, 0, 6)",0.2451,0.5669,0.251,,
1953,231721,1952,,depth/001953.npy,1,123.0,167.0,-1.0,-100.0,-100.0,-100.0,121.0,70.0,0.0,0.0,0.0,0.0,0.0,27.0,6,0,0,4,"ORBIT pos+0.11 orbit L0.25 M0.57 R0.25 tn0.67 yaw+8 pit+0 rc(6, 0, 0, 4)",0.2432,0.5767,0.251,,
1954,231846,1953,,depth/001954.npy,1,120.4,225.0,-1.0,-100.0,-100.0,-100.0,121.0,70.0,0.0,0.0,0.0,0.0,0.0,27.0,6,0,0,4,"ORBIT pos+0.10 orbit L0.24 M0.58 R0.25 tn0.66 yaw+8 pit+0 rc(6, 0, 0, 4)",0.2412,0.5767,0.2549,,
1955,231971,1954,,depth/001955.npy,1,122.4,176.9,-1.0,-100.0,-100.0,-100.0,121.0,70.0,0.0,0.0,0.0,0.0,-1.0,27.0,6,0,0,4,"ORBIT pos+0.10 orbit L0.24 M0.58 R0.25 tn0.66 yaw+8 pit+0 rc(6, 0, 0, 4)",0.2412,0.5728,0.251,,
1956,232088,1955,,depth/001956.npy,1,120.8,167.6,-1.0,-100.0,-100.0,-100.0,122.0,70.0,0.0,0.0,0.0,0.0,0.0,27.0,6,0,0,3,"ORBIT pos+0.09 orbit L0.24 M0.58 R0.25 tn0.66 yaw+7 pit+0 rc(6, 0, 0, 3)",0.2412,0.5806,0.2471,,
1957,232214,1956,,depth/001957.npy,1,124.7,190.4,-1.0,-100.0,-100.0,-100.0,122.0,70.0,0.0,0.0,0.0,0.0,0.0,27.0,7,0,0,3,"ORBIT pos+0.09 orbit L0.24 M0.58 R0.25 tn0.66 yaw+7 pit+0 rc(7, 0, 0, 3)",0.2393,0.5845,0.2471,,
1958,232338,1957,,depth/001958.npy,1,121.7,209.9,-1.0,-100.0,-100.0,-100.0,122.0,70.0,0.0,0.0,0.0,0.0,0.0,27.0,7,0,0,3,"ORBIT pos+0.08 orbit L0.24 M0.58 R0.25 tn0.67 yaw+7 pit+0 rc(7, 0, 0, 3)",0.2353,0.5845,0.2373,,
1959,232455,1958,,depth/001959.npy,1,122.5,166.5,-1.0,-100.0,-100.0,-100.0,122.0,70.0,0.0,0.0,0.0,0.0,0.0,27.0,7,0,0,2,"ORBIT pos+0.08 orbit L0.25 M0.59 R0.24 tn0.67 yaw+6 pit+0 rc(7, 0, 0, 2)",0.2471,0.5923,0.2393,,
1960,232571,1959,,depth/001960.npy,1,127.4,182.6,-1.0,-100.0,-100.0,-100.0,122.0,70.0,0.0,0.0,0.0,0.0,0.0,27.0,7,0,0,2,"ORBIT pos+0.07 orbit L0.25 M0.59 R0.24 tn0.67 yaw+6 pit+0 rc(7, 0, 0, 2)",0.2588,0.5962,0.2549,,
1961,232686,1960,,depth/001961.npy,1,123.5,197.2,-1.0,-100.0,-100.0,-100.0,122.0,70.0,0.0,0.0,0.0,0.0,0.0,27.0,7,0,0,1,"ORBIT pos+0.07 orbit L0.26 M0.60 R0.25 tn0.67 yaw+5 pit+0 rc(7, 0, 0, 1)",0.251,0.5962,0.2393,,
1962,232811,1961,,depth/001962.npy,1,118.4,184.0,-1.0,-100.0,-100.0,-100.0,122.0,70.0,0.0,0.0,0.0,0.0,0.0,27.0,7,0,0,1,"ORBIT pos+0.06 orbit L0.25 M0.60 R0.24 tn0.67 yaw+5 pit+0 rc(7, 0, 0, 1)",0.251,0.5923,0.2354,,
1963,232925,1962,,depth/001963.npy,1,124.7,163.3,-1.0,-100.0,-100.0,-100.0,122.0,70.0,0.0,0.0,0.0,0.0,0.0,27.0,8,0,0,0,"ORBIT pos+0.06 orbit L0.25 M0.59 R0.24 tn0.67 yaw+5 pit+0 rc(8, 0, 0, 0)",0.2432,0.604,0.2432,,
1964,233042,1963,,depth/001964.npy,1,117.3,154.7,-1.0,-100.0,-100.0,-100.0,122.0,70.0,0.0,0.0,0.0,0.0,0.0,27.0,8,0,0,0,"ORBIT pos+0.06 orbit L0.24 M0.60 R0.24 tn0.67 yaw+5 pit+0 rc(8, 0, 0, 0)",0.2471,0.6021,0.2354,,
1965,233157,1964,,depth/001964.npy,1,117.3,268.6,-1.0,-100.0,-100.0,-100.0,122.0,70.0,0.0,0.0,0.0,0.0,0.0,27.0,8,0,0,-1,"ORBIT pos+0.05 orbit L0.25 M0.60 R0.24 tn0.67 yaw+4 pit+0 rc(8, 0, 0, -1)",0.2471,0.6021,0.2354,,
1966,233284,1965,,depth/001966.npy,1,128.1,294.2,-1.0,-100.0,-100.0,-100.0,122.0,70.0,0.0,0.0,0.0,0.0,0.0,27.0,8,0,0,-1,"ORBIT pos+0.05 orbit L0.25 M0.60 R0.24 tn0.67 yaw+4 pit+0 rc(8, 0, 0, -1)",0.2471,0.5962,0.2432,,
1967,233410,1966,,depth/001967.npy,1,151.0,292.4,-1.0,-100.0,-100.0,-100.0,122.0,70.0,0.0,0.0,0.0,0.0,0.0,27.0,8,0,0,-5,"ORBIT pos+0.05 orbit L0.24 M0.60 R0.24 tn0.67 yaw+0 pit+0 rc(8, 0, 0, -5)",0.2432,0.6001,0.2373,,
1968,233531,1967,,depth/001968.npy,1,132.5,274.5,-1.0,-100.0,-100.0,-100.0,122.0,70.0,0.0,0.0,0.0,0.0,0.0,27.0,8,0,0,-5,"ORBIT pos+0.05 orbit L0.25 M0.61 R0.24 tn0.67 yaw+0 pit+0 rc(8, 0, 0, -5)",0.2471,0.6079,0.2354,,
1969,233649,1968,,depth/001969.npy,1,127.1,226.2,-1.0,-100.0,-100.0,-100.0,122.0,70.0,0.0,0.0,0.0,0.0,0.0,27.0,8,0,0,-5,"ORBIT pos+0.05 orbit L0.25 M0.59 R0.23 tn0.67 yaw+0 pit+0 rc(8, 0, 0, -5)",0.2471,0.5942,0.2313,,
1970,233773,1969,,depth/001970.npy,1,121.5,281.6,-1.0,-100.0,-100.0,-100.0,122.0,70.0,0.0,0.0,0.0,0.0,0.0,27.0,8,0,0,-5,"ORBIT pos+0.04 orbit L0.25 M0.60 R0.24 tn0.67 yaw+0 pit+0 rc(8, 0, 0, -5)",0.251,0.6001,0.2393,,
1971,233888,1970,,depth/001971.npy,1,120.5,225.9,-1.0,-100.0,-100.0,-100.0,122.0,70.0,0.0,0.0,0.0,0.0,0.0,27.0,8,0,0,-5,"ORBIT pos+0.04 orbit L0.25 M0.61 R0.24 tn0.67 yaw+0 pit+0 rc(8, 0, 0, -5)",0.2549,0.6118,0.2354,,
1972,234005,1971,,depth/001972.npy,1,119.4,214.8,-1.0,-100.0,-100.0,-100.0,122.0,70.0,0.0,0.0,0.0,0.0,0.0,27.0,9,0,0,-5,"ORBIT pos+0.04 orbit L0.25 M0.61 R0.24 tn0.67 yaw+0 pit+0 rc(9, 0, 0, -5)",0.251,0.6079,0.2354,,
1973,234130,1972,,depth/001973.npy,1,132.4,239.7,-1.0,-100.0,-100.0,-100.0,122.0,70.0,0.0,0.0,0.0,0.0,0.0,27.0,9,0,0,-5,"ORBIT pos+0.03 orbit L0.25 M0.60 R0.23 tn0.67 yaw+0 pit+0 rc(9, 0, 0, -5)",0.251,0.6001,0.2313,,
1974,234254,1973,,depth/001974.npy,1,121.9,262.9,-1.0,-100.0,-100.0,-100.0,122.0,70.0,0.0,0.0,0.0,0.0,0.0,27.0,9,0,0,-5,"ORBIT pos+0.03 orbit L0.25 M0.60 R0.23 tn0.67 yaw+0 pit+0 rc(9, 0, 0, -5)",0.2471,0.6021,0.2393,,
1975,234379,1974,,depth/001975.npy,1,118.7,223.7,-1.0,-100.0,-100.0,-100.0,122.0,70.0,0.0,0.0,0.0,0.0,0.0,27.0,9,0,0,-5,"ORBIT pos+0.02 orbit L0.24 M0.60 R0.24 tn0.68 yaw+0 pit+0 rc(9, 0, 0, -5)",0.2432,0.6001,0.2432,,
1976,234497,1975,,depth/001976.npy,1,121.8,207.2,-1.0,-100.0,-100.0,-100.0,122.0,70.0,0.0,0.0,0.0,0.0,0.0,27.0,9,0,0,-5,"ORBIT pos+0.01 orbit L0.24 M0.60 R0.24 tn0.68 yaw+0 pit+0 rc(9, 0, 0, -5)",0.2627,0.604,0.2432,,
1977,234611,1976,,depth/001977.npy,1,126.6,224.8,-1.0,-100.0,-100.0,-100.0,122.0,70.0,0.0,0.0,0.0,0.0,0.0,27.0,10,0,0,-6,"ORBIT pos+0.00 orbit L0.27 M0.61 R0.25 tn0.68 yaw+0 pit+0 rc(10, 0, 0, -6)",0.2666,0.6118,0.2549,,
1978,234737,1977,,depth/001978.npy,1,121.5,248.3,-1.0,-100.0,-100.0,-100.0,123.0,70.0,0.0,0.0,0.0,0.0,0.0,27.0,10,0,0,-6,"ORBIT pos-0.01 orbit L0.27 M0.60 R0.25 tn0.69 yaw+0 pit+0 rc(10, 0, 0, -6)",0.2666,0.6001,0.251,,
1979,234861,1978,,depth/001979.npy,1,120.2,242.4,-1.0,-100.0,-100.0,-100.0,123.0,70.0,0.0,0.0,0.0,0.0,0.0,27.0,10,0,0,-6,"ORBIT pos-0.01 orbit L0.27 M0.60 R0.25 tn0.69 yaw+0 pit+0 rc(10, 0, 0, -6)",0.2705,0.6021,0.2471,,
1980,234977,1979,,depth/001980.npy,1,122.2,219.6,-1.0,-100.0,-100.0,-100.0,124.0,70.0,0.0,0.0,0.0,0.0,0.0,27.0,9,0,0,-5,"ORBIT pos-0.02 orbit L0.27 M0.58 R0.24 tn0.69 yaw+0 pit+0 rc(9, 0, 0, -5)",0.2705,0.5767,0.2354,,
1981,235100,1980,,depth/001981.npy,1,125.6,274.0,-1.0,-100.0,-100.0,-100.0,124.0,70.0,0.0,0.0,0.0,0.0,0.0,27.0,9,0,0,-5,"ORBIT pos-0.03 orbit L0.27 M0.58 R0.24 tn0.70 yaw+0 pit+0 rc(9, 0, 0, -5)",0.2804,0.5605,0.2354,,
1982,235225,1981,,depth/001982.npy,1,121.9,212.2,-1.0,-100.0,-100.0,-100.0,124.0,70.0,0.0,0.0,0.0,0.0,0.0,27.0,8,0,0,-5,"ORBIT pos-0.05 orbit L0.28 M0.54 R0.24 tn0.69 yaw+0 pit+0 rc(8, 0, 0, -5)",0.2825,0.5371,0.2354,,
1983,235340,1982,,depth/001983.npy,1,121.6,219.5,-1.0,-100.0,-100.0,-100.0,125.0,70.0,0.0,0.0,0.0,0.0,0.0,27.0,8,0,0,-9,"ORBIT pos-0.06 orbit L0.28 M0.54 R0.24 tn0.69 yaw-4 pit+0 rc(8, 0, 0, -9)",0.2942,0.5332,0.2471,,
1984,235456,1983,,depth/001984.npy,1,124.2,230.8,-1.0,-100.0,-100.0,-100.0,125.0,70.0,0.0,0.0,0.0,0.0,0.0,27.0,7,0,0,-10,"ORBIT pos-0.08 orbit L0.29 M0.53 R0.25 tn0.69 yaw-6 pit+0 rc(7, 0, 0, -10)",0.2942,0.5332,0.2549,,
1985,235580,1984,,depth/001985.npy,1,120.9,186.1,-1.0,-100.0,-100.0,-100.0,125.0,70.0,0.0,0.0,0.0,0.0,0.0,27.0,6,0,0,-11,"ORBIT pos-0.09 orbit L0.29 M0.53 R0.25 tn0.69 yaw-7 pit+0 rc(6, 0, 0, -11)",0.3098,0.5488,0.2627,,
1986,235704,1985,,depth/001986.npy,1,123.8,213.1,-1.0,-100.0,-100.0,-100.0,125.0,70.0,0.0,0.0,0.0,0.0,0.0,27.0,5,0,0,-12,"ORBIT pos-0.12 orbit L0.31 M0.53 R0.26 tn0.69 yaw-9 pit+0 rc(5, 0, 0, -12)",0.3137,0.5293,0.2588,,
1987,235828,1986,,depth/001987.npy,1,118.3,172.7,-1.0,-100.0,-100.0,-100.0,125.0,70.0,0.0,0.0,0.0,0.0,0.0,27.0,5,0,0,-13,"ORBIT pos-0.13 orbit L0.31 M0.53 R0.26 tn0.69 yaw-10 pit+0 rc(5, 0, 0, -13)",0.3137,0.5117,0.2549,,
1988,235943,1987,,depth/001988.npy,1,127.4,219.3,-1.0,-100.0,-100.0,-100.0,125.0,70.0,0.0,0.0,0.0,0.0,0.0,27.0,4,0,0,-14,"ORBIT pos-0.16 orbit L0.32 M0.51 R0.25 tn0.69 yaw-12 pit+0 rc(4, 0, 0, -14)",0.3176,0.5137,0.2549,,
1989,236069,1988,,depth/001989.npy,1,121.2,174.9,-1.0,-100.0,-100.0,-100.0,125.0,70.0,0.0,0.0,0.0,0.0,0.0,27.0,3,0,0,-16,"ORBIT pos-0.17 orbit L0.32 M0.51 R0.26 tn0.69 yaw-14 pit+0 rc(3, 0, 0, -16)",0.3176,0.5059,0.2627,,
1990,236193,1989,,depth/001990.npy,1,118.6,200.1,-1.0,-100.0,-100.0,-100.0,125.0,70.0,0.0,0.0,0.0,0.0,0.0,27.0,3,0,0,-16,"ORBIT pos-0.18 orbit L0.32 M0.51 R0.26 tn0.70 yaw-14 pit+0 rc(3, 0, 0, -16)",0.3176,0.5098,0.2666,,
1991,236308,1990,,depth/001991.npy,1,124.4,220.6,-1.0,-100.0,-100.0,-100.0,125.0,70.0,0.0,0.0,0.0,0.0,0.0,27.0,2,0,0,-17,"ORBIT pos-0.20 orbit L0.32 M0.51 R0.26 tn0.69 yaw-16 pit+0 rc(2, 0, 0, -17)",0.3215,0.5059,0.2607,,
1992,236424,1991,,depth/001992.npy,1,122.8,168.7,-1.0,-100.0,-100.0,-100.0,125.0,70.0,0.0,0.0,0.0,0.0,0.0,27.0,2,0,0,-17,"ORBIT pos-0.20 orbit L0.32 M0.51 R0.26 tn0.70 yaw-16 pit+0 rc(2, 0, 0, -17)",0.3215,0.498,0.2627,,
1993,236539,1992,,depth/001993.npy,1,122.3,220.4,-1.0,-100.0,-100.0,-100.0,125.0,70.0,0.0,0.0,0.0,0.0,0.0,27.0,1,0,0,-18,"ORBIT pos-0.22 orbit L0.32 M0.50 R0.26 tn0.70 yaw-17 pit+0 rc(1, 0, 0, -18)",0.3215,0.502,0.2588,,
1994,236665,1993,,depth/001994.npy,1,118.2,173.9,-1.0,-100.0,-100.0,-100.0,124.0,70.0,0.0,0.0,0.0,0.0,0.0,27.0,1,0,0,-19,"ORBIT pos-0.23 orbit L0.34 M0.50 R0.27 tn0.70 yaw-18 pit+0 rc(1, 0, 0, -19)",0.3411,0.502,0.2666,,
1995,236781,1994,,depth/001995.npy,1,125.3,194.7,-1.0,-100.0,-100.0,-100.0,124.0,70.0,0.0,0.0,0.0,0.0,0.0,27.0,1,0,0,-20,"ORBIT pos-0.23 orbit L0.34 M0.50 R0.27 tn0.70 yaw-19 pit+0 rc(1, 0, 0, -20)",0.3411,0.5039,0.2705,,
1996,236899,1995,,depth/001996.npy,1,120.6,176.9,-1.0,-100.0,-100.0,-100.0,123.0,70.0,0.0,0.0,0.0,0.0,0.0,27.0,0,0,0,-19,"ORBIT pos-0.24 orbit L0.34 M0.50 R0.27 tn0.69 yaw-19 pit+0 rc(0, 0, 0, -19)",0.3452,0.4863,0.2705,,
1997,237024,1996,,depth/001997.npy,1,125.4,200.3,-1.0,-100.0,-100.0,-100.0,122.0,70.0,0.0,0.0,0.0,0.0,0.0,26.0,0,0,0,-19,"ORBIT pos-0.24 orbit L0.35 M0.49 R0.27 tn0.70 yaw-19 pit+0 rc(0, 0, 0, -19)",0.3411,0.502,0.2783,,
1998,237138,1997,,depth/001997.npy,1,125.4,318.7,-1.0,-100.0,-100.0,-100.0,121.0,70.0,0.0,0.0,0.0,0.0,-1.0,26.0,0,0,0,-20,"ORBIT pos-0.25 orbit L0.34 M0.50 R0.28 tn0.70 yaw-20 pit+0 rc(0, 0, 0, -20)",0.3411,0.502,0.2783,,
1999,237255,1998,,depth/001999.npy,1,130.1,297.8,-1.0,-100.0,-100.0,-100.0,120.0,70.0,0.0,0.0,0.0,0.0,-1.0,26.0,0,0,0,-20,"ORBIT pos-0.24 orbit L0.33 M0.51 R0.27 tn0.70 yaw-20 pit+0 rc(0, 0, 0, -20)",0.3274,0.5137,0.2666,,
2000,237374,1999,,depth/002000.npy,1,131.8,250.7,-1.0,-100.0,-100.0,-100.0,119.0,80.0,0.0,0.0,0.0,0.0,-1.0,26.0,1,0,0,-19,"ORBIT pos-0.22 orbit L0.30 M0.53 R0.27 tn0.70 yaw-18 pit+0 rc(1, 0, 0, -19)",0.302,0.5332,0.2705,,
2001,237499,2000,,depth/002001.npy,1,125.1,271.4,-1.0,-100.0,-100.0,-100.0,117.0,80.0,0.0,0.0,0.0,0.0,-1.0,26.0,2,0,0,-17,"ORBIT pos-0.20 orbit L0.31 M0.55 R0.27 tn0.71 yaw-16 pit+0 rc(2, 0, 0, -17)",0.3059,0.5488,0.2744,,
2002,237624,2001,,depth/002002.npy,1,121.8,300.5,-1.0,-100.0,-100.0,-100.0,116.0,70.0,0.0,0.0,0.0,0.0,0.0,26.0,2,0,0,-16,"ORBIT pos-0.19 orbit L0.30 M0.56 R0.27 tn0.71 yaw-15 pit+0 rc(2, 0, 0, -16)",0.2981,0.5649,0.2666,,
2003,237738,2002,,depth/002003.npy,1,125.1,252.8,-1.0,-100.0,-100.0,-100.0,115.0,70.0,0.0,0.0,0.0,0.0,0.0,26.0,4,0,0,-13,"ORBIT pos-0.14 orbit L0.27 M0.59 R0.27 tn0.70 yaw-11 pit+0 rc(4, 0, 0, -13)",0.2744,0.5884,0.2744,,
2004,237857,2003,,depth/002004.npy,1,122.9,268.0,-1.0,-100.0,-100.0,-100.0,114.0,70.0,0.0,0.0,0.0,0.0,0.0,26.0,5,0,0,-12,"ORBIT pos-0.11 orbit L0.25 M0.61 R0.25 tn0.69 yaw-9 pit+0 rc(5, 0, 0, -12)",0.2549,0.6118,0.2549,,
2005,237972,2004,,depth/002005.npy,1,132.7,252.2,-1.0,-100.0,-100.0,-100.0,113.0,70.0,0.0,0.0,0.0,0.0,0.0,26.0,7,0,0,-9,"ORBIT pos-0.06 orbit L0.24 M0.63 R0.25 tn0.68 yaw-5 pit+0 rc(7, 0, 0, -9)",0.2354,0.6313,0.2549,,
2006,238098,2005,,depth/002006.npy,1,128.6,276.2,-1.0,-100.0,-100.0,-100.0,112.0,70.0,0.0,0.0,0.0,0.0,0.0,26.0,9,0,0,-5,"ORBIT pos-0.02 orbit L0.24 M0.63 R0.26 tn0.68 yaw+0 pit+0 rc(9, 0, 0, -5)",0.2373,0.6294,0.2627,,
2007,238223,2006,,depth/002007.npy,1,113.7,238.3,-1.0,-100.0,-100.0,-100.0,112.0,70.0,0.0,0.0,0.0,0.0,0.0,26.0,10,0,0,-6,"ORBIT pos+0.01 orbit L0.24 M0.58 R0.27 tn0.68 yaw+0 pit+0 rc(10, 0, 0, -6)",0.2393,0.5825,0.2666,,
2008,238345,2007,,depth/002008.npy,1,143.0,223.1,-1.0,-100.0,-100.0,-100.0,111.0,70.0,0.0,0.0,0.0,0.0,0.0,26.0,8,0,0,0,"ORBIT pos+0.06 orbit L0.24 M0.57 R0.29 tn0.68 yaw+5 pit+0 rc(8, 0, 0, 0)",0.2412,0.5728,0.2864,,
2009,238462,2008,,depth/002009.npy,1,149.3,205.6,-1.0,-100.0,-100.0,-100.0,111.0,70.0,0.0,0.0,0.0,0.0,0.0,26.0,7,0,0,2,"ORBIT pos+0.08 orbit L0.24 M0.57 R0.29 tn0.68 yaw+6 pit+0 rc(7, 0, 0, 2)",0.2451,0.5566,0.3098,,
2010,238577,2009,,depth/002010.npy,1,115.4,185.8,-1.0,-100.0,-100.0,-100.0,111.0,70.0,0.0,0.0,0.0,0.0,0.0,26.0,5,0,0,6,"ORBIT pos+0.11 orbit L0.25 M0.54 R0.31 tn0.69 yaw+9 pit+0 rc(5, 0, 0, 6)",0.2471,0.541,0.3098,,
2011,238694,2010,,depth/002011.npy,1,126.6,205.6,-1.0,-100.0,-100.0,-100.0,110.0,70.0,0.0,0.0,0.0,0.0,0.0,26.0,5,0,0,7,"ORBIT pos+0.13 orbit L0.25 M0.54 R0.31 tn0.70 yaw+10 pit+0 rc(5, 0, 0, 7)",0.2529,0.5312,0.3293,,
2012,238810,2011,,depth/002012.npy,1,122.1,187.8,-1.0,-100.0,-100.0,-100.0,110.0,70.0,0.0,0.0,0.0,0.0,0.0,26.0,4,0,0,10,"ORBIT pos+0.15 orbit L0.25 M0.53 R0.33 tn0.70 yaw+12 pit+0 rc(4, 0, 0, 10)",0.249,0.5293,0.3333,,
2013,238936,2012,,depth/002013.npy,1,119.4,177.8,-1.0,-100.0,-100.0,-100.0,110.0,70.0,0.0,0.0,0.0,0.0,0.0,26.0,3,0,0,11,"ORBIT pos+0.17 orbit L0.25 M0.53 R0.33 tn0.71 yaw+13 pit+0 rc(3, 0, 0, 11)",0.2451,0.5254,0.3293,,
2014,239051,2013,,depth/002014.npy,1,126.0,166.1,-1.0,-100.0,-100.0,-100.0,110.0,70.0,0.0,0.0,0.0,0.0,-1.0,25.0,3,0,0,12,"ORBIT pos+0.17 orbit L0.25 M0.53 R0.33 tn0.71 yaw+14 pit+0 rc(3, 0, 0, 12)",0.2432,0.5215,0.3293,,
2015,239169,2014,,depth/002014.npy,1,126.0,280.4,-1.0,-100.0,-100.0,-100.0,110.0,70.0,0.0,0.0,0.0,0.0,-1.0,25.0,3,0,0,12,"ORBIT pos+0.18 orbit L0.24 M0.52 R0.33 tn0.72 yaw+14 pit+0 rc(3, 0, 0, 12)",0.2432,0.5215,0.3293,,
2016,239293,2015,,depth/002016.npy,1,113.2,139.1,-1.0,-100.0,-100.0,-100.0,110.0,70.0,0.0,0.0,0.0,0.0,-1.0,25.0,3,0,0,13,"ORBIT pos+0.18 orbit L0.24 M0.53 R0.33 tn0.72 yaw+15 pit+0 rc(3, 0, 0, 13)",0.2451,0.5371,0.3293,,
2017,239409,2016,,depth/002016.npy,1,113.2,256.5,-1.0,-100.0,-100.0,-100.0,111.0,70.0,0.0,0.0,0.0,0.0,0.0,25.0,3,0,0,13,"ORBIT pos+0.18 orbit L0.25 M0.54 R0.33 tn0.74 yaw+15 pit+0 rc(3, 0, 0, 13)",0.2451,0.5371,0.3293,,
2018,239525,2017,,depth/002018.npy,1,129.7,302.6,-1.0,-100.0,-100.0,-100.0,111.0,70.0,0.0,0.0,0.0,0.0,0.0,25.0,3,-5,0,12,"ORBIT pos+0.18 orbit L0.24 M0.54 R0.33 tn0.74 yaw+14 pit-5 rc(3, -5, 0, 12)",0.2432,0.5371,0.3293,,
2019,239640,2018,,depth/002019.npy,1,125.8,251.5,-1.0,-100.0,-100.0,-100.0,112.0,70.0,0.0,0.0,0.0,0.0,-1.0,25.0,3,0,0,12,"ORBIT pos+0.18 orbit L0.25 M0.56 R0.31 tn0.73 yaw+14 pit+0 rc(3, 0, 0, 12)",0.2549,0.5586,0.3098,,
2020,239755,2019,,depth/002020.npy,1,116.7,265.9,-1.0,-100.0,-100.0,-100.0,112.0,70.0,0.0,0.0,0.0,0.0,-1.0,25.0,3,0,0,12,"ORBIT pos+0.18 orbit L0.25 M0.55 R0.31 tn0.73 yaw+14 pit+0 rc(3, 0, 0, 12)",0.251,0.5488,0.3079,,
2021,239869,2020,,depth/002021.npy,1,123.1,250.7,-1.0,-100.0,-100.0,-100.0,112.0,70.0,0.0,0.0,0.0,0.0,-1.0,25.0,3,0,0,12,"ORBIT pos+0.17 orbit L0.25 M0.56 R0.31 tn0.73 yaw+14 pit+0 rc(3, 0, 0, 12)",0.251,0.5566,0.3059,,
2022,239993,2021,,depth/002022.npy,1,122.7,269.4,-1.0,-100.0,-100.0,-100.0,112.0,70.0,0.0,0.0,0.0,0.0,-1.0,25.0,3,0,0,12,"ORBIT pos+0.17 orbit L0.25 M0.56 R0.30 tn0.74 yaw+14 pit+0 rc(3, 0, 0, 12)",0.2529,0.5566,0.302,,
2023,240118,2022,,depth/002023.npy,1,124.3,299.0,-1.0,-100.0,-100.0,-100.0,113.0,70.0,0.0,0.0,0.0,0.0,-1.0,25.0,3,-5,0,11,"ORBIT pos+0.16 orbit L0.25 M0.56 R0.29 tn0.74 yaw+13 pit-5 rc(3, -5, 0, 11)",0.2471,0.5627,0.2903,,
2024,240234,2023,,depth/002024.npy,1,118.4,278.4,-1.0,-100.0,-100.0,-100.0,113.0,70.0,0.0,0.0,0.0,0.0,0.0,25.0,4,-5,0,11,"ORBIT pos+0.16 orbit L0.25 M0.57 R0.30 tn0.75 yaw+13 pit-5 rc(4, -5, 0, 11)",0.251,0.5728,0.2981,,
2025,240349,2024,,depth/002025.npy,1,122.6,258.4,-1.0,-100.0,-100.0,-100.0,113.0,70.0,0.0,0.0,0.0,0.0,0.0,25.0,4,-5,0,11,"ORBIT pos+0.16 orbit L0.24 M0.60 R0.29 tn0.75 yaw+13 pit-5 rc(4, -5, 0, 11)",0.2432,0.604,0.2864,,
2026,240473,2025,,depth/002026.npy,1,126.1,249.0,-1.0,-100.0,-100.0,-100.0,114.0,70.0,0.0,0.0,0.0,0.0,0.0,25.0,4,-5,0,10,"ORBIT pos+0.15 orbit L0.25 M0.60 R0.27 tn0.74 yaw+12 pit-5 rc(4, -5, 0, 10)",0.2451,0.5962,0.2744,,
2027,240589,2026,,depth/002027.npy,1,121.1,292.9,-1.0,-100.0,-100.0,-100.0,114.0,70.0,0.0,0.0,0.0,0.0,0.0,25.0,4,-5,0,9,"ORBIT pos+0.14 orbit L0.24 M0.62 R0.26 tn0.74 yaw+11 pit-5 rc(4, -5, 0, 9)",0.2393,0.6177,0.2627,,
2028,240706,2027,,depth/002028.npy,1,120.5,217.9,-1.0,-100.0,-100.0,-100.0,115.0,70.0,0.0,0.0,0.0,0.0,0.0,25.0,5,0,0,7,"ORBIT pos+0.13 orbit L0.25 M0.63 R0.25 tn0.74 yaw+10 pit+0 rc(5, 0, 0, 7)",0.2471,0.6274,0.251,,
2029,240821,2028,,depth/002029.npy,1,122.5,228.6,-1.0,-100.0,-100.0,-100.0,115.0,70.0,0.0,0.0,0.0,0.0,0.0,25.0,6,-5,0,5,"ORBIT pos+0.11 orbit L0.25 M0.64 R0.25 tn0.74 yaw+9 pit-5 rc(6, -5, 0, 5)",0.2471,0.6431,0.251,,
2030,240945,2029,,depth/002030.npy,1,121.5,222.9,-1.0,-100.0,-100.0,-100.0,116.0,70.0,0.0,0.0,0.0,0.0,0.0,25.0,6,0,0,4,"ORBIT pos+0.10 orbit L0.25 M0.64 R0.24 tn0.74 yaw+8 pit+0 rc(6, 0, 0, 4)",0.2529,0.6431,0.2432,,
2031,241070,2030,,depth/002031.npy,1,121.0,250.8,-1.0,-100.0,-100.0,-100.0,116.0,70.0,0.0,0.0,0.0,0.0,0.0,25.0,7,0,0,2,"ORBIT pos+0.08 orbit L0.26 M0.64 R0.24 tn0.73 yaw+6 pit+0 rc(7, 0, 0, 2)",0.2588,0.6392,0.2393,,
2032,241189,2031,,depth/002032.npy,1,124.8,230.9,-1.0,-100.0,-100.0,-100.0,116.0,70.0,0.0,0.0,0.0,0.0,0.0,25.0,7,0,0,1,"ORBIT pos+0.06 orbit L0.26 M0.64 R0.25 tn0.73 yaw+5 pit+0 rc(7, 0, 0, 1)",0.2627,0.6392,0.2471,,
2033,241314,2032,,depth/002033.npy,1,127.4,223.4,-1.0,-100.0,-100.0,-100.0,116.0,70.0,0.0,0.0,0.0,0.0,0.0,25.0,8,0,0,-5,"ORBIT pos+0.04 orbit L0.27 M0.64 R0.25 tn0.73 yaw+0 pit+0 rc(8, 0, 0, -5)",0.2666,0.6392,0.251,,
2034,241439,2033,,depth/002034.npy,1,122.1,248.7,-1.0,-100.0,-100.0,-100.0,115.0,70.0,0.0,0.0,0.0,0.0,0.0,25.0,9,0,0,-5,"ORBIT pos+0.03 orbit L0.27 M0.64 R0.24 tn0.74 yaw+0 pit+0 rc(9, 0, 0, -5)",0.2666,0.6372,0.2432,,
2035,241563,2034,,depth/002035.npy,1,123.3,267.2,-1.0,-100.0,-100.0,-100.0,114.0,70.0,0.0,0.0,0.0,0.0,0.0,25.0,9,-5,0,-5,"ORBIT pos+0.02 orbit L0.26 M0.63 R0.24 tn0.75 yaw+0 pit-5 rc(9, -5, 0, -5)",0.2627,0.6274,0.2393,,
2036,241675,2035,,depth/002036.npy,1,125.3,261.6,-1.0,-100.0,-100.0,-100.0,114.0,70.0,0.0,0.0,0.0,0.0,0.0,25.0,9,-6,0,-5,"ORBIT pos+0.02 orbit L0.26 M0.63 R0.24 tn0.76 yaw+0 pit-6 rc(9, -6, 0, -5)",0.2705,0.6255,0.2471,,
2037,241782,2036,,depth/002036.npy,1,125.3,330.1,-1.0,-100.0,-100.0,-100.0,113.0,70.0,0.0,0.0,0.0,0.0,0.0,25.0,9,-5,0,-5,"ORBIT pos+0.02 orbit L0.27 M0.63 R0.25 tn0.76 yaw+0 pit-5 rc(9, -5, 0, -5)",0.2705,0.6255,0.2471,,
2038,241904,2037,,depth/002038.npy,1,168.4,315.3,-1.0,-100.0,-100.0,-100.0,113.0,70.0,0.0,0.0,0.0,0.0,0.0,25.0,10,-5,0,-6,"ORBIT pos+0.01 orbit L0.28 M0.63 R0.25 tn0.75 yaw+0 pit-5 rc(10, -5, 0, -6)",0.2804,0.6313,0.251,,
2039,242018,2038,,depth/002039.npy,1,117.9,266.2,-1.0,-100.0,-100.0,-100.0,112.0,70.0,0.0,0.0,0.0,0.0,0.0,25.0,10,-5,0,-6,"ORBIT pos+0.01 orbit L0.26 M0.64 R0.25 tn0.74 yaw+0 pit-5 rc(10, -5, 0, -6)",0.2627,0.6353,0.251,,
2040,242137,2039,,depth/002040.npy,1,121.3,270.3,-1.0,-100.0,-100.0,-100.0,112.0,70.0,0.0,0.0,0.0,0.0,0.0,25.0,10,0,0,-6,"ORBIT pos+0.01 orbit L0.26 M0.65 R0.25 tn0.73 yaw+0 pit+0 rc(10, 0, 0, -6)",0.2646,0.647,0.2471,,
2041,242252,2040,,depth/002041.npy,1,125.4,262.0,-1.0,-100.0,-100.0,-100.0,111.0,70.0,0.0,0.0,0.0,0.0,0.0,25.0,9,0,0,-5,"ORBIT pos+0.01 orbit L0.25 M0.65 R0.25 tn0.73 yaw+0 pit+0 rc(9, 0, 0, -5)",0.2549,0.6548,0.2471,,
2042,242367,2041,,depth/002042.npy,1,121.0,240.8,-1.0,-100.0,-100.0,-100.0,110.0,70.0,0.0,0.0,0.0,0.0,0.0,25.0,9,0,0,-5,"ORBIT pos+0.02 orbit L0.25 M0.65 R0.25 tn0.72 yaw+0 pit+0 rc(9, 0, 0, -5)",0.2471,0.647,0.2471,,
2043,242493,2042,,depth/002043.npy,1,131.6,305.5,-1.0,-100.0,-100.0,-100.0,110.0,70.0,0.0,0.0,0.0,0.0,0.0,25.0,9,0,0,-5,"ORBIT pos+0.03 orbit L0.25 M0.66 R0.25 tn0.72 yaw+0 pit+0 rc(9, 0, 0, -5)",0.251,0.6567,0.251,,
2044,242611,2043,,depth/002044.npy,1,118.2,252.1,-1.0,-100.0,-100.0,-100.0,110.0,70.0,0.0,0.0,0.0,0.0,0.0,25.0,9,0,0,-5,"ORBIT pos+0.03 orbit L0.24 M0.65 R0.24 tn0.72 yaw+0 pit+0 rc(9, 0, 0, -5)",0.2432,0.647,0.2432,,
2045,242726,2044,,depth/002045.npy,1,129.3,267.3,-1.0,-100.0,-100.0,-100.0,110.0,70.0,0.0,0.0,0.0,0.0,0.0,25.0,8,0,0,-5,"ORBIT pos+0.05 orbit L0.25 M0.64 R0.25 tn0.72 yaw+0 pit+0 rc(8, 0, 0, -5)",0.2451,0.6392,0.2471,,
2046,242851,2045,,depth/002046.npy,1,124.7,228.4,-1.0,-100.0,-100.0,-100.0,109.0,70.0,0.0,0.0,0.0,0.0,0.0,25.0,8,0,0,-1,"ORBIT pos+0.05 orbit L0.25 M0.65 R0.24 tn0.73 yaw+4 pit+0 rc(8, 0, 0, -1)",0.2471,0.6509,0.2432,,
2047,242965,2046,,depth/002047.npy,1,128.6,211.3,-1.0,-100.0,-100.0,-100.0,109.0,70.0,0.0,0.0,0.0,0.0,0.0,24.0,8,0,0,0,"ORBIT pos+0.06 orbit L0.24 M0.65 R0.24 tn0.73 yaw+5 pit+0 rc(8, 0, 0, 0)",0.2393,0.6548,0.2373,,
2048,243081,2047,,depth/002048.npy,1,128.9,227.3,-1.0,-100.0,-100.0,-100.0,109.0,70.0,0.0,0.0,0.0,0.0,0.0,24.0,8,0,0,0,"ORBIT pos+0.06 orbit L0.24 M0.65 R0.24 tn0.73 yaw+5 pit+0 rc(8, 0, 0, 0)",0.2354,0.6509,0.2432,,
2049,243197,2048,,depth/002049.npy,1,130.3,205.8,-1.0,-100.0,-100.0,-100.0,109.0,70.0,0.0,0.0,0.0,0.0,0.0,24.0,7,0,0,1,"ORBIT pos+0.06 orbit L0.24 M0.66 R0.24 tn0.73 yaw+5 pit+0 rc(7, 0, 0, 1)",0.2354,0.6626,0.2432,,
2050,243322,2049,,depth/002050.npy,1,125.2,200.6,-1.0,-100.0,-100.0,-100.0,109.0,70.0,0.0,0.0,0.0,0.0,0.0,24.0,7,0,0,1,"ORBIT pos+0.06 orbit L0.24 M0.66 R0.24 tn0.73 yaw+5 pit+0 rc(7, 0, 0, 1)",0.2393,0.6548,0.2432,,
2051,243436,2050,,depth/002050.npy,1,125.2,318.6,-1.0,-100.0,-100.0,-100.0,109.0,70.0,0.0,0.0,0.0,0.0,0.0,24.0,7,0,0,1,"ORBIT pos+0.06 orbit L0.24 M0.65 R0.24 tn0.74 yaw+5 pit+0 rc(7, 0, 0, 1)",0.2393,0.6548,0.2432,,
2052,243554,2051,,depth/002052.npy,1,156.8,298.9,-1.0,-100.0,-100.0,-100.0,109.0,70.0,0.0,0.0,0.0,0.0,0.0,24.0,8,-5,0,0,"ORBIT pos+0.06 orbit L0.24 M0.67 R0.25 tn0.75 yaw+5 pit-5 rc(8, -5, 0, 0)",0.2432,0.6665,0.251,,
2053,243670,2052,,depth/002053.npy,1,125.0,255.5,-1.0,-100.0,-100.0,-100.0,109.0,70.0,0.0,0.0,0.0,0.0,0.0,24.0,8,-5,0,0,"ORBIT pos+0.06 orbit L0.24 M0.68 R0.24 tn0.75 yaw+5 pit-5 rc(8, -5, 0, 0)",0.2432,0.6782,0.2432,,
2054,243793,2053,,depth/002054.npy,1,155.8,273.3,-1.0,-100.0,-100.0,-100.0,109.0,70.0,0.0,0.0,0.0,0.0,0.0,24.0,8,-5,0,-1,"ORBIT pos+0.06 orbit L0.24 M0.68 R0.24 tn0.75 yaw+4 pit-5 rc(8, -5, 0, -1)",0.2471,0.6567,0.2354,,
2055,243908,2054,,depth/002055.npy,1,118.7,218.9,-1.0,-100.0,-100.0,-100.0,109.0,70.0,0.0,0.0,0.0,0.0,0.0,24.0,8,0,0,-5,"ORBIT pos+0.05 orbit L0.25 M0.65 R0.25 tn0.74 yaw+0 pit+0 rc(8, 0, 0, -5)",0.2549,0.6548,0.2471,,
2056,244034,2055,,depth/002056.npy,1,123.4,243.9,-1.0,-100.0,-100.0,-100.0,109.0,70.0,0.0,0.0,0.0,0.0,0.0,24.0,8,0,0,-5,"ORBIT pos+0.04 orbit L0.26 M0.67 R0.24 tn0.74 yaw+0 pit+0 rc(8, 0, 0, -5)",0.2588,0.6704,0.2393,,
2057,244159,2056,,depth/002057.npy,1,127.3,236.2,-1.0,-100.0,-100.0,-100.0,110.0,70.0,0.0,0.0,0.0,0.0,0.0,24.0,8,0,0,-5,"ORBIT pos+0.04 orbit L0.26 M0.67 R0.24 tn0.74 yaw+0 pit+0 rc(8, 0, 0, -5)",0.2627,0.6704,0.2471,,
2058,244284,2057,,depth/002058.npy,1,117.0,262.6,-1.0,-100.0,-100.0,-100.0,110.0,70.0,0.0,0.0,0.0,0.0,0.0,24.0,9,-5,0,-5,"ORBIT pos+0.03 orbit L0.26 M0.65 R0.25 tn0.75 yaw+0 pit-5 rc(9, -5, 0, -5)",0.2627,0.6548,0.2471,,
2059,244399,2058,,depth/002059.npy,1,124.7,209.9,-1.0,-100.0,-100.0,-100.0,110.0,70.0,0.0,0.0,0.0,0.0,0.0,24.0,9,-5,0,-5,"ORBIT pos+0.03 orbit L0.26 M0.65 R0.25 tn0.75 yaw+0 pit-5 rc(9, -5, 0, -5)",0.2588,0.6353,0.2451,,
2060,244515,2059,,depth/002060.npy,1,128.0,212.4,-1.0,-100.0,-100.0,-100.0,110.0,70.0,0.0,0.0,0.0,0.0,0.0,24.0,9,-5,0,-5,"ORBIT pos+0.02 orbit L0.26 M0.64 R0.24 tn0.75 yaw+0 pit-5 rc(9, -5, 0, -5)",0.2627,0.6392,0.2432,,
2061,244639,2060,,depth/002061.npy,1,125.6,216.6,-1.0,-100.0,-100.0,-100.0,110.0,70.0,0.0,0.0,0.0,0.0,0.0,24.0,9,-5,0,-5,"ORBIT pos+0.02 orbit L0.26 M0.64 R0.24 tn0.75 yaw+0 pit-5 rc(9, -5, 0, -5)",0.2705,0.6235,0.2354,,
2062,244764,2061,,depth/002062.npy,1,125.0,246.0,-1.0,-100.0,-100.0,-100.0,110.0,70.0,0.0,0.0,0.0,0.0,0.0,24.0,10,-6,0,-6,"ORBIT pos+0.01 orbit L0.27 M0.62 R0.24 tn0.76 yaw+0 pit-6 rc(10, -6, 0, -6)",0.2666,0.6235,0.2393,,
2063,244880,2062,,depth/002063.npy,1,122.7,225.1,-1.0,-100.0,-100.0,-100.0,110.0,70.0,0.0,0.0,0.0,0.0,0.0,24.0,10,-6,0,-6,"ORBIT pos+0.00 orbit L0.27 M0.62 R0.24 tn0.77 yaw+0 pit-6 rc(10, -6, 0, -6)",0.2705,0.6196,0.2432,,
2064,244995,2063,,depth/002064.npy,1,131.1,172.7,-1.0,-100.0,-100.0,-100.0,110.0,70.0,0.0,0.0,0.0,0.0,0.0,24.0,10,-7,0,-6,"ORBIT pos-0.00 orbit L0.27 M0.62 R0.24 tn0.78 yaw+0 pit-7 rc(10, -7, 0, -6)",0.2666,0.6157,0.2432,,
2065,245110,2064,,depth/002065.npy,1,122.2,187.2,-1.0,-100.0,-100.0,-100.0,110.0,70.0,0.0,0.0,0.0,0.0,0.0,24.0,10,-7,0,-6,"ORBIT pos-0.01 orbit L0.27 M0.62 R0.24 tn0.78 yaw+0 pit-7 rc(10, -7, 0, -6)",0.2705,0.6196,0.2393,,
2066,245223,2065,,depth/002065.npy,1,122.2,303.3,-1.0,-100.0,-100.0,-100.0,110.0,70.0,0.0,0.0,0.0,0.0,0.0,24.0,9,-6,0,-5,"ORBIT pos-0.02 orbit L0.27 M0.62 R0.24 tn0.76 yaw+0 pit-6 rc(9, -6, 0, -5)",0.2705,0.6196,0.2393,,
2067,245340,2066,,depth/002067.npy,1,130.2,320.1,-1.0,-100.0,-100.0,-100.0,111.0,70.0,0.0,0.0,0.0,0.0,0.0,24.0,9,-5,0,-5,"ORBIT pos-0.02 orbit L0.27 M0.62 R0.25 tn0.76 yaw+0 pit-5 rc(9, -5, 0, -5)",0.2744,0.6157,0.2471,,
2068,245454,2067,,depth/002068.npy,1,128.5,262.2,-1.0,-100.0,-100.0,-100.0,111.0,70.0,0.0,0.0,0.0,0.0,0.0,24.0,9,-5,0,-5,"ORBIT pos-0.03 orbit L0.27 M0.60 R0.25 tn0.75 yaw+0 pit-5 rc(9, -5, 0, -5)",0.2705,0.604,0.2471,,
2069,245579,2068,,depth/002069.npy,1,127.9,279.2,-1.0,-100.0,-100.0,-100.0,112.0,70.0,0.0,0.0,0.0,0.0,0.0,24.0,8,0,0,-5,"ORBIT pos-0.04 orbit L0.27 M0.60 R0.24 tn0.74 yaw+0 pit+0 rc(8, 0, 0, -5)",0.2744,0.604,0.2432,,
2070,245704,2069,,depth/002070.npy,1,130.3,285.5,-1.0,-100.0,-100.0,-100.0,113.0,70.0,0.0,0.0,0.0,0.0,-1.0,24.0,8,0,0,-9,"ORBIT pos-0.05 orbit L0.28 M0.59 R0.25 tn0.72 yaw-4 pit+0 rc(8, 0, 0, -9)",0.2825,0.5884,0.251,,
2071,245821,2070,,depth/002071.npy,1,116.3,299.8,-1.0,-100.0,-100.0,-100.0,113.0,70.0,0.0,0.0,0.0,0.0,-1.0,24.0,8,0,0,-10,"ORBIT pos-0.06 orbit L0.28 M0.58 R0.24 tn0.72 yaw-5 pit+0 rc(8, 0, 0, -10)",0.2825,0.5845,0.2393,,
2072,245935,2071,,depth/002072.npy,1,126.9,246.1,-1.0,-100.0,-100.0,-100.0,114.0,70.0,0.0,0.0,0.0,0.0,0.0,24.0,7,0,0,-11,"ORBIT pos-0.08 orbit L0.30 M0.58 R0.25 tn0.71 yaw-7 pit+0 rc(7, 0, 0, -11)",0.302,0.5767,0.2549,,
2073,246061,2072,,depth/002073.npy,1,126.7,236.8,-1.0,-100.0,-100.0,-100.0,114.0,70.0,0.0,0.0,0.0,0.0,0.0,24.0,5,0,0,-12,"ORBIT pos-0.11 orbit L0.31 M0.56 R0.25 tn0.71 yaw-9 pit+0 rc(5, 0, 0, -12)",0.3137,0.5566,0.251,,
2074,246185,2073,,depth/002074.npy,1,117.6,231.2,-1.0,-100.0,-100.0,-100.0,114.0,70.0,0.0,0.0,0.0,0.0,0.0,24.0,5,0,0,-14,"ORBIT pos-0.13 orbit L0.34 M0.54 R0.26 tn0.71 yaw-11 pit+0 rc(5, 0, 0, -14)",0.3372,0.5371,0.2627,,
2075,246302,2074,,depth/002075.npy,1,122.4,279.9,-1.0,-100.0,-100.0,-100.0,115.0,70.0,0.0,0.0,0.0,-1.0,-1.0,24.0,3,0,0,-15,"ORBIT pos-0.17 orbit L0.33 M0.52 R0.25 tn0.72 yaw-13 pit+0 rc(3, 0, 0, -15)",0.3333,0.5195,0.251,,
2076,246428,2075,,depth/002076.npy,1,126.2,237.1,-1.0,-100.0,-100.0,-100.0,115.0,70.0,0.0,0.0,0.0,-1.0,0.0,24.0,2,0,0,-16,"ORBIT pos-0.19 orbit L0.34 M0.50 R0.25 tn0.72 yaw-15 pit+0 rc(2, 0, 0, -16)",0.3372,0.498,0.251,,
2077,246552,2076,,depth/002077.npy,1,121.0,249.5,-1.0,-100.0,-100.0,-100.0,115.0,70.0,0.0,0.0,0.0,-1.0,0.0,24.0,2,0,0,-17,"ORBIT pos-0.21 orbit L0.36 M0.48 R0.25 tn0.72 yaw-16 pit+0 rc(2, 0, 0, -17)",0.3569,0.4824,0.2549,,
2078,246677,2077,,depth/002078.npy,1,119.6,258.6,-1.0,-100.0,-100.0,-100.0,115.0,70.0,0.0,0.0,0.0,-1.0,0.0,24.0,1,0,0,-19,"ORBIT pos-0.23 orbit L0.36 M0.49 R0.27 tn0.73 yaw-18 pit+0 rc(1, 0, 0, -19)",0.3569,0.4863,0.2705,,
2079,246794,2078,,depth/002079.npy,1,127.3,272.6,-1.0,-100.0,-100.0,-100.0,114.0,70.0,0.0,0.0,0.0,0.0,0.0,24.0,1,0,0,-20,"ORBIT pos-0.24 orbit L0.36 M0.48 R0.26 tn0.73 yaw-19 pit+0 rc(1, 0, 0, -20)",0.3569,0.4785,0.2588,,
2080,246909,2079,,depth/002080.npy,1,123.5,250.7,-1.0,-100.0,-100.0,-100.0,114.0,70.0,0.0,0.0,0.0,0.0,0.0,24.0,0,0,0,-20,"ORBIT pos-0.25 center L0.35 M0.47 R0.25 tn0.72 yaw-20 pit+0 rc(0, 0, 0, -20)",0.353,0.4746,0.2549,,
2081,247034,2080,,depth/002081.npy,1,125.6,244.4,-1.0,-100.0,-100.0,-100.0,113.0,70.0,0.0,0.0,0.0,0.0,0.0,23.0,0,0,0,-21,"ORBIT pos-0.26 center L0.36 M0.47 R0.26 tn0.72 yaw-21 pit+0 rc(0, 0, 0, -21)",0.3647,0.4707,0.2627,,
2082,247159,2081,,depth/002082.npy,1,119.6,239.3,-1.0,-100.0,-100.0,-100.0,112.0,70.0,0.0,0.0,0.0,0.0,0.0,23.0,0,0,0,-21,"ORBIT pos-0.26 center L0.36 M0.47 R0.26 tn0.72 yaw-21 pit+0 rc(0, 0, 0, -21)",0.3647,0.4746,0.2627,,
2083,247276,2082,,depth/002083.npy,1,122.1,249.4,-1.0,-100.0,-100.0,-100.0,112.0,70.0,0.0,0.0,0.0,0.0,0.0,23.0,0,0,0,-21,"ORBIT pos-0.27 center L0.37 M0.47 R0.28 tn0.73 yaw-21 pit+0 rc(0, 0, 0, -21)",0.3726,0.4746,0.2825,,
2084,247392,2083,,depth/002084.npy,1,122.2,232.9,-1.0,-100.0,-100.0,-100.0,111.0,70.0,0.0,0.0,0.0,0.0,0.0,23.0,0,-5,0,-22,"ORBIT pos-0.27 center L0.36 M0.49 R0.29 tn0.75 yaw-22 pit-5 rc(0, -5, 0, -22)",0.3608,0.4941,0.2864,,
2085,247518,2084,,depth/002085.npy,1,124.0,218.1,-1.0,-100.0,-100.0,-100.0,110.0,70.0,0.0,0.0,0.0,0.0,0.0,23.0,0,-6,0,-21,"ORBIT pos-0.27 center L0.34 M0.54 R0.28 tn0.77 yaw-21 pit-6 rc(0, -6, 0, -21)",0.3411,0.541,0.2783,,
2086,247642,2085,,depth/002086.npy,1,118.3,221.9,-1.0,-100.0,-100.0,-100.0,110.0,70.0,0.0,0.0,0.0,0.0,0.0,23.0,0,-6,0,-20,"ORBIT pos-0.26 center L0.32 M0.55 R0.25 tn0.77 yaw-20 pit-6 rc(0, -6, 0, -20)",0.3215,0.5488,0.2549,,
2087,247759,2086,,depth/002087.npy,1,128.3,237.9,-1.0,-100.0,-100.0,-100.0,109.0,80.0,0.0,0.0,0.0,0.0,0.0,23.0,1,-7,0,-20,"ORBIT pos-0.23 orbit L0.31 M0.60 R0.27 tn0.78 yaw-19 pit-7 rc(1, -7, 0, -20)",0.3137,0.6001,0.2666,,
2088,247886,2087,,depth/002088.npy,1,123.6,227.4,-1.0,-100.0,-100.0,-100.0,108.0,70.0,0.0,0.0,0.0,0.0,0.0,23.0,2,-8,0,-18,"ORBIT pos-0.21 orbit L0.30 M0.60 R0.26 tn0.79 yaw-17 pit-8 rc(2, -8, 0, -18)",0.302,0.5962,0.2627,,
2089,248011,2088,,depth/002089.npy,1,121.0,220.1,-1.0,-100.0,-100.0,-100.0,108.0,70.0,0.0,0.0,0.0,0.0,0.0,23.0,2,-7,0,-16,"ORBIT pos-0.19 orbit L0.29 M0.60 R0.26 tn0.78 yaw-15 pit-7 rc(2, -7, 0, -16)",0.2883,0.6001,0.2568,,
2090,248137,2089,,depth/002090.npy,1,118.3,281.5,-1.0,-100.0,-100.0,-100.0,107.0,70.0,0.0,0.0,0.0,0.0,0.0,23.0,3,-6,0,-15,"ORBIT pos-0.17 orbit L0.29 M0.59 R0.25 tn0.77 yaw-13 pit-6 rc(3, -6, 0, -15)",0.2903,0.5923,0.2549,,
2091,248256,2090,,depth/002091.npy,1,123.7,232.0,-1.0,-100.0,-100.0,-100.0,107.0,70.0,0.0,0.0,0.0,0.0,0.0,23.0,4,-5,0,-14,"ORBIT pos-0.15 orbit L0.27 M0.60 R0.25 tn0.76 yaw-12 pit-5 rc(4, -5, 0, -14)",0.2744,0.5962,0.2549,,
2092,248370,2091,,depth/002092.npy,1,120.5,210.4,-1.0,-100.0,-100.0,-100.0,107.0,70.0,0.0,0.0,0.0,0.0,0.0,23.0,5,-6,0,-13,"ORBIT pos-0.12 orbit L0.27 M0.60 R0.25 tn0.76 yaw-10 pit-6 rc(5, -6, 0, -13)",0.2744,0.6001,0.2471,,
2093,248488,2092,,depth/002092.npy,1,120.5,334.7,-1.0,-100.0,-100.0,-100.0,106.0,70.0,0.0,0.0,0.0,0.0,0.0,23.0,5,-6,0,-12,"ORBIT pos-0.11 orbit L0.27 M0.60 R0.25 tn0.77 yaw-9 pit-6 rc(5, -6, 0, -12)",0.2744,0.6001,0.2471,,
2094,248615,2093,,depth/002094.npy,1,190.5,360.8,-1.0,-100.0,-100.0,-100.0,105.0,70.0,0.0,0.0,0.0,0.0,0.0,23.0,6,-5,0,-12,"ORBIT pos-0.10 orbit L0.27 M0.60 R0.24 tn0.76 yaw-8 pit-5 rc(6, -5, 0, -12)",0.2705,0.5962,0.2393,,
2095,248733,2094,,depth/002095.npy,1,133.6,363.8,-1.0,-100.0,-100.0,-100.0,105.0,70.0,0.0,0.0,0.0,0.0,0.0,23.0,7,0,0,-11,"ORBIT pos-0.09 orbit L0.27 M0.60 R0.24 tn0.74 yaw-7 pit+0 rc(7, 0, 0, -11)",0.2705,0.5962,0.2432,,
2096,248848,2095,,depth/002096.npy,1,125.8,256.7,-1.0,-100.0,-100.0,-100.0,105.0,70.0,0.0,0.0,0.0,0.0,0.0,23.0,7,0,0,-10,"ORBIT pos-0.07 orbit L0.26 M0.60 R0.23 tn0.72 yaw-6 pit+0 rc(7, 0, 0, -10)",0.2588,0.5962,0.2313,,
2097,248974,2096,,depth/002097.npy,1,120.9,283.6,-1.0,-100.0,-100.0,-100.0,104.0,70.0,0.0,0.0,0.0,0.0,0.0,23.0,8,0,0,-9,"ORBIT pos-0.05 orbit L0.25 M0.61 R0.23 tn0.71 yaw-4 pit+0 rc(8, 0, 0, -9)",0.2471,0.6099,0.2313,,
2098,249090,2097,,depth/002098.npy,1,123.6,267.6,-1.0,-100.0,-100.0,-100.0,104.0,70.0,0.0,0.0,0.0,0.0,0.0,23.0,8,0,0,-5,"ORBIT pos-0.04 orbit L0.25 M0.60 R0.24 tn0.70 yaw+0 pit+0 rc(8, 0, 0, -5)",0.2471,0.6001,0.2393,,
2099,249205,2098,,depth/002099.npy,1,120.9,247.0,-1.0,-100.0,-100.0,-100.0,104.0,70.0,0.0,0.0,0.0,0.0,0.0,23.0,9,0,0,-5,"ORBIT pos-0.03 orbit L0.25 M0.57 R0.22 tn0.67 yaw+0 pit+0 rc(9, 0, 0, -5)",0.2471,0.5728,0.2235,,
2100,249330,2099,,depth/002100.npy,1,129.3,238.8,-1.0,-100.0,-100.0,-100.0,104.0,70.0,0.0,0.0,0.0,0.0,0.0,23.0,9,0,0,-5,"ORBIT pos-0.01 orbit L0.25 M0.58 R0.23 tn0.66 yaw+0 pit+0 rc(9, 0, 0, -5)",0.2471,0.5845,0.2294,,
2101,249455,2100,,depth/002101.npy,1,118.0,265.0,-1.0,-100.0,-100.0,-100.0,104.0,70.0,0.0,0.0,0.0,0.0,0.0,23.0,10,0,0,-6,"ORBIT pos-0.01 orbit L0.24 M0.56 R0.22 tn0.65 yaw+0 pit+0 rc(10, 0, 0, -6)",0.2432,0.5605,0.2196,,
2102,249574,2101,,depth/002102.npy,1,126.7,256.5,-1.0,-100.0,-100.0,-100.0,104.0,70.0,0.0,0.0,0.0,0.0,0.0,23.0,10,5,0,-6,"ORBIT pos-0.00 orbit L0.25 M0.55 R0.22 tn0.63 yaw+0 pit+5 rc(10, 5, 0, -6)",0.2471,0.5488,0.2235,,
2103,249700,2102,,depth/002103.npy,1,124.5,240.9,-1.0,-100.0,-100.0,-100.0,105.0,70.0,0.0,0.0,0.0,0.0,0.0,23.0,10,6,0,-6,"ORBIT pos+0.00 orbit L0.25 M0.55 R0.23 tn0.61 yaw+0 pit+6 rc(10, 6, 0, -6)",0.251,0.5488,0.2294,,
2104,249824,2103,,depth/002104.npy,1,116.4,269.9,-1.0,-100.0,-100.0,-100.0,105.0,70.0,0.0,0.0,0.0,0.0,0.0,23.0,10,6,0,-6,"ORBIT pos+0.00 orbit L0.25 M0.55 R0.23 tn0.61 yaw+0 pit+6 rc(10, 6, 0, -6)",0.251,0.5527,0.2294,,
2105,249938,2104,,depth/002105.npy,1,128.1,254.0,-1.0,-100.0,-100.0,-100.0,105.0,70.0,0.0,0.0,0.0,0.0,0.0,23.0,10,7,0,-6,"ORBIT pos-0.00 orbit L0.25 M0.54 R0.22 tn0.60 yaw+0 pit+7 rc(10, 7, 0, -6)",0.2471,0.5371,0.2196,,
2106,250056,2105,,depth/002106.npy,1,120.5,234.7,-1.0,-100.0,-100.0,-100.0,105.0,70.0,0.0,0.0,0.0,0.0,0.0,22.0,10,7,0,-6,"ORBIT pos-0.00 orbit L0.25 M0.54 R0.23 tn0.60 yaw+0 pit+7 rc(10, 7, 0, -6)",0.2471,0.5371,0.2333,,
2107,250171,2106,,depth/002107.npy,1,122.0,215.5,-1.0,-100.0,-100.0,-100.0,104.0,70.0,0.0,0.0,0.0,-1.0,0.0,22.0,10,7,0,-6,"ORBIT pos-0.01 orbit L0.25 M0.54 R0.23 tn0.60 yaw+0 pit+7 rc(10, 7, 0, -6)",0.2471,0.541,0.2313,,
2108,250295,2107,,depth/002108.npy,1,123.3,233.7,-1.0,-100.0,-100.0,-100.0,104.0,70.0,0.0,0.0,0.0,-1.0,0.0,22.0,9,7,0,-5,"ORBIT pos-0.01 orbit L0.25 M0.54 R0.23 tn0.60 yaw+0 pit+7 rc(9, 7, 0, -5)",0.251,0.5332,0.2255,,
2109,250420,2108,,depth/002109.npy,1,123.7,233.0,-1.0,-100.0,-100.0,-100.0,104.0,70.0,0.0,0.0,0.0,-1.0,0.0,22.0,9,7,0,-5,"ORBIT pos-0.02 orbit L0.25 M0.53 R0.23 tn0.60 yaw+0 pit+7 rc(9, 7, 0, -5)",0.251,0.5332,0.2274,,
2110,250535,2109,,depth/002110.npy,1,123.7,238.2,-1.0,-100.0,-100.0,-100.0,103.0,70.0,0.0,0.0,0.0,0.0,0.0,22.0,9,7,0,-5,"ORBIT pos-0.03 orbit L0.25 M0.53 R0.23 tn0.61 yaw+0 pit+7 rc(9, 7, 0, -5)",0.2432,0.541,0.2216,,
2111,250650,2110,,depth/002111.npy,1,118.1,259.7,-1.0,-100.0,-100.0,-100.0,103.0,70.0,0.0,0.0,0.0,0.0,0.0,22.0,8,6,0,-5,"ORBIT pos-0.04 orbit L0.25 M0.54 R0.22 tn0.61 yaw+0 pit+6 rc(8, 6, 0, -5)",0.251,0.5449,0.2157,,
2112,250774,2111,,depth/002112.npy,1,128.5,213.8,-1.0,-100.0,-100.0,-100.0,103.0,70.0,0.0,0.0,0.0,0.0,0.0,22.0,8,6,0,-5,"ORBIT pos-0.04 orbit L0.25 M0.54 R0.22 tn0.62 yaw+0 pit+6 rc(8, 6, 0, -5)",0.251,0.5605,0.2274,,
2113,250888,2112,,depth/002113.npy,1,123.8,232.6,-1.0,-100.0,-100.0,-100.0,103.0,70.0,0.0,0.0,0.0,0.0,0.0,22.0,8,5,0,-5,"ORBIT pos-0.05 orbit L0.25 M0.56 R0.22 tn0.63 yaw+0 pit+5 rc(8, 5, 0, -5)",0.2549,0.5605,0.2235,,
2114,251004,2113,,depth/002114.npy,1,120.6,183.5,-1.0,-100.0,-100.0,-100.0,102.0,70.0,0.0,0.0,0.0,0.0,0.0,22.0,8,5,0,-5,"ORBIT pos-0.05 orbit L0.25 M0.56 R0.22 tn0.64 yaw+0 pit+5 rc(8, 5, 0, -5)",0.2588,0.5605,0.2274,,
2115,251122,2114,,depth/002115.npy,1,121.6,230.0,-1.0,-100.0,-100.0,-100.0,102.0,70.0,0.0,0.0,0.0,-1.0,0.0,22.0,8,5,0,-5,"ORBIT pos-0.05 orbit L0.25 M0.56 R0.23 tn0.64 yaw+0 pit+5 rc(8, 5, 0, -5)",0.251,0.5649,0.2313,,
2116,251237,2115,,depth/002116.npy,1,125.6,179.2,-1.0,-100.0,-100.0,-100.0,101.0,70.0,0.0,0.0,0.0,-1.0,0.0,22.0,8,5,0,-5,"ORBIT pos-0.05 orbit L0.25 M0.56 R0.23 tn0.64 yaw+0 pit+5 rc(8, 5, 0, -5)",0.2432,0.5566,0.2235,,
2117,251352,2116,,depth/002117.npy,1,128.6,166.5,-1.0,-100.0,-100.0,-100.0,101.0,70.0,0.0,0.0,0.0,-1.0,0.0,22.0,8,5,0,-5,"ORBIT pos-0.04 orbit L0.24 M0.56 R0.22 tn0.63 yaw+0 pit+5 rc(8, 5, 0, -5)",0.2393,0.5488,0.2354,,
2118,251470,2117,,depth/002118.npy,1,120.4,174.3,-1.0,-100.0,-100.0,-100.0,101.0,70.0,0.0,0.0,0.0,0.0,0.0,22.0,8,5,0,-5,"ORBIT pos-0.04 orbit L0.24 M0.55 R0.24 tn0.63 yaw+0 pit+5 rc(8, 5, 0, -5)",0.2393,0.5527,0.2274,,
2119,251585,2118,,depth/002118.npy,1,120.4,288.4,-1.0,-100.0,-100.0,-100.0,100.0,70.0,0.0,0.0,0.0,0.0,0.0,22.0,9,6,0,-5,"ORBIT pos-0.03 orbit L0.24 M0.55 R0.23 tn0.62 yaw+0 pit+6 rc(9, 6, 0, -5)",0.2393,0.5527,0.2274,,
2120,251709,2119,,depth/002120.npy,1,121.9,318.5,-1.0,-100.0,-100.0,-100.0,100.0,70.0,0.0,0.0,0.0,0.0,0.0,22.0,9,6,0,-5,"ORBIT pos-0.03 orbit L0.24 M0.54 R0.22 tn0.62 yaw+0 pit+6 rc(9, 6, 0, -5)",0.2432,0.541,0.2196,,
2121,251824,2120,,depth/002121.npy,1,124.6,274.8,-1.0,-100.0,-100.0,-100.0,99.0,70.0,0.0,0.0,0.0,0.0,0.0,22.0,9,6,0,-5,"ORBIT pos-0.02 orbit L0.24 M0.55 R0.23 tn0.61 yaw+0 pit+6 rc(9, 6, 0, -5)",0.2353,0.5488,0.2274,,
2122,251942,2121,,depth/002122.npy,1,123.7,248.9,-1.0,-100.0,-100.0,-100.0,98.0,70.0,0.0,0.0,0.0,0.0,0.0,22.0,10,6,0,-6,"ORBIT pos-0.01 orbit L0.23 M0.54 R0.23 tn0.61 yaw+0 pit+6 rc(10, 6, 0, -6)",0.2333,0.5449,0.2313,,
2123,252057,2122,,depth/002123.npy,1,119.5,278.9,-1.0,-100.0,-100.0,-100.0,98.0,70.0,0.0,0.0,0.0,0.0,0.0,22.0,10,6,0,-6,"ORBIT pos+0.00 orbit L0.24 M0.55 R0.24 tn0.61 yaw+0 pit+6 rc(10, 6, 0, -6)",0.2353,0.5527,0.2354,,
2124,252183,2123,,depth/002124.npy,1,127.5,268.2,-1.0,-100.0,-100.0,-100.0,97.0,70.0,0.0,0.0,0.0,0.0,0.0,22.0,9,5,0,-5,"ORBIT pos+0.02 orbit L0.23 M0.57 R0.24 tn0.62 yaw+0 pit+5 rc(9, 5, 0, -5)",0.2294,0.5688,0.2354,,
2125,252309,2124,,depth/002125.npy,1,128.2,290.1,-1.0,-100.0,-100.0,-100.0,97.0,70.0,0.0,0.0,0.0,0.0,0.0,22.0,9,5,0,-5,"ORBIT pos+0.03 orbit L0.23 M0.57 R0.24 tn0.63 yaw+0 pit+5 rc(9, 5, 0, -5)",0.2333,0.5669,0.2354,,
2126,252427,2125,,depth/002126.npy,1,123.4,269.7,-1.0,-100.0,-100.0,-100.0,95.0,70.0,0.0,0.0,0.0,0.0,0.0,22.0,8,5,0,-5,"ORBIT pos+0.04 orbit L0.24 M0.57 R0.25 tn0.63 yaw+0 pit+5 rc(8, 5, 0, -5)",0.2372,0.5728,0.2471,,
2127,252553,2126,,depth/002127.npy,1,126.6,251.0,-1.0,-100.0,-100.0,-100.0,95.0,70.0,0.0,0.0,0.0,0.0,0.0,22.0,7,0,0,1,"ORBIT pos+0.07 orbit L0.24 M0.56 R0.27 tn0.65 yaw+5 pit+0 rc(7, 0, 0, 1)",0.2372,0.5649,0.2666,,
2128,252678,2127,,depth/002128.npy,1,120.8,287.2,-1.0,-100.0,-100.0,-100.0,94.0,70.0,0.0,0.0,0.0,0.0,0.0,22.0,7,0,0,2,"ORBIT pos+0.08 orbit L0.24 M0.58 R0.27 tn0.65 yaw+6 pit+0 rc(7, 0, 0, 2)",0.2432,0.5767,0.2666,,
2129,252793,2128,,depth/002129.npy,1,117.4,277.3,-1.0,-100.0,-100.0,-100.0,94.0,70.0,0.0,0.0,0.0,0.0,0.0,22.0,6,0,0,4,"ORBIT pos+0.10 orbit L0.24 M0.57 R0.28 tn0.67 yaw+8 pit+0 rc(6, 0, 0, 4)",0.2432,0.5688,0.2783,,
2130,252910,2129,,depth/002130.npy,1,129.8,246.9,-1.0,-100.0,-100.0,-100.0,93.0,70.0,0.0,0.0,0.0,0.0,0.0,22.0,6,0,0,5,"ORBIT pos+0.11 orbit L0.24 M0.55 R0.29 tn0.67 yaw+9 pit+0 rc(6, 0, 0, 5)",0.2354,0.5469,0.2903,,
2131,253026,2130,,depth/002131.npy,1,126.1,205.5,-1.0,-100.0,-100.0,-100.0,92.0,70.0,0.0,0.0,0.0,0.0,0.0,22.0,5,0,0,7,"ORBIT pos+0.13 orbit L0.23 M0.53 R0.30 tn0.69 yaw+10 pit+0 rc(5, 0, 0, 7)",0.2255,0.5312,0.2981,,
2132,253151,2131,,depth/002132.npy,1,124.4,260.4,-1.0,-100.0,-100.0,-100.0,91.0,70.0,0.0,0.0,0.0,0.0,0.0,22.0,4,0,0,9,"ORBIT pos+0.14 orbit L0.23 M0.53 R0.31 tn0.71 yaw+11 pit+0 rc(4, 0, 0, 9)",0.2313,0.5254,0.3059,,
2133,253277,2132,,depth/002133.npy,1,123.1,222.3,-1.0,-100.0,-100.0,-100.0,91.0,70.0,0.0,0.0,0.0,0.0,0.0,22.0,3,0,0,11,"ORBIT pos+0.16 orbit L0.22 M0.49 R0.32 tn0.74 yaw+13 pit+0 rc(3, 0, 0, 11)",0.2196,0.4902,0.3215,,
2134,253396,2133,,depth/002134.npy,1,123.9,240.3,-1.0,-100.0,-100.0,-100.0,90.0,70.0,0.0,0.0,0.0,0.0,0.0,22.0,3,-5,0,12,"ORBIT pos+0.18 orbit L0.22 M0.49 R0.34 tn0.75 yaw+14 pit-5 rc(3, -5, 0, 12)",0.2177,0.4863,0.3411,,
2135,253512,2134,,depth/002135.npy,1,135.4,211.8,-1.0,-100.0,-100.0,-100.0,90.0,70.0,0.0,0.0,0.0,0.0,0.0,22.0,2,-5,0,15,"ORBIT pos+0.20 orbit L0.22 M0.47 R0.35 tn0.74 yaw+16 pit-5 rc(2, -5, 0, 15)",0.2157,0.4707,0.3452,,
2136,253630,2135,,depth/002136.npy,1,141.4,246.3,-1.0,-100.0,-100.0,-100.0,90.0,70.0,0.0,0.0,0.0,0.0,0.0,22.0,2,0,0,16,"ORBIT pos+0.21 orbit L0.22 M0.47 R0.35 tn0.73 yaw+17 pit+0 rc(2, 0, 0, 16)",0.2157,0.4626,0.353,,
2137,253751,2136,,depth/002137.npy,1,122.2,184.9,-1.0,-100.0,-100.0,-100.0,90.0,70.0,0.0,0.0,0.0,0.0,0.0,22.0,1,-5,0,17,"ORBIT pos+0.22 orbit L0.22 M0.46 R0.35 tn0.75 yaw+18 pit-5 rc(1, -5, 0, 17)",0.2157,0.4626,0.3511,,
2138,253876,2137,,depth/002138.npy,1,139.2,192.8,-1.0,-100.0,-100.0,-100.0,90.0,70.0,0.0,0.0,0.0,0.0,0.0,22.0,1,-5,0,18,"ORBIT pos+0.23 orbit L0.21 M0.45 R0.34 tn0.74 yaw+19 pit-5 rc(1, -5, 0, 18)",0.2137,0.447,0.3372,,
2139,253999,2138,,depth/002138.npy,1,139.2,316.4,-1.0,-100.0,-100.0,-100.0,91.0,70.0,0.0,0.0,0.0,0.0,0.0,22.0,1,0,0,18,"ORBIT pos+0.24 orbit L0.21 M0.45 R0.34 tn0.73 yaw+19 pit+0 rc(1, 0, 0, 18)",0.2137,0.447,0.3372,,
2140,254119,2139,,depth/002140.npy,1,138.7,297.7,-1.0,-100.0,-100.0,-100.0,91.0,70.0,0.0,0.0,0.0,0.0,0.0,22.0,0,0,0,19,"ORBIT pos+0.24 orbit L0.21 M0.46 R0.34 tn0.74 yaw+19 pit+0 rc(0, 0, 0, 19)",0.2118,0.4626,0.3372,,
2141,254233,2140,,depth/002141.npy,1,126.5,246.2,-1.0,-100.0,-100.0,-100.0,92.0,70.0,0.0,0.0,0.0,0.0,0.0,22.0,1,-5,0,18,"ORBIT pos+0.24 orbit L0.22 M0.46 R0.33 tn0.75 yaw+19 pit-5 rc(1, -5, 0, 18)",0.2157,0.4626,0.3293,,
2142,254349,2141,,depth/002142.npy,1,120.4,295.7,-1.0,-100.0,-100.0,-100.0,92.0,70.0,0.0,0.0,0.0,0.0,0.0,22.0,1,-5,0,18,"ORBIT pos+0.23 orbit L0.22 M0.46 R0.33 tn0.74 yaw+19 pit-5 rc(1, -5, 0, 18)",0.2177,0.4626,0.3274,,
2143,254474,2142,,depth/002143.npy,1,124.2,250.1,-1.0,-100.0,-100.0,-100.0,93.0,70.0,0.0,0.0,0.0,0.0,0.0,22.0,1,-5,0,17,"ORBIT pos+0.23 orbit L0.22 M0.47 R0.33 tn0.74 yaw+18 pit-5 rc(1, -5, 0, 17)",0.2177,0.4707,0.3254,,
2144,254591,2143,,depth/002144.npy,1,147.7,293.7,-1.0,-100.0,-100.0,-100.0,93.0,70.0,0.0,0.0,0.0,0.0,0.0,22.0,1,-5,0,17,"ORBIT pos+0.23 orbit L0.22 M0.48 R0.33 tn0.75 yaw+18 pit-5 rc(1, -5, 0, 17)",0.2216,0.4805,0.3293,,
2145,254716,2144,,depth/002145.npy,1,122.1,229.0,-1.0,-100.0,-100.0,-100.0,94.0,70.0,0.0,0.0,0.0,0.0,0.0,22.0,1,-5,0,16,"ORBIT pos+0.22 orbit L0.22 M0.50 R0.29 tn0.74 yaw+17 pit-5 rc(1, -5, 0, 16)",0.2157,0.5,0.2903,,
2146,254832,2145,,depth/002146.npy,1,117.9,212.2,-1.0,-100.0,-100.0,-100.0,94.0,70.0,0.0,0.0,0.0,0.0,0.0,22.0,2,0,0,15,"ORBIT pos+0.20 orbit L0.22 M0.53 R0.29 tn0.74 yaw+16 pit+0 rc(2, 0, 0, 15)",0.2157,0.5273,0.2903,,
2147,254958,2146,,depth/002147.npy,1,126.1,224.0,-1.0,-100.0,-100.0,-100.0,93.0,70.0,0.0,0.0,0.0,0.0,0.0,22.0,3,0,0,13,"ORBIT pos+0.19 orbit L0.22 M0.54 R0.28 tn0.73 yaw+15 pit+0 rc(3, 0, 0, 13)",0.2157,0.5371,0.2825,,
2148,255075,2147,,depth/002148.npy,1,119.9,209.2,-1.0,-100.0,-100.0,-100.0,93.0,70.0,0.0,0.0,0.0,0.0,0.0,22.0,3,0,0,12,"ORBIT pos+0.17 orbit L0.22 M0.54 R0.27 tn0.73 yaw+14 pit+0 rc(3, 0, 0, 12)",0.2157,0.541,0.2744,,
2149,255202,2148,,depth/002149.npy,1,124.9,214.2,-1.0,-100.0,-100.0,-100.0,93.0,70.0,0.0,0.0,0.0,0.0,0.0,22.0,4,0,0,11,"ORBIT pos+0.16 orbit L0.22 M0.55 R0.27 tn0.74 yaw+13 pit+0 rc(4, 0, 0, 11)",0.2196,0.5508,0.2744,,
2150,255327,2149,,depth/002150.npy,1,124.9,271.8,-1.0,-100.0,-100.0,-100.0,92.0,70.0,0.0,0.0,0.0,0.0,0.0,22.0,4,0,0,11,"ORBIT pos+0.16 orbit L0.22 M0.55 R0.28 tn0.74 yaw+13 pit+0 rc(4, 0, 0, 11)",0.2196,0.5488,0.2783,,
2151,255453,2150,,depth/002151.npy,1,120.6,237.4,-1.0,-100.0,-100.0,-100.0,91.0,70.0,0.0,0.0,0.0,0.0,0.0,22.0,4,0,0,10,"ORBIT pos+0.15 orbit L0.22 M0.55 R0.27 tn0.74 yaw+12 pit+0 rc(4, 0, 0, 10)",0.2157,0.5508,0.2705,,
2152,255571,2151,,depth/002152.npy,1,131.1,206.9,-1.0,-100.0,-100.0,-100.0,91.0,70.0,0.0,0.0,0.0,0.0,0.0,22.0,4,0,0,10,"ORBIT pos+0.15 orbit L0.22 M0.55 R0.27 tn0.74 yaw+12 pit+0 rc(4, 0, 0, 10)",0.2177,0.5469,0.2744,,
2153,255684,2152,,depth/002153.npy,1,124.0,228.1,-1.0,-100.0,-100.0,-100.0,90.0,70.0,0.0,0.0,0.0,0.0,0.0,22.0,4,0,0,10,"ORBIT pos+0.15 orbit L0.22 M0.56 R0.28 tn0.74 yaw+12 pit+0 rc(4, 0, 0, 10)",0.2196,0.5566,0.2783,,
2154,255809,2153,,depth/002154.npy,1,128.6,253.1,-1.0,-100.0,-100.0,-100.0,90.0,70.0,0.0,0.0,0.0,0.0,0.0,22.0,4,-5,0,10,"ORBIT pos+0.15 orbit L0.22 M0.56 R0.28 tn0.74 yaw+12 pit-5 rc(4, -5, 0, 10)",0.2177,0.541,0.2903,,
2155,255924,2154,,depth/002155.npy,1,123.3,235.8,-1.0,-100.0,-100.0,-100.0,89.0,70.0,0.0,0.0,0.0,0.0,0.0,22.0,4,-5,0,11,"ORBIT pos+0.16 orbit L0.21 M0.50 R0.30 tn0.75 yaw+13 pit-5 rc(4, -5, 0, 11)",0.2137,0.5,0.302,,
2156,256040,2155,,depth/002156.npy,1,121.7,178.1,-1.0,-100.0,-100.0,-100.0,89.0,70.0,0.0,0.0,0.0,0.0,0.0,22.0,3,-5,0,11,"ORBIT pos+0.16 orbit L0.21 M0.50 R0.30 tn0.75 yaw+13 pit-5 rc(3, -5, 0, 11)",0.2177,0.4824,0.3293,,
2157,256166,2156,,depth/002157.npy,1,125.2,174.8,-1.0,-100.0,-100.0,-100.0,89.0,70.0,0.0,0.0,0.0,0.0,0.0,22.0,3,-6,0,13,"ORBIT pos+0.19 orbit L0.21 M0.46 R0.32 tn0.76 yaw+15 pit-6 rc(3, -6, 0, 13)",0.2118,0.4607,0.3215,,
2158,256292,2157,,depth/002158.npy,1,125.0,236.5,-1.0,-100.0,-100.0,-100.0,88.0,70.0,0.0,0.0,0.0,0.0,0.0,22.0,2,-6,0,15,"ORBIT pos+0.20 orbit L0.21 M0.45 R0.35 tn0.77 yaw+16 pit-6 rc(2, -6, 0, 15)",0.2078,0.4548,0.3491,,
2159,256418,2158,,depth/002159.npy,1,123.7,200.9,-1.0,-100.0,-100.0,-100.0,89.0,70.0,0.0,0.0,0.0,0.0,0.0,22.0,2,-6,0,16,"ORBIT pos+0.21 orbit L0.21 M0.45 R0.35 tn0.77 yaw+17 pit-6 rc(2, -6, 0, 16)",0.2118,0.4626,0.3452,,
2160,256535,2159,,depth/002160.npy,1,125.1,175.3,-1.0,-100.0,-100.0,-100.0,89.0,70.0,0.0,0.0,0.0,0.0,0.0,22.0,1,-6,0,17,"ORBIT pos+0.22 orbit L0.21 M0.46 R0.34 tn0.77 yaw+18 pit-6 rc(1, -6, 0, 17)",0.2118,0.4626,0.3372,,
2161,256660,2160,,depth/002161.npy,1,124.7,172.6,-1.0,-100.0,-100.0,-100.0,90.0,70.0,0.0,0.0,0.0,0.0,0.0,22.0,1,-6,0,17,"ORBIT pos+0.23 orbit L0.21 M0.46 R0.34 tn0.77 yaw+18 pit-6 rc(1, -6, 0, 17)",0.2137,0.4666,0.3411,,
2162,256786,2161,,depth/002162.npy,1,123.5,232.0,-1.0,-100.0,-100.0,-100.0,90.0,70.0,0.0,0.0,0.0,0.0,0.0,22.0,1,-6,0,17,"ORBIT pos+0.23 orbit L0.21 M0.46 R0.34 tn0.77 yaw+18 pit-6 rc(1, -6, 0, 17)",0.2098,0.4626,0.3411,,
2163,256912,2162,,depth/002163.npy,1,123.6,194.8,-1.0,-100.0,-100.0,-100.0,91.0,70.0,0.0,0.0,0.0,0.0,-1.0,22.0,1,-6,0,17,"ORBIT pos+0.23 orbit L0.21 M0.47 R0.35 tn0.77 yaw+18 pit-6 rc(1, -6, 0, 17)",0.2137,0.4707,0.3452,,
2164,257029,2163,,depth/002164.npy,1,124.1,175.7,-1.0,-100.0,-100.0,-100.0,91.0,70.0,0.0,0.0,0.0,0.0,0.0,22.0,1,-6,0,17,"ORBIT pos+0.23 orbit L0.21 M0.47 R0.35 tn0.77 yaw+18 pit-6 rc(1, -6, 0, 17)",0.2157,0.4666,0.3333,,
2165,257143,2164,,depth/002165.npy,1,125.4,187.5,-1.0,-100.0,-100.0,-100.0,91.0,70.0,0.0,0.0,0.0,0.0,0.0,22.0,1,-6,0,17,"ORBIT pos+0.23 orbit L0.22 M0.47 R0.33 tn0.77 yaw+18 pit-6 rc(1, -6, 0, 17)",0.2177,0.4746,0.3293,,
2166,257269,2165,,depth/002166.npy,1,121.1,213.2,-1.0,-100.0,-100.0,-100.0,92.0,70.0,0.0,0.0,0.0,0.0,0.0,22.0,1,-6,0,17,"ORBIT pos+0.23 orbit L0.22 M0.47 R0.33 tn0.77 yaw+18 pit-6 rc(1, -6, 0, 17)",0.2177,0.502,0.3254,,
2167,257385,2166,,depth/002167.npy,1,131.9,168.2,-1.0,-100.0,-100.0,-100.0,92.0,70.0,0.0,0.0,0.0,0.0,0.0,22.0,1,-6,0,16,"ORBIT pos+0.22 orbit L0.22 M0.50 R0.33 tn0.76 yaw+17 pit-6 rc(1, -6, 0, 16)",0.2157,0.502,0.3098,,
2168,257501,2167,,depth/002167.npy,1,131.9,281.1,-1.0,-100.0,-100.0,-100.0,93.0,70.0,0.0,0.0,0.0,0.0,0.0,22.0,2,-5,0,16,"ORBIT pos+0.21 orbit L0.22 M0.50 R0.31 tn0.76 yaw+17 pit-5 rc(2, -5, 0, 16)",0.2157,0.502,0.3098,,
2169,257615,2168,,depth/002169.npy,1,125.8,318.6,-1.0,-100.0,-100.0,-100.0,93.0,70.0,0.0,0.0,0.0,0.0,0.0,22.0,2,-5,0,14,"ORBIT pos+0.19 orbit L0.22 M0.52 R0.29 tn0.75 yaw+15 pit-5 rc(2, -5, 0, 14)",0.2216,0.5215,0.2942,,
2170,257741,2169,,depth/002170.npy,1,120.0,250.3,-1.0,-100.0,-100.0,-100.0,94.0,70.0,0.0,0.0,0.0,0.0,0.0,22.0,3,-5,0,13,"ORBIT pos+0.18 orbit L0.22 M0.55 R0.26 tn0.74 yaw+15 pit-5 rc(3, -5, 0, 13)",0.2177,0.5469,0.2627,,
2171,257855,2170,,depth/002171.npy,1,118.8,303.7,-1.0,-100.0,-100.0,-100.0,95.0,70.0,0.0,0.0,0.0,0.0,0.0,22.0,4,-5,0,11,"ORBIT pos+0.16 orbit L0.22 M0.56 R0.27 tn0.74 yaw+13 pit-5 rc(4, -5, 0, 11)",0.2177,0.5566,0.2666,,
2172,257972,2171,,depth/002172.npy,1,126.5,247.3,-1.0,-100.0,-100.0,-100.0,96.0,70.0,0.0,0.0,0.0,0.0,0.0,21.0,4,0,0,10,"ORBIT pos+0.15 orbit L0.23 M0.56 R0.25 tn0.73 yaw+12 pit+0 rc(4, 0, 0, 10)",0.2255,0.5649,0.251,,
2173,258086,2172,,depth/002173.npy,1,120.6,262.9,-1.0,-100.0,-100.0,-100.0,96.0,70.0,0.0,0.0,0.0,0.0,0.0,21.0,5,0,0,7,"ORBIT pos+0.12 orbit L0.23 M0.57 R0.25 tn0.71 yaw+10 pit+0 rc(5, 0, 0, 7)",0.2294,0.5728,0.2471,,
2174,258211,2173,,depth/002174.npy,1,123.8,255.3,-1.0,-100.0,-100.0,-100.0,97.0,70.0,0.0,0.0,0.0,0.0,0.0,21.0,6,0,0,5,"ORBIT pos+0.11 orbit L0.23 M0.56 R0.24 tn0.69 yaw+9 pit+0 rc(6, 0, 0, 5)",0.2314,0.5649,0.2354,,
2175,258335,2174,,depth/002175.npy,1,129.0,283.6,-1.0,-100.0,-100.0,-100.0,98.0,70.0,0.0,0.0,0.0,0.0,0.0,21.0,7,0,0,3,"ORBIT pos+0.08 orbit L0.24 M0.57 R0.23 tn0.68 yaw+7 pit+0 rc(7, 0, 0, 3)",0.2393,0.5688,0.2274,,
2176,258456,2175,,depth/002176.npy,1,116.3,269.2,-1.0,-100.0,-100.0,-100.0,98.0,70.0,0.0,0.0,0.0,0.0,0.0,21.0,7,0,0,1,"ORBIT pos+0.07 orbit L0.24 M0.58 R0.23 tn0.67 yaw+5 pit+0 rc(7, 0, 0, 1)",0.2393,0.5767,0.2274,,
2177,258575,2176,,depth/002177.npy,1,128.1,280.0,-1.0,-100.0,-100.0,-100.0,98.0,70.0,0.0,0.0,0.0,0.0,0.0,21.0,8,0,0,-5,"ORBIT pos+0.04 orbit L0.24 M0.58 R0.23 tn0.66 yaw+0 pit+0 rc(8, 0, 0, -5)",0.2354,0.5767,0.2274,,
2178,258690,2177,,depth/002178.npy,1,142.9,269.9,-1.0,-100.0,-100.0,-100.0,98.0,70.0,0.0,0.0,0.0,0.0,0.0,21.0,9,0,0,-5,"ORBIT pos+0.02 orbit L0.24 M0.57 R0.23 tn0.66 yaw+0 pit+0 rc(9, 0, 0, -5)",0.2432,0.5669,0.2274,,
2179,258804,2178,,depth/002179.npy,1,122.9,216.2,-1.0,-100.0,-100.0,-100.0,99.0,70.0,0.0,0.0,0.0,0.0,0.0,21.0,10,0,0,-6,"ORBIT pos-0.00 orbit L0.25 M0.56 R0.23 tn0.66 yaw+0 pit+0 rc(10, 0, 0, -6)",0.2471,0.5566,0.2313,,
2180,258921,2179,,depth/002180.npy,1,125.3,231.5,-1.0,-100.0,-100.0,-100.0,99.0,70.0,0.0,0.0,0.0,0.0,0.0,21.0,9,0,0,-5,"ORBIT pos-0.01 orbit L0.25 M0.56 R0.23 tn0.65 yaw+0 pit+0 rc(9, 0, 0, -5)",0.2471,0.5605,0.2432,,
2181,259035,2180,,depth/002181.npy,1,123.0,177.0,-1.0,-100.0,-100.0,-100.0,99.0,70.0,0.0,0.0,0.0,0.0,0.0,21.0,9,0,0,-5,"ORBIT pos-0.03 orbit L0.25 M0.55 R0.24 tn0.65 yaw+0 pit+0 rc(9, 0, 0, -5)",0.2549,0.5488,0.2393,,
2182,259160,2181,,depth/002182.npy,1,120.5,172.9,-1.0,-100.0,-100.0,-100.0,100.0,70.0,0.0,0.0,0.0,0.0,0.0,21.0,8,0,0,-5,"ORBIT pos-0.04 orbit L0.25 M0.55 R0.24 tn0.64 yaw+0 pit+0 rc(8, 0, 0, -5)",0.2588,0.541,0.2471,,
2183,259276,2182,,depth/002183.npy,1,125.6,188.0,-1.0,-100.0,-100.0,-100.0,100.0,70.0,0.0,0.0,0.0,0.0,0.0,21.0,7,0,0,-9,"ORBIT pos-0.06 orbit L0.25 M0.54 R0.24 tn0.64 yaw-5 pit+0 rc(7, 0, 0, -9)",0.2549,0.5449,0.2432,,
2184,259391,2183,,depth/002184.npy,1,124.4,169.0,-1.0,-100.0,-100.0,-100.0,100.0,70.0,0.0,0.0,0.0,0.0,0.0,21.0,7,0,0,-10,"ORBIT pos-0.07 orbit L0.25 M0.54 R0.24 tn0.64 yaw-6 pit+0 rc(7, 0, 0, -10)",0.2588,0.541,0.2471,,
2185,259505,2184,,depth/002185.npy,1,123.4,209.5,-1.0,-100.0,-100.0,-100.0,100.0,70.0,0.0,0.0,0.0,0.0,0.0,21.0,6,5,0,-11,"ORBIT pos-0.09 orbit L0.26 M0.54 R0.25 tn0.64 yaw-7 pit+5 rc(6, 5, 0, -11)",0.2627,0.5332,0.2432,,
2186,259632,2185,,depth/002186.npy,1,119.5,213.8,-1.0,-100.0,-100.0,-100.0,100.0,70.0,0.0,0.0,0.0,0.0,0.0,21.0,6,5,0,-13,"ORBIT pos-0.11 orbit L0.26 M0.53 R0.24 tn0.64 yaw-9 pit+5 rc(6, 5, 0, -13)",0.2705,0.541,0.2393,,
2187,259749,2186,,depth/002187.npy,1,124.1,189.7,-1.0,-100.0,-100.0,-100.0,101.0,70.0,0.0,0.0,0.0,0.0,0.0,21.0,5,5,0,-12,"ORBIT pos-0.12 orbit L0.27 M0.54 R0.24 tn0.64 yaw-9 pit+5 rc(5, 5, 0, -12)",0.2744,0.543,0.251,,
2188,259865,2187,,depth/002187.npy,1,124.1,304.1,-1.0,-100.0,-100.0,-100.0,101.0,70.0,0.0,0.0,0.0,0.0,0.0,21.0,5,0,0,-13,"ORBIT pos-0.13 orbit L0.27 M0.54 R0.25 tn0.64 yaw-10 pit+0 rc(5, 0, 0, -13)",0.2744,0.543,0.251,,
2189,259989,2188,,depth/002189.npy,1,115.9,300.4,-1.0,-100.0,-100.0,-100.0,101.0,70.0,0.0,0.0,0.0,0.0,0.0,21.0,4,5,0,-13,"ORBIT pos-0.14 orbit L0.27 M0.53 R0.25 tn0.64 yaw-11 pit+5 rc(4, 5, 0, -13)",0.2705,0.5293,0.251,,
2190,260104,2189,,depth/002190.npy,1,115.9,285.4,-1.0,-100.0,-100.0,-100.0,101.0,70.0,0.0,0.0,0.0,0.0,0.0,21.0,4,5,0,-14,"ORBIT pos-0.15 orbit L0.28 M0.53 R0.25 tn0.64 yaw-12 pit+5 rc(4, 5, 0, -14)",0.2825,0.5332,0.2471,,
2191,260222,2190,,depth/002191.npy,1,124.1,275.8,-1.0,-100.0,-100.0,-100.0,101.0,70.0,0.0,0.0,0.0,0.0,0.0,21.0,4,5,0,-15,"ORBIT pos-0.16 orbit L0.27 M0.52 R0.25 tn0.63 yaw-13 pit+5 rc(4, 5, 0, -15)",0.2744,0.5176,0.2471,,
2192,260337,2191,,depth/002192.npy,1,125.1,248.4,-1.0,-100.0,-100.0,-100.0,101.0,70.0,0.0,0.0,0.0,0.0,0.0,21.0,3,5,0,-16,"ORBIT pos-0.17 orbit L0.28 M0.52 R0.25 tn0.63 yaw-14 pit+5 rc(3, 5, 0, -16)",0.2825,0.5176,0.2471,,
2193,260463,2192,,depth/002193.npy,1,122.3,273.1,-1.0,-100.0,-100.0,-100.0,101.0,70.0,0.0,0.0,0.0,0.0,0.0,21.0,3,5,0,-17,"ORBIT pos-0.19 orbit L0.29 M0.51 R0.25 tn0.63 yaw-15 pit+5 rc(3, 5, 0, -17)",0.2903,0.5059,0.2549,,
2194,260588,2193,,depth/002194.npy,1,123.3,290.4,-1.0,-100.0,-100.0,-100.0,100.0,70.0,0.0,0.0,0.0,0.0,0.0,21.0,2,5,0,-16,"ORBIT pos-0.19 orbit L0.29 M0.51 R0.25 tn0.63 yaw-15 pit+5 rc(2, 5, 0, -16)",0.2942,0.5059,0.2549,,
2195,260708,2194,,depth/002195.npy,1,128.4,290.5,-1.0,-100.0,-100.0,-100.0,100.0,70.0,0.0,0.0,0.0,0.0,0.0,21.0,2,5,0,-17,"ORBIT pos-0.20 orbit L0.29 M0.52 R0.25 tn0.64 yaw-16 pit+5 rc(2, 5, 0, -17)",0.2864,0.5156,0.2471,,
2196,260823,2195,,depth/002196.npy,1,121.1,267.4,-1.0,-100.0,-100.0,-100.0,100.0,70.0,0.0,0.0,0.0,0.0,0.0,21.0,2,5,0,-17,"ORBIT pos-0.21 orbit L0.31 M0.51 R0.26 tn0.64 yaw-16 pit+5 rc(2, 5, 0, -17)",0.3079,0.5059,0.2588,,
2197,260938,2196,,depth/002197.npy,1,129.5,248.4,-1.0,-100.0,-100.0,-100.0,100.0,70.0,0.0,0.0,0.0,0.0,0.0,21.0,2,0,0,-18,"ORBIT pos-0.21 orbit L0.31 M0.51 R0.26 tn0.64 yaw-17 pit+0 rc(2, 0, 0, -18)",0.3098,0.5059,0.2588,,
2198,261062,2197,,depth/002198.npy,1,121.2,242.6,-1.0,-100.0,-100.0,-100.0,99.0,70.0,0.0,0.0,0.0,0.0,0.0,21.0,1,0,0,-18,"ORBIT pos-0.21 orbit L0.31 M0.51 R0.26 tn0.65 yaw-17 pit+0 rc(1, 0, 0, -18)",0.3098,0.5098,0.2588,,
2199,261181,2198,,depth/002199.npy,1,124.6,247.2,-1.0,-100.0,-100.0,-100.0,99.0,70.0,0.0,0.0,0.0,0.0,0.0,21.0,1,0,0,-19,"ORBIT pos-0.22 orbit L0.31 M0.51 R0.26 tn0.65 yaw-18 pit+0 rc(1, 0, 0, -19)",0.3098,0.5098,0.2627,,
2200,261307,2199,,depth/002200.npy,1,126.3,216.2,-1.0,-100.0,-100.0,-100.0,98.0,70.0,0.0,0.0,0.0,0.0,0.0,21.0,1,0,0,-19,"ORBIT pos-0.22 orbit L0.31 M0.50 R0.26 tn0.65 yaw-18 pit+0 rc(1, 0, 0, -19)",0.3098,0.5039,0.2588,,
2201,261430,2200,,depth/002201.npy,1,116.6,239.2,-1.0,-100.0,-100.0,-100.0,97.0,70.0,0.0,0.0,0.0,0.0,0.0,21.0,1,0,0,-19,"ORBIT pos-0.22 orbit L0.30 M0.51 R0.25 tn0.65 yaw-18 pit+0 rc(1, 0, 0, -19)",0.302,0.5078,0.251,,
2202,261546,2201,,depth/002202.npy,1,136.9,252.0,-1.0,-100.0,-100.0,-100.0,97.0,70.0,0.0,0.0,0.0,0.0,0.0,21.0,1,0,0,-18,"ORBIT pos-0.22 orbit L0.29 M0.52 R0.25 tn0.65 yaw-17 pit+0 rc(1, 0, 0, -18)",0.2942,0.5176,0.2549,,
2203,261663,2202,,depth/002203.npy,1,125.3,241.1,-1.0,-100.0,-100.0,-100.0,96.0,70.0,0.0,0.0,0.0,0.0,0.0,21.0,1,0,0,-18,"ORBIT pos-0.21 orbit L0.29 M0.52 R0.25 tn0.64 yaw-17 pit+0 rc(1, 0, 0, -18)",0.2903,0.5254,0.2432,,
2204,261788,2203,,depth/002204.npy,1,121.2,229.1,-1.0,-100.0,-100.0,-100.0,96.0,70.0,0.0,0.0,0.0,0.0,0.0,21.0,2,5,0,-17,"ORBIT pos-0.20 orbit L0.28 M0.53 R0.24 tn0.64 yaw-16 pit+5 rc(2, 5, 0, -17)",0.2783,0.5332,0.2432,,
2205,261913,2204,,depth/002205.npy,1,119.9,222.6,-1.0,-100.0,-100.0,-100.0,95.0,70.0,0.0,0.0,0.0,0.0,0.0,21.0,2,5,0,-16,"ORBIT pos-0.19 orbit L0.28 M0.53 R0.24 tn0.63 yaw-15 pit+5 rc(2, 5, 0, -16)",0.2783,0.5449,0.2471,,
2206,262027,2205,,depth/002206.npy,1,127.6,209.6,-1.0,-100.0,-100.0,-100.0,95.0,70.0,0.0,0.0,0.0,0.0,0.0,21.0,3,5,0,-16,"ORBIT pos-0.17 orbit L0.27 M0.55 R0.24 tn0.63 yaw-14 pit+5 rc(3, 5, 0, -16)",0.2725,0.5488,0.2412,,
2207,262143,2206,,depth/002207.npy,1,123.3,222.3,-1.0,-100.0,-100.0,-100.0,94.0,70.0,0.0,0.0,0.0,0.0,0.0,21.0,3,5,0,-15,"ORBIT pos-0.16 orbit L0.27 M0.55 R0.24 tn0.63 yaw-13 pit+5 rc(3, 5, 0, -15)",0.2588,0.5488,0.2393,,
2208,262258,2207,,depth/002208.npy,1,124.1,166.3,-1.0,-100.0,-100.0,-100.0,94.0,70.0,0.0,0.0,0.0,0.0,0.0,21.0,4,5,0,-13,"ORBIT pos-0.14 orbit L0.26 M0.56 R0.23 tn0.63 yaw-11 pit+5 rc(4, 5, 0, -13)",0.2588,0.5605,0.2274,,
2209,262381,2208,,depth/002209.npy,1,122.1,189.4,-1.0,-100.0,-100.0,-100.0,93.0,70.0,0.0,0.0,0.0,0.0,0.0,21.0,5,5,0,-13,"ORBIT pos-0.12 orbit L0.26 M0.56 R0.23 tn0.63 yaw-10 pit+5 rc(5, 5, 0, -13)",0.251,0.5547,0.2196,,
2210,262506,2209,,depth/002210.npy,1,118.8,197.4,-1.0,-100.0,-100.0,-100.0,93.0,70.0,0.0,0.0,0.0,0.0,0.0,21.0,6,5,0,-12,"ORBIT pos-0.10 orbit L0.25 M0.56 R0.22 tn0.64 yaw-8 pit+5 rc(6, 5, 0, -12)",0.251,0.5649,0.2196,,
2211,262624,2210,,depth/002211.npy,1,128.0,199.5,-1.0,-100.0,-100.0,-100.0,92.0,70.0,0.0,0.0,0.0,0.0,0.0,21.0,7,0,0,-11,"ORBIT pos-0.09 orbit L0.25 M0.56 R0.22 tn0.64 yaw-7 pit+0 rc(7, 0, 0, -11)",0.2393,0.5767,0.2235,,
2212,262739,2211,,depth/002212.npy,1,127.1,185.1,-1.0,-100.0,-100.0,-100.0,92.0,70.0,0.0,0.0,0.0,0.0,0.0,21.0,7,0,0,-9,"ORBIT pos-0.07 orbit L0.24 M0.58 R0.22 tn0.65 yaw-5 pit+0 rc(7, 0, 0, -9)",0.2313,0.5728,0.2235,,
2213,262864,2212,,depth/002213.npy,1,121.4,175.7,-1.0,-100.0,-100.0,-100.0,91.0,70.0,0.0,0.0,0.0,0.0,0.0,21.0,8,0,0,-5,"ORBIT pos-0.05 orbit L0.23 M0.57 R0.23 tn0.65 yaw+0 pit+0 rc(8, 0, 0, -5)",0.2313,0.5728,0.2274,,
2214,262978,2213,,depth/002214.npy,1,120.9,228.0,-1.0,-100.0,-100.0,-100.0,91.0,70.0,0.0,0.0,0.0,0.0,0.0,21.0,9,0,0,-5,"ORBIT pos-0.04 orbit L0.23 M0.57 R0.23 tn0.65 yaw+0 pit+0 rc(9, 0, 0, -5)",0.2354,0.5884,0.2313,,
2215,263096,2214,,depth/002215.npy,1,124.0,176.5,-1.0,-100.0,-100.0,-100.0,91.0,70.0,0.0,0.0,0.0,0.0,0.0,21.0,9,0,0,-5,"ORBIT pos-0.02 orbit L0.24 M0.59 R0.23 tn0.66 yaw+0 pit+0 rc(9, 0, 0, -5)",0.2313,0.5767,0.2235,,
2216,263210,2215,,depth/002215.npy,1,124.0,290.3,-1.0,-100.0,-100.0,-100.0,91.0,70.0,0.0,0.0,0.0,0.0,0.0,21.0,9,0,0,-5,"ORBIT pos-0.01 orbit L0.23 M0.58 R0.22 tn0.66 yaw+0 pit+0 rc(9, 0, 0, -5)",0.2313,0.5767,0.2235,,
2217,263335,2216,,depth/002217.npy,1,132.4,319.1,-1.0,-100.0,-100.0,-100.0,92.0,70.0,0.0,0.0,0.0,0.0,0.0,21.0,10,0,0,-6,"ORBIT pos-0.00 orbit L0.24 M0.59 R0.23 tn0.66 yaw+0 pit+0 rc(10, 0, 0, -6)",0.2393,0.5864,0.2255,,
2218,263451,2217,,depth/002218.npy,1,117.1,250.6,-1.0,-100.0,-100.0,-100.0,92.0,70.0,0.0,0.0,0.0,0.0,0.0,21.0,10,0,0,-6,"ORBIT pos-0.00 orbit L0.24 M0.58 R0.23 tn0.66 yaw+0 pit+0 rc(10, 0, 0, -6)",0.2354,0.5806,0.2274,,
2219,263566,2218,,depth/002219.npy,1,129.9,257.3,-1.0,-100.0,-100.0,-100.0,92.0,70.0,0.0,0.0,0.0,0.0,0.0,21.0,10,0,0,-6,"ORBIT pos+0.00 orbit L0.23 M0.58 R0.23 tn0.66 yaw+0 pit+0 rc(10, 0, 0, -6)",0.2313,0.5845,0.2274,,
2220,263689,2219,,depth/002220.npy,1,204.1,279.8,-1.0,-100.0,-100.0,-100.0,92.0,70.0,0.0,0.0,0.0,0.0,0.0,21.0,10,0,0,-6,"ORBIT pos+0.00 orbit L0.23 M0.58 R0.23 tn0.67 yaw+0 pit+0 rc(10, 0, 0, -6)",0.2313,0.5767,0.2196,,
2221,263803,2220,,depth/002220.npy,1,204.1,388.7,-1.0,-100.0,-100.0,-100.0,92.0,70.0,0.0,0.0,0.0,0.0,0.0,21.0,10,0,0,-6,"ORBIT pos+0.00 orbit L0.23 M0.58 R0.22 tn0.66 yaw+0 pit+0 rc(10, 0, 0, -6)",0.2313,0.5767,0.2196,,
2222,263922,2221,,depth/002222.npy,1,135.5,369.0,-1.0,-100.0,-100.0,-100.0,92.0,70.0,0.0,0.0,0.0,0.0,0.0,21.0,10,0,0,-6,"ORBIT pos-0.00 orbit L0.23 M0.57 R0.22 tn0.66 yaw+0 pit+0 rc(10, 0, 0, -6)",0.2274,0.5688,0.2196,,
2223,264037,2222,,depth/002223.npy,1,119.4,274.4,-1.0,-100.0,-100.0,-100.0,92.0,70.0,0.0,0.0,0.0,0.0,0.0,21.0,10,0,0,-6,"ORBIT pos-0.01 orbit L0.23 M0.58 R0.22 tn0.66 yaw+0 pit+0 rc(10, 0, 0, -6)",0.2313,0.5806,0.2235,,
2224,264162,2223,,depth/002224.npy,1,126.8,276.5,-1.0,-100.0,-100.0,-100.0,92.0,70.0,0.0,0.0,0.0,0.0,0.0,21.0,9,0,0,-5,"ORBIT pos-0.02 orbit L0.23 M0.58 R0.22 tn0.66 yaw+0 pit+0 rc(9, 0, 0, -5)",0.2313,0.5767,0.2196,,
2225,264277,2224,,depth/002225.npy,1,126.9,260.1,-1.0,-100.0,-100.0,-100.0,92.0,70.0,0.0,0.0,0.0,0.0,0.0,21.0,9,0,0,-5,"ORBIT pos-0.03 orbit L0.24 M0.57 R0.23 tn0.66 yaw+0 pit+0 rc(9, 0, 0, -5)",0.2393,0.5688,0.2274,,
2226,264400,2225,,depth/002226.npy,1,155.0,244.4,-1.0,-100.0,-100.0,-100.0,92.0,70.0,0.0,0.0,0.0,0.0,0.0,21.0,9,0,0,-5,"ORBIT pos-0.04 orbit L0.24 M0.56 R0.23 tn0.66 yaw+0 pit+0 rc(9, 0, 0, -5)",0.2393,0.5605,0.2274,,
2227,264526,2226,,depth/002227.npy,1,122.9,226.4,-1.0,-100.0,-100.0,-100.0,93.0,70.0,1.0,0.0,0.0,0.0,-1.0,21.0,8,0,0,-5,"ORBIT pos-0.05 orbit L0.25 M0.56 R0.22 tn0.66 yaw+0 pit+0 rc(8, 0, 0, -5)",0.2471,0.5605,0.2235,,
2228,264651,2227,,depth/002228.npy,1,117.9,231.2,-1.0,-100.0,-100.0,-100.0,93.0,70.0,0.0,0.0,0.0,0.0,-1.0,21.0,8,0,0,-9,"ORBIT pos-0.05 orbit L0.25 M0.56 R0.23 tn0.66 yaw-4 pit+0 rc(8, 0, 0, -9)",0.2471,0.5605,0.2274,,
2229,264765,2228,,depth/002229.npy,1,125.5,212.5,-1.0,-100.0,-100.0,-100.0,93.0,70.0,0.0,0.0,0.0,0.0,0.0,21.0,7,0,0,-10,"ORBIT pos-0.07 orbit L0.24 M0.55 R0.22 tn0.66 yaw-6 pit+0 rc(7, 0, 0, -10)",0.2432,0.5527,0.2235,,
2230,264882,2229,,depth/002230.npy,1,123.9,224.3,-1.0,-100.0,-100.0,-100.0,93.0,70.0,0.0,0.0,0.0,0.0,0.0,21.0,7,0,0,-10,"ORBIT pos-0.08 orbit L0.24 M0.55 R0.22 tn0.66 yaw-6 pit+0 rc(7, 0, 0, -10)",0.2471,0.5605,0.2313,,
2231,264995,2230,,depth/002231.npy,1,124.6,240.7,-1.0,-100.0,-100.0,-100.0,94.0,70.0,0.0,0.0,0.0,0.0,0.0,21.0,7,0,0,-11,"ORBIT pos-0.09 orbit L0.25 M0.55 R0.23 tn0.65 yaw-7 pit+0 rc(7, 0, 0, -11)",0.2549,0.5508,0.2313,,
2232,265121,2231,,depth/002232.npy,1,124.0,201.9,-1.0,-100.0,-100.0,-100.0,94.0,70.0,0.0,0.0,0.0,0.0,0.0,21.0,6,0,0,-12,"ORBIT pos-0.10 orbit L0.26 M0.55 R0.24 tn0.65 yaw-8 pit+0 rc(6, 0, 0, -12)",0.2627,0.5527,0.2393,,
2233,265237,2232,,depth/002233.npy,1,122.9,179.3,-1.0,-100.0,-100.0,-100.0,94.0,70.0,0.0,0.0,0.0,0.0,0.0,21.0,6,0,0,-12,"ORBIT pos-0.10 orbit L0.26 M0.55 R0.24 tn0.65 yaw-8 pit+0 rc(6, 0, 0, -12)",0.2627,0.5566,0.2393,,
2234,265353,2233,,depth/002234.npy,1,123.2,165.1,-1.0,-100.0,-100.0,-100.0,94.0,70.0,0.0,0.0,0.0,0.0,0.0,21.0,5,0,0,-13,"ORBIT pos-0.12 orbit L0.28 M0.55 R0.24 tn0.65 yaw-10 pit+0 rc(5, 0, 0, -13)",0.2783,0.5488,0.2393,,
2235,265468,2234,,depth/002235.npy,1,126.2,169.8,-1.0,-100.0,-100.0,-100.0,94.0,70.0,0.0,0.0,0.0,0.0,0.0,21.0,5,0,0,-13,"ORBIT pos-0.13 orbit L0.28 M0.55 R0.24 tn0.65 yaw-10 pit+0 rc(5, 0, 0, -13)",0.2825,0.5449,0.251,,
2236,265583,2235,,depth/002236.npy,1,123.6,161.9,-1.0,-100.0,-100.0,-100.0,93.0,70.0,0.0,0.0,0.0,0.0,0.0,21.0,4,0,0,-13,"ORBIT pos-0.14 orbit L0.28 M0.54 R0.25 tn0.65 yaw-11 pit+0 rc(4, 0, 0, -13)",0.2864,0.5488,0.2313,,
2237,265708,2236,,depth/002237.npy,1,122.5,193.0,-1.0,-100.0,-100.0,-100.0,92.0,70.0,0.0,0.0,0.0,0.0,0.0,21.0,4,0,0,-14,"ORBIT pos-0.16 orbit L0.29 M0.55 R0.23 tn0.65 yaw-12 pit+0 rc(4, 0, 0, -14)",0.302,0.5449,0.2393,,
2238,265827,2237,,depth/002238.npy,1,127.2,174.5,-1.0,-100.0,-100.0,-100.0,92.0,70.0,0.0,0.0,0.0,0.0,0.0,21.0,4,0,0,-15,"ORBIT pos-0.16 orbit L0.30 M0.54 R0.24 tn0.65 yaw-13 pit+0 rc(4, 0, 0, -15)",0.302,0.5547,0.2549,,
2239,265942,2238,,depth/002238.npy,1,127.2,289.3,-1.0,-100.0,-100.0,-100.0,91.0,70.0,0.0,0.0,0.0,0.0,0.0,21.0,3,0,0,-16,"ORBIT pos-0.17 orbit L0.30 M0.55 R0.25 tn0.66 yaw-14 pit+0 rc(3, 0, 0, -16)",0.302,0.5547,0.2549,,
2240,266067,2239,,depth/002240.npy,1,123.6,311.1,-1.0,-100.0,-100.0,-100.0,90.0,70.0,0.0,0.0,0.0,0.0,0.0,21.0,3,0,0,-16,"ORBIT pos-0.18 orbit L0.31 M0.54 R0.25 tn0.67 yaw-14 pit+0 rc(3, 0, 0, -16)",0.3079,0.5449,0.2549,,
2241,266181,2240,,depth/002241.npy,1,119.1,290.2,-1.0,-100.0,-100.0,-100.0,89.0,70.0,0.0,0.0,0.0,0.0,0.0,21.0,3,0,0,-17,"ORBIT pos-0.18 orbit L0.30 M0.55 R0.25 tn0.69 yaw-15 pit+0 rc(3, 0, 0, -17)",0.302,0.5527,0.2549,,
2242,266298,2241,,depth/002242.npy,1,122.8,240.3,-1.0,-100.0,-100.0,-100.0,88.0,70.0,0.0,0.0,0.0,0.0,0.0,21.0,3,0,0,-16,"ORBIT pos-0.18 orbit L0.27 M0.57 R0.26 tn0.69 yaw-14 pit+0 rc(3, 0, 0, -16)",0.2744,0.5728,0.2588,,
2243,266423,2242,,depth/002243.npy,1,126.9,266.6,-1.0,-100.0,-100.0,-100.0,87.0,70.0,0.0,0.0,0.0,0.0,0.0,21.0,4,0,0,-15,"ORBIT pos-0.16 orbit L0.27 M0.58 R0.25 tn0.70 yaw-13 pit+0 rc(4, 0, 0, -15)",0.2705,0.5806,0.2471,,
2244,266538,2243,,depth/002244.npy,1,126.1,277.6,-1.0,-100.0,-100.0,-100.0,86.0,70.0,0.0,0.0,0.0,0.0,0.0,21.0,4,0,0,-14,"ORBIT pos-0.15 orbit L0.26 M0.59 R0.25 tn0.70 yaw-12 pit+0 rc(4, 0, 0, -14)",0.2627,0.5884,0.2471,,
2245,266651,2244,,depth/002245.npy,1,117.9,269.4,-1.0,-100.0,-100.0,-100.0,85.0,70.0,0.0,0.0,0.0,0.0,0.0,21.0,5,0,0,-13,"ORBIT pos-0.12 orbit L0.24 M0.60 R0.23 tn0.70 yaw-10 pit+0 rc(5, 0, 0, -13)",0.2393,0.6001,0.2274,,
2246,266769,2245,,depth/002246.npy,1,124.2,280.8,-1.0,-100.0,-100.0,-100.0,84.0,70.0,0.0,0.0,0.0,0.0,0.0,21.0,6,0,0,-12,"ORBIT pos-0.10 orbit L0.24 M0.60 R0.24 tn0.70 yaw-8 pit+0 rc(6, 0, 0, -12)",0.2432,0.604,0.2354,,
2247,266885,2246,,depth/002247.npy,1,125.8,263.5,-1.0,-100.0,-100.0,-100.0,83.0,70.0,0.0,0.0,0.0,0.0,0.0,21.0,7,0,0,-9,"ORBIT pos-0.06 orbit L0.23 M0.59 R0.23 tn0.70 yaw-5 pit+0 rc(7, 0, 0, -9)",0.2294,0.5923,0.2313,,
2248,267010,2247,,depth/002248.npy,1,127.2,218.2,-1.0,-100.0,-100.0,-100.0,82.0,70.0,0.0,0.0,0.0,0.0,0.0,21.0,9,0,0,-5,"ORBIT pos-0.03 orbit L0.23 M0.58 R0.26 tn0.69 yaw+0 pit+0 rc(9, 0, 0, -5)",0.2275,0.5806,0.2588,,
2249,267125,2248,,depth/002249.npy,1,116.8,226.8,-1.0,-100.0,-100.0,-100.0,81.0,70.0,0.0,0.0,0.0,0.0,0.0,20.0,9,0,0,-5,"ORBIT pos+0.02 orbit L0.23 M0.57 R0.28 tn0.69 yaw+0 pit+0 rc(9, 0, 0, -5)",0.2294,0.5688,0.2783,,
2250,267242,2249,,depth/002250.npy,1,126.5,266.3,-1.0,-100.0,-100.0,-100.0,80.0,70.0,0.0,0.0,0.0,0.0,0.0,20.0,8,0,0,-5,"ORBIT pos+0.04 orbit L0.23 M0.57 R0.28 tn0.69 yaw+0 pit+0 rc(8, 0, 0, -5)",0.2353,0.5566,0.2981,,
2251,267356,2250,,depth/002251.npy,1,127.5,223.2,-1.0,-100.0,-100.0,-100.0,79.0,70.0,0.0,0.0,0.0,0.0,0.0,20.0,6,0,0,3,"ORBIT pos+0.09 orbit L0.23 M0.52 R0.32 tn0.69 yaw+7 pit+0 rc(6, 0, 0, 3)",0.2333,0.5176,0.3215,,
2252,267481,2251,,depth/002252.npy,1,122.5,225.1,-1.0,-100.0,-100.0,-100.0,79.0,70.0,0.0,0.0,0.0,0.0,0.0,20.0,5,0,0,6,"ORBIT pos+0.11 orbit L0.23 M0.52 R0.32 tn0.69 yaw+9 pit+0 rc(5, 0, 0, 6)",0.2255,0.4883,0.3372,,
2253,267598,2252,,depth/002253.npy,1,124.3,204.2,-1.0,-100.0,-100.0,-100.0,79.0,70.0,0.0,0.0,0.0,0.0,0.0,20.0,4,0,0,11,"ORBIT pos+0.16 orbit L0.24 M0.48 R0.36 tn0.69 yaw+13 pit+0 rc(4, 0, 0, 11)",0.2412,0.4824,0.3589,,
2254,267722,2253,,depth/002254.npy,1,123.6,199.3,-1.0,-100.0,-100.0,-100.0,78.0,70.0,0.0,0.0,0.0,0.0,0.0,20.0,3,0,0,12,"ORBIT pos+0.18 orbit L0.24 M0.48 R0.36 tn0.69 yaw+14 pit+0 rc(3, 0, 0, 12)",0.2314,0.4548,0.353,,
2255,267838,2254,,depth/002255.npy,1,120.3,219.4,-1.0,-100.0,-100.0,-100.0,78.0,70.0,0.0,0.0,0.0,0.0,0.0,20.0,2,0,0,15,"ORBIT pos+0.21 orbit L0.24 M0.44 R0.37 tn0.69 yaw+16 pit+0 rc(2, 0, 0, 15)",0.2393,0.4431,0.3687,,
2256,267955,2255,,depth/002256.npy,1,123.6,167.2,-1.0,-100.0,-100.0,-100.0,78.0,70.0,0.0,0.0,0.0,0.0,0.0,20.0,1,0,0,16,"ORBIT pos+0.22 orbit L0.24 M0.44 R0.37 tn0.68 yaw+17 pit+0 rc(1, 0, 0, 16)",0.2412,0.447,0.3804,,
2257,268070,2256,,depth/002257.npy,1,125.7,181.9,-1.0,-100.0,-100.0,-100.0,79.0,70.0,0.0,0.0,0.0,0.0,0.0,20.0,1,0,0,18,"ORBIT pos+0.24 orbit L0.24 M0.45 R0.38 tn0.68 yaw+19 pit+0 rc(1, 0, 0, 18)",0.2393,0.447,0.3687,,
2258,268185,2257,,depth/002258.npy,1,130.4,166.6,-1.0,-100.0,-100.0,-100.0,79.0,70.0,0.0,0.0,0.0,0.0,0.0,20.0,0,0,0,19,"ORBIT pos+0.24 orbit L0.24 M0.45 R0.37 tn0.68 yaw+19 pit+0 rc(0, 0, 0, 19)",0.2373,0.447,0.3608,,
2259,268300,2258,,depth/002259.npy,1,119.3,184.2,-1.0,-100.0,-100.0,-100.0,79.0,70.0,0.0,0.0,0.0,0.0,0.0,20.0,0,0,0,20,"ORBIT pos+0.25 orbit L0.24 M0.45 R0.36 tn0.68 yaw+20 pit+0 rc(0, 0, 0, 20)",0.2314,0.447,0.3569,,
2260,268416,2259,,depth/002259.npy,1,119.3,300.5,-1.0,-100.0,-100.0,-100.0,79.0,70.0,0.0,0.0,0.0,0.0,0.0,20.0,0,0,0,20,"ORBIT pos+0.25 orbit L0.23 M0.45 R0.36 tn0.68 yaw+20 pit+0 rc(0, 0, 0, 20)",0.2314,0.447,0.3569,,
2261,268532,2260,,depth/002261.npy,1,125.3,246.4,-1.0,-100.0,-100.0,-100.0,80.0,70.0,0.0,0.0,0.0,0.0,0.0,20.0,0,0,0,20,"ORBIT pos+0.25 orbit L0.24 M0.45 R0.36 tn0.67 yaw+20 pit+0 rc(0, 0, 0, 20)",0.2353,0.4509,0.3608,,
2262,268646,2261,,depth/002262.npy,1,122.3,262.1,-1.0,-100.0,-100.0,-100.0,80.0,70.0,0.0,0.0,0.0,0.0,0.0,20.0,0,0,0,20,"ORBIT pos+0.25 orbit L0.24 M0.47 R0.36 tn0.68 yaw+20 pit+0 rc(0, 0, 0, 20)",0.2432,0.4666,0.3608,,
2263,268763,2262,,depth/002263.npy,1,121.8,243.3,-1.0,-100.0,-100.0,-100.0,81.0,70.0,0.0,0.0,0.0,0.0,0.0,20.0,0,0,0,20,"ORBIT pos+0.25 orbit L0.24 M0.46 R0.36 tn0.68 yaw+20 pit+0 rc(0, 0, 0, 20)",0.2412,0.4626,0.3569,,
2264,268885,2263,,depth/002264.npy,1,150.4,265.3,-1.0,-100.0,-100.0,-100.0,81.0,70.0,0.0,0.0,0.0,0.0,0.0,20.0,0,0,0,19,"ORBIT pos+0.24 orbit L0.24 M0.46 R0.35 tn0.68 yaw+19 pit+0 rc(0, 0, 0, 19)",0.2372,0.4626,0.355,,
2265,269000,2264,,depth/002265.npy,1,124.6,211.7,-1.0,-100.0,-100.0,-100.0,82.0,70.0,0.0,0.0,0.0,0.0,0.0,20.0,0,0,0,19,"ORBIT pos+0.24 orbit L0.24 M0.49 R0.35 tn0.68 yaw+19 pit+0 rc(0, 0, 0, 19)",0.2353,0.4863,0.3452,,
2266,269114,2265,,depth/002266.npy,1,123.5,222.0,-1.0,-100.0,-100.0,-100.0,82.0,70.0,0.0,0.0,0.0,0.0,0.0,20.0,1,0,0,18,"ORBIT pos+0.23 orbit L0.24 M0.49 R0.35 tn0.68 yaw+19 pit+0 rc(1, 0, 0, 18)",0.2353,0.498,0.3411,,
2267,269230,2266,,depth/002267.npy,1,121.2,211.6,-1.0,-100.0,-100.0,-100.0,83.0,70.0,0.0,0.0,0.0,0.0,0.0,20.0,1,0,0,16,"ORBIT pos+0.22 orbit L0.24 M0.53 R0.33 tn0.68 yaw+17 pit+0 rc(1, 0, 0, 16)",0.2353,0.5273,0.3293,,
2268,269345,2267,,depth/002268.npy,1,120.5,224.8,-1.0,-100.0,-100.0,-100.0,83.0,70.0,0.0,0.0,0.0,0.0,0.0,20.0,2,0,0,16,"ORBIT pos+0.21 orbit L0.24 M0.53 R0.33 tn0.69 yaw+17 pit+0 rc(2, 0, 0, 16)",0.2372,0.5371,0.3254,,
2269,269471,2268,,depth/002269.npy,1,130.7,181.5,-1.0,-100.0,-100.0,-100.0,84.0,70.0,0.0,0.0,0.0,0.0,0.0,20.0,2,0,0,14,"ORBIT pos+0.19 orbit L0.24 M0.55 R0.30 tn0.70 yaw+15 pit+0 rc(2, 0, 0, 14)",0.2353,0.5547,0.302,,
2270,269595,2269,,depth/002270.npy,1,119.2,175.3,-1.0,-100.0,-100.0,-100.0,84.0,70.0,0.0,0.0,0.0,0.0,0.0,20.0,3,0,0,12,"ORBIT pos+0.18 orbit L0.24 M0.55 R0.30 tn0.71 yaw+14 pit+0 rc(3, 0, 0, 12)",0.2314,0.5728,0.2903,,
2271,269719,2270,,depth/002271.npy,1,124.6,203.2,-1.0,-100.0,-100.0,-100.0,85.0,70.0,0.0,0.0,0.0,0.0,0.0,20.0,4,0,0,11,"ORBIT pos+0.16 orbit L0.24 M0.57 R0.29 tn0.72 yaw+13 pit+0 rc(4, 0, 0, 11)",0.2372,0.5728,0.2942,,
2272,269837,2271,,depth/002272.npy,1,129.8,214.1,-1.0,-100.0,-100.0,-100.0,85.0,70.0,0.0,0.0,0.0,0.0,0.0,20.0,4,0,0,10,"ORBIT pos+0.15 orbit L0.24 M0.57 R0.29 tn0.72 yaw+12 pit+0 rc(4, 0, 0, 10)",0.2294,0.5845,0.2783,,
2273,269951,2272,,depth/002273.npy,1,128.4,163.9,-1.0,-100.0,-100.0,-100.0,86.0,70.0,0.0,0.0,0.0,0.0,0.0,20.0,5,0,0,8,"ORBIT pos+0.13 orbit L0.23 M0.58 R0.28 tn0.72 yaw+11 pit+0 rc(5, 0, 0, 8)",0.2275,0.5923,0.2588,,
2274,270066,2273,,depth/002274.npy,1,123.0,178.8,-1.0,-100.0,-100.0,-100.0,86.0,70.0,0.0,0.0,0.0,0.0,0.0,20.0,5,0,0,7,"ORBIT pos+0.12 orbit L0.23 M0.59 R0.26 tn0.72 yaw+10 pit+0 rc(5, 0, 0, 7)",0.2255,0.6001,0.251,,
2275,270181,2274,,depth/002274.npy,1,123.0,297.4,-1.0,-100.0,-100.0,-100.0,86.0,70.0,0.0,0.0,0.0,0.0,0.0,20.0,6,0,0,4,"ORBIT pos+0.10 orbit L0.23 M0.60 R0.25 tn0.73 yaw+8 pit+0 rc(6, 0, 0, 4)",0.2255,0.6001,0.251,,
2276,270298,2275,,depth/002276.npy,1,123.7,342.4,-1.0,-100.0,-100.0,-100.0,86.0,70.0,0.0,0.0,0.0,0.0,0.0,20.0,6,0,0,3,"ORBIT pos+0.09 orbit L0.23 M0.60 R0.24 tn0.73 yaw+7 pit+0 rc(6, 0, 0, 3)",0.2255,0.604,0.2432,,
2277,270413,2276,,depth/002277.npy,1,123.2,291.0,-1.0,-100.0,-100.0,-100.0,87.0,70.0,0.0,0.0,0.0,0.0,0.0,20.0,7,0,0,2,"ORBIT pos+0.07 orbit L0.23 M0.61 R0.24 tn0.73 yaw+6 pit+0 rc(7, 0, 0, 2)",0.2275,0.6079,0.2354,,
2278,270537,2277,,depth/002278.npy,1,123.1,248.3,-1.0,-100.0,-100.0,-100.0,87.0,70.0,0.0,0.0,0.0,0.0,0.0,20.0,7,0,0,1,"ORBIT pos+0.06 orbit L0.23 M0.61 R0.23 tn0.72 yaw+5 pit+0 rc(7, 0, 0, 1)",0.2314,0.6079,0.2294,,
2279,270652,2278,,depth/002279.npy,1,124.6,264.1,-1.0,-100.0,-100.0,-100.0,87.0,70.0,0.0,0.0,0.0,0.0,0.0,20.0,8,0,0,-5,"ORBIT pos+0.05 orbit L0.23 M0.60 R0.22 tn0.72 yaw+0 pit+0 rc(8, 0, 0, -5)",0.2275,0.604,0.2235,,
2280,270769,2279,,depth/002280.npy,1,122.4,249.5,-1.0,-100.0,-100.0,-100.0,87.0,70.0,0.0,0.0,0.0,0.0,0.0,20.0,8,0,0,-5,"ORBIT pos+0.04 orbit L0.24 M0.61 R0.23 tn0.72 yaw+0 pit+0 rc(8, 0, 0, -5)",0.2393,0.6079,0.2313,,
2281,270884,2280,,depth/002281.npy,1,126.4,262.6,-1.0,-100.0,-100.0,-100.0,87.0,70.0,0.0,0.0,0.0,0.0,0.0,20.0,9,0,0,-5,"ORBIT pos+0.03 orbit L0.24 M0.61 R0.24 tn0.72 yaw+0 pit+0 rc(9, 0, 0, -5)",0.2354,0.6079,0.2354,,
2282,271009,2281,,depth/002282.npy,1,120.3,223.8,-1.0,-100.0,-100.0,-100.0,87.0,70.0,0.0,0.0,0.0,0.0,0.0,20.0,9,0,0,-5,"ORBIT pos+0.03 orbit L0.24 M0.61 R0.24 tn0.72 yaw+0 pit+0 rc(9, 0, 0, -5)",0.2432,0.6118,0.2354,,
2283,271134,2282,,depth/002283.npy,1,120.5,248.7,-1.0,-100.0,-100.0,-100.0,88.0,70.0,0.0,0.0,0.0,0.0,0.0,20.0,9,0,0,-5,"ORBIT pos+0.02 orbit L0.24 M0.61 R0.23 tn0.71 yaw+0 pit+0 rc(9, 0, 0, -5)",0.2432,0.6099,0.2314,,
2284,271251,2283,,depth/002284.npy,1,126.3,295.9,-1.0,-100.0,-100.0,-100.0,88.0,70.0,0.0,0.0,0.0,0.0,0.0,20.0,9,0,0,-5,"ORBIT pos+0.01 orbit L0.24 M0.60 R0.23 tn0.71 yaw+0 pit+0 rc(9, 0, 0, -5)",0.2354,0.6001,0.2294,,
2285,271366,2284,,depth/002285.npy,1,121.3,239.8,-1.0,-100.0,-100.0,-100.0,88.0,70.0,0.0,0.0,0.0,0.0,0.0,20.0,10,0,0,-6,"ORBIT pos+0.00 orbit L0.24 M0.60 R0.23 tn0.71 yaw+0 pit+0 rc(10, 0, 0, -6)",0.2393,0.6001,0.2314,,
2286,271491,2285,,depth/002286.npy,1,122.2,228.6,-1.0,-100.0,-100.0,-100.0,87.0,70.0,0.0,0.0,0.0,0.0,0.0,20.0,10,0,0,-6,"ORBIT pos-0.00 orbit L0.24 M0.60 R0.24 tn0.70 yaw+0 pit+0 rc(10, 0, 0, -6)",0.2432,0.604,0.2393,,
2287,271616,2286,,depth/002287.npy,1,123.7,231.8,-1.0,-100.0,-100.0,-100.0,87.0,70.0,0.0,0.0,0.0,0.0,0.0,20.0,10,0,0,-6,"ORBIT pos-0.01 orbit L0.24 M0.60 R0.23 tn0.70 yaw+0 pit+0 rc(10, 0, 0, -6)",0.2354,0.5962,0.2255,,
2288,271735,2287,,depth/002288.npy,1,121.1,215.3,-1.0,-100.0,-100.0,-100.0,87.0,70.0,0.0,0.0,0.0,0.0,0.0,20.0,9,0,0,-5,"ORBIT pos-0.02 orbit L0.24 M0.60 R0.24 tn0.69 yaw+0 pit+0 rc(9, 0, 0, -5)",0.2432,0.5962,0.2353,,
2289,271850,2288,,depth/002289.npy,1,122.7,229.9,-1.0,-100.0,-100.0,-100.0,87.0,70.0,0.0,0.0,0.0,0.0,0.0,20.0,9,0,0,-5,"ORBIT pos-0.03 orbit L0.24 M0.60 R0.24 tn0.69 yaw+0 pit+0 rc(9, 0, 0, -5)",0.2432,0.5962,0.2393,,
2290,271975,2289,,depth/002290.npy,1,120.0,253.6,-1.0,-100.0,-100.0,-100.0,87.0,70.0,0.0,0.0,0.0,0.0,0.0,20.0,9,0,0,-5,"ORBIT pos-0.03 orbit L0.25 M0.59 R0.24 tn0.68 yaw+0 pit+0 rc(9, 0, 0, -5)",0.2471,0.5884,0.2372,,
2291,272101,2290,,depth/002291.npy,1,126.3,216.9,-1.0,-100.0,-100.0,-100.0,86.0,70.0,0.0,0.0,0.0,0.0,0.0,20.0,8,0,0,-5,"ORBIT pos-0.04 orbit L0.25 M0.58 R0.24 tn0.68 yaw+0 pit+0 rc(8, 0, 0, -5)",0.2549,0.5806,0.2432,,
2292,272218,2291,,depth/002292.npy,1,120.0,263.1,-1.0,-100.0,-100.0,-100.0,86.0,70.0,0.0,0.0,0.0,0.0,0.0,20.0,8,0,0,-5,"ORBIT pos-0.05 orbit L0.25 M0.57 R0.24 tn0.67 yaw+0 pit+0 rc(8, 0, 0, -5)",0.2471,0.5728,0.2393,,
2293,272332,2292,,depth/002293.npy,1,124.5,207.5,-1.0,-100.0,-100.0,-100.0,86.0,70.0,0.0,0.0,0.0,0.0,0.0,20.0,8,0,0,-10,"ORBIT pos-0.06 orbit L0.26 M0.58 R0.25 tn0.67 yaw-5 pit+0 rc(8, 0, 0, -10)",0.2627,0.5825,0.2471,,
2294,272456,2293,,depth/002294.npy,1,129.6,234.6,-1.0,-100.0,-100.0,-100.0,85.0,70.0,0.0,0.0,0.0,0.0,0.0,20.0,7,0,0,-9,"ORBIT pos-0.06 orbit L0.26 M0.58 R0.25 tn0.67 yaw-5 pit+0 rc(7, 0, 0, -9)",0.2666,0.5747,0.2412,,
2295,272581,2294,,depth/002295.npy,1,121.0,251.1,-1.0,-100.0,-100.0,-100.0,85.0,70.0,0.0,0.0,0.0,0.0,0.0,20.0,7,0,0,-10,"ORBIT pos-0.08 orbit L0.27 M0.57 R0.25 tn0.66 yaw-6 pit+0 rc(7, 0, 0, -10)",0.2666,0.5688,0.2451,,
2296,272697,2295,,depth/002296.npy,1,123.6,240.2,-1.0,-100.0,-100.0,-100.0,84.0,70.0,0.0,0.0,0.0,0.0,0.0,20.0,7,0,0,-11,"ORBIT pos-0.08 orbit L0.27 M0.57 R0.25 tn0.66 yaw-7 pit+0 rc(7, 0, 0, -11)",0.2705,0.5649,0.2432,,
2297,272811,2296,,depth/002297.npy,1,123.7,219.1,-1.0,-100.0,-100.0,-100.0,84.0,70.0,0.0,0.0,0.0,0.0,0.0,20.0,6,0,0,-11,"ORBIT pos-0.09 orbit L0.27 M0.58 R0.25 tn0.66 yaw-7 pit+0 rc(6, 0, 0, -11)",0.2705,0.5767,0.249,,
2298,272936,2297,,depth/002298.npy,1,122.4,176.1,-1.0,-100.0,-100.0,-100.0,83.0,70.0,0.0,0.0,0.0,0.0,0.0,20.0,6,0,0,-11,"ORBIT pos-0.09 orbit L0.27 M0.58 R0.25 tn0.66 yaw-7 pit+0 rc(6, 0, 0, -11)",0.251,0.5767,0.2451,,
2299,273052,2298,,depth/002299.npy,1,120.7,166.5,-1.0,-100.0,-100.0,-100.0,82.0,70.0,0.0,0.0,0.0,0.0,0.0,20.0,7,0,0,-11,"ORBIT pos-0.09 orbit L0.24 M0.58 R0.24 tn0.66 yaw-7 pit+0 rc(7, 0, 0, -11)",0.2432,0.5806,0.2412,,
2300,273168,2299,,depth/002300.npy,1,124.4,213.3,-1.0,-100.0,-100.0,-100.0,81.0,70.0,0.0,0.0,0.0,0.0,0.0,20.0,7,0,0,-10,"ORBIT pos-0.08 orbit L0.24 M0.58 R0.24 tn0.66 yaw-6 pit+0 rc(7, 0, 0, -10)",0.2471,0.5806,0.2451,,
2301,273283,2300,,depth/002301.npy,1,126.8,162.7,-1.0,-100.0,-100.0,-100.0,80.0,70.0,0.0,0.0,0.0,0.0,0.0,20.0,7,0,0,-9,"ORBIT pos-0.07 orbit L0.25 M0.58 R0.25 tn0.66 yaw-5 pit+0 rc(7, 0, 0, -9)",0.2353,0.5688,0.2412,,
2302,273407,2301,,depth/002302.npy,1,117.7,187.5,-1.0,-100.0,-100.0,-100.0,79.0,70.0,0.0,0.0,0.0,0.0,0.0,20.0,8,0,0,-10,"ORBIT pos-0.06 orbit L0.24 M0.57 R0.24 tn0.65 yaw-5 pit+0 rc(8, 0, 0, -10)",0.2275,0.5688,0.2392,,
2303,273522,2302,,depth/002303.npy,1,128.6,196.5,-1.0,-100.0,-100.0,-100.0,79.0,70.0,0.0,0.0,0.0,0.0,0.0,20.0,9,0,0,-5,"ORBIT pos-0.04 orbit L0.23 M0.57 R0.24 tn0.65 yaw+0 pit+0 rc(9, 0, 0, -5)",0.2372,0.5806,0.2451,,
2304,273641,2303,,depth/002304.npy,1,124.9,192.6,-1.0,-100.0,-100.0,-100.0,78.0,70.0,0.0,0.0,0.0,0.0,0.0,20.0,9,0,0,-5,"ORBIT pos-0.02 orbit L0.24 M0.58 R0.25 tn0.65 yaw+0 pit+0 rc(9, 0, 0, -5)",0.2353,0.5884,0.2432,,
2305,273759,2304,,depth/002304.npy,1,124.9,306.8,-1.0,-100.0,-100.0,-100.0,77.0,70.0,0.0,0.0,0.0,0.0,0.0,20.0,10,0,0,-6,"ORBIT pos+0.00 orbit L0.24 M0.59 R0.24 tn0.66 yaw+0 pit+0 rc(10, 0, 0, -6)",0.2353,0.5884,0.2432,,
2306,273875,2305,,depth/002306.npy,1,138.2,254.3,-1.0,-100.0,-100.0,-100.0,76.0,70.0,0.0,0.0,0.0,0.0,0.0,20.0,9,0,0,-5,"ORBIT pos+0.02 orbit L0.23 M0.58 R0.27 tn0.66 yaw+0 pit+0 rc(9, 0, 0, -5)",0.2333,0.5767,0.2666,,
2307,273989,2306,,depth/002307.npy,1,146.9,265.9,-1.0,-100.0,-100.0,-100.0,76.0,70.0,0.0,0.0,0.0,0.0,0.0,20.0,8,0,0,-5,"ORBIT pos+0.05 orbit L0.23 M0.57 R0.27 tn0.66 yaw+0 pit+0 rc(8, 0, 0, -5)",0.2314,0.5688,0.2705,,
2308,274114,2307,,depth/002308.npy,1,114.4,227.6,-1.0,-100.0,-100.0,-100.0,75.0,70.0,0.0,0.0,0.0,0.0,0.0,20.0,8,0,0,0,"ORBIT pos+0.06 orbit L0.23 M0.55 R0.29 tn0.65 yaw+5 pit+0 rc(8, 0, 0, 0)",0.2314,0.5527,0.2864,,
2309,274235,2308,,depth/002309.npy,1,126.5,212.1,-1.0,-100.0,-100.0,-100.0,74.0,70.0,0.0,0.0,0.0,0.0,0.0,20.0,7,0,0,3,"ORBIT pos+0.09 orbit L0.23 M0.54 R0.29 tn0.66 yaw+7 pit+0 rc(7, 0, 0, 3)",0.2333,0.5371,0.2942,,
2310,274360,2309,,depth/002310.npy,1,121.9,237.8,-1.0,-100.0,-100.0,-100.0,74.0,70.0,0.0,0.0,0.0,0.0,0.0,20.0,6,0,0,5,"ORBIT pos+0.11 orbit L0.23 M0.52 R0.31 tn0.65 yaw+9 pit+0 rc(6, 0, 0, 5)",0.2314,0.5176,0.3059,,
2311,274485,2310,,depth/002311.npy,1,120.4,236.3,-1.0,-100.0,-100.0,-100.0,73.0,70.0,0.0,0.0,0.0,0.0,0.0,20.0,5,0,0,7,"ORBIT pos+0.13 orbit L0.24 M0.51 R0.32 tn0.65 yaw+10 pit+0 rc(5, 0, 0, 7)",0.2373,0.5059,0.3215,,
2312,274603,2311,,depth/002312.npy,1,151.2,271.2,-1.0,-100.0,-100.0,-100.0,73.0,70.0,0.0,0.0,0.0,0.0,0.0,20.0,4,0,0,10,"ORBIT pos+0.15 orbit L0.24 M0.50 R0.33 tn0.65 yaw+12 pit+0 rc(4, 0, 0, 10)",0.2412,0.502,0.3293,,
2313,274718,2312,,depth/002313.npy,1,136.1,209.9,-1.0,-100.0,-100.0,-100.0,73.0,70.0,0.0,0.0,0.0,0.0,0.0,20.0,4,0,0,11,"ORBIT pos+0.16 orbit L0.24 M0.50 R0.33 tn0.65 yaw+13 pit+0 rc(4, 0, 0, 11)",0.2393,0.502,0.3215,,
2314,274833,2313,,depth/002314.npy,1,117.8,206.4,-1.0,-100.0,-100.0,-100.0,73.0,70.0,0.0,0.0,0.0,0.0,0.0,20.0,3,0,0,12,"ORBIT pos+0.17 orbit L0.24 M0.50 R0.32 tn0.65 yaw+14 pit+0 rc(3, 0, 0, 12)",0.2354,0.502,0.3176,,
2315,274948,2314,,depth/002315.npy,1,134.3,172.0,-1.0,-100.0,-100.0,-100.0,74.0,70.0,0.0,0.0,0.0,0.0,0.0,20.0,3,0,0,12,"ORBIT pos+0.18 orbit L0.24 M0.50 R0.32 tn0.65 yaw+14 pit+0 rc(3, 0, 0, 12)",0.2354,0.498,0.3176,,
2316,275062,2315,,depth/002315.npy,1,134.3,289.0,-1.0,-100.0,-100.0,-100.0,75.0,70.0,0.0,0.0,0.0,0.0,0.0,20.0,3,0,0,12,"ORBIT pos+0.18 orbit L0.24 M0.50 R0.32 tn0.65 yaw+14 pit+0 rc(3, 0, 0, 12)",0.2354,0.498,0.3176,,
2317,275179,2316,,depth/002317.npy,1,121.7,242.2,-1.0,-100.0,-100.0,-100.0,75.0,70.0,0.0,0.0,0.0,0.0,0.0,20.0,3,0,0,12,"ORBIT pos+0.18 orbit L0.24 M0.51 R0.31 tn0.65 yaw+14 pit+0 rc(3, 0, 0, 12)",0.2354,0.5137,0.3059,,
2318,275293,2317,,depth/002318.npy,1,122.4,238.7,-1.0,-100.0,-100.0,-100.0,75.0,70.0,0.0,0.0,0.0,0.0,0.0,20.0,3,0,0,12,"ORBIT pos+0.17 orbit L0.24 M0.52 R0.31 tn0.65 yaw+14 pit+0 rc(3, 0, 0, 12)",0.2354,0.5176,0.3059,,
2319,275418,2318,,depth/002319.npy,1,121.9,258.8,-1.0,-100.0,-100.0,-100.0,77.0,70.0,0.0,0.0,0.0,0.0,0.0,20.0,3,0,0,11,"ORBIT pos+0.17 orbit L0.24 M0.53 R0.31 tn0.65 yaw+13 pit+0 rc(3, 0, 0, 11)",0.2373,0.5254,0.3098,,
2320,275535,2319,,depth/002319.npy,1,108.5,373.3,-1.0,-100.0,-100.0,-100.0,77.0,70.0,0.0,0.0,0.0,0.0,0.0,20.0,3,0,0,11,"ORBIT pos+0.16 orbit L0.24 M0.53 R0.31 tn0.65 yaw+13 pit+0 rc(3, 0, 0, 11)",0.2373,0.5254,0.3098,,
2321,275650,2320,,depth/002321.npy,1,128.4,259.3,-1.0,-100.0,-100.0,-100.0,78.0,70.0,0.0,0.0,0.0,0.0,0.0,20.0,4,0,0,10,"ORBIT pos+0.15 orbit L0.25 M0.56 R0.28 tn0.65 yaw+12 pit+0 rc(4, 0, 0, 10)",0.2471,0.5566,0.2804,,
2322,275774,2321,,depth/002322.npy,1,117.6,221.2,-1.0,-100.0,-100.0,-100.0,79.0,70.0,0.0,0.0,0.0,0.0,-1.0,20.0,5,0,0,8,"ORBIT pos+0.14 orbit L0.24 M0.58 R0.25 tn0.65 yaw+11 pit+0 rc(5, 0, 0, 8)",0.2432,0.5767,0.2549,,
2323,275898,2322,,depth/002323.npy,1,127.5,235.5,-1.0,-100.0,-100.0,-100.0,80.0,70.0,0.0,0.0,0.0,0.0,0.0,20.0,6,0,0,4,"ORBIT pos+0.10 orbit L0.24 M0.59 R0.25 tn0.66 yaw+8 pit+0 rc(6, 0, 0, 4)",0.2392,0.5923,0.2471,,
2324,276016,2323,,depth/002324.npy,1,121.7,227.2,-1.0,-100.0,-100.0,-100.0,80.0,70.0,0.0,0.0,0.0,0.0,0.0,19.0,7,0,0,2,"ORBIT pos+0.08 orbit L0.24 M0.58 R0.25 tn0.66 yaw+6 pit+0 rc(7, 0, 0, 2)",0.2432,0.5845,0.2471,,
2325,276131,2324,,depth/002325.npy,1,121.7,207.1,-1.0,-100.0,-100.0,-100.0,80.0,70.0,0.0,0.0,0.0,0.0,0.0,19.0,8,0,0,-5,"ORBIT pos+0.05 orbit L0.25 M0.59 R0.25 tn0.66 yaw+0 pit+0 rc(8, 0, 0, -5)",0.2471,0.5923,0.2471,,
2326,276255,2325,,depth/002326.npy,1,126.2,267.6,-1.0,-100.0,-100.0,-100.0,80.0,70.0,0.0,0.0,0.0,0.0,0.0,19.0,9,0,0,-5,"ORBIT pos+0.03 orbit L0.25 M0.59 R0.25 tn0.66 yaw+0 pit+0 rc(9, 0, 0, -5)",0.2471,0.5845,0.2471,,
2327,276369,2326,,depth/002327.npy,1,116.0,218.0,-1.0,-100.0,-100.0,-100.0,80.0,70.0,0.0,0.0,0.0,0.0,0.0,19.0,10,0,0,-6,"ORBIT pos+0.01 orbit L0.25 M0.58 R0.25 tn0.66 yaw+0 pit+0 rc(10, 0, 0, -6)",0.2451,0.5845,0.2451,,
2328,276486,2327,,depth/002328.npy,1,133.6,231.5,-1.0,-100.0,-100.0,-100.0,80.0,70.0,0.0,0.0,0.0,0.0,0.0,19.0,10,0,0,-6,"ORBIT pos-0.00 orbit L0.25 M0.58 R0.25 tn0.66 yaw+0 pit+0 rc(10, 0, 0, -6)",0.2471,0.6001,0.2471,,
2329,276600,2328,,depth/002329.npy,1,124.6,214.9,-1.0,-100.0,-100.0,-100.0,80.0,70.0,0.0,0.0,0.0,0.0,0.0,19.0,9,0,0,-5,"ORBIT pos-0.02 orbit L0.25 M0.60 R0.25 tn0.67 yaw+0 pit+0 rc(9, 0, 0, -5)",0.249,0.604,0.2549,,
2330,276725,2329,,depth/002330.npy,1,121.2,235.7,-1.0,-100.0,-100.0,-100.0,80.0,70.0,0.0,0.0,0.0,0.0,0.0,19.0,9,0,0,-5,"ORBIT pos-0.02 orbit L0.25 M0.60 R0.25 tn0.67 yaw+0 pit+0 rc(9, 0, 0, -5)",0.2471,0.604,0.249,,
2331,276848,2330,,depth/002331.npy,1,120.6,189.3,-1.0,-100.0,-100.0,-100.0,81.0,70.0,0.0,0.0,0.0,0.0,0.0,19.0,9,0,0,-5,"ORBIT pos-0.04 orbit L0.25 M0.60 R0.25 tn0.67 yaw+0 pit+0 rc(9, 0, 0, -5)",0.251,0.6001,0.2529,,
2332,276967,2331,,depth/002332.npy,1,120.9,176.1,-1.0,-100.0,-100.0,-100.0,81.0,70.0,0.0,0.0,0.0,0.0,0.0,19.0,8,0,0,-5,"ORBIT pos-0.04 orbit L0.25 M0.60 R0.25 tn0.67 yaw+0 pit+0 rc(8, 0, 0, -5)",0.2529,0.6001,0.251,,
2333,277082,2332,,depth/002333.npy,1,125.2,191.3,-1.0,-100.0,-100.0,-100.0,81.0,70.0,0.0,0.0,0.0,0.0,0.0,19.0,8,0,0,-10,"ORBIT pos-0.06 orbit L0.27 M0.60 R0.25 tn0.68 yaw-5 pit+0 rc(8, 0, 0, -10)",0.2705,0.6001,0.249,,
2334,277207,2333,,depth/002334.npy,1,120.3,215.6,-1.0,-100.0,-100.0,-100.0,82.0,70.0,0.0,0.0,0.0,0.0,0.0,19.0,7,0,0,-9,"ORBIT pos-0.06 orbit L0.27 M0.60 R0.25 tn0.68 yaw-5 pit+0 rc(7, 0, 0, -9)",0.2627,0.6001,0.2471,,
2335,277320,2334,,depth/002335.npy,1,123.2,201.3,-1.0,-100.0,-100.0,-100.0,82.0,70.0,0.0,0.0,0.0,0.0,0.0,19.0,7,0,0,-10,"ORBIT pos-0.08 orbit L0.26 M0.60 R0.25 tn0.68 yaw-6 pit+0 rc(7, 0, 0, -10)",0.2666,0.5923,0.249,,
2336,277437,2335,,depth/002336.npy,1,125.9,183.4,-1.0,-100.0,-100.0,-100.0,82.0,70.0,0.0,0.0,0.0,0.0,0.0,19.0,6,0,0,-11,"ORBIT pos-0.09 orbit L0.27 M0.59 R0.25 tn0.68 yaw-7 pit+0 rc(6, 0, 0, -11)",0.2825,0.5884,0.249,,
2337,277553,2336,,depth/002337.npy,1,123.8,254.8,-1.0,-100.0,-100.0,-100.0,82.0,70.0,0.0,0.0,0.0,0.0,0.0,19.0,6,0,0,-13,"ORBIT pos-0.11 orbit L0.28 M0.59 R0.25 tn0.69 yaw-9 pit+0 rc(6, 0, 0, -13)",0.2783,0.5845,0.2471,,
2338,277668,2337,,depth/002337.npy,1,123.8,369.5,-1.0,-100.0,-100.0,-100.0,82.0,70.0,0.0,0.0,0.0,0.0,0.0,19.0,5,0,0,-13,"ORBIT pos-0.12 orbit L0.28 M0.58 R0.25 tn0.69 yaw-10 pit+0 rc(5, 0, 0, -13)",0.2783,0.5845,0.2471,,
2339,277792,2338,,depth/002339.npy,1,123.3,308.2,-1.0,-100.0,-100.0,-100.0,81.0,70.0,0.0,0.0,0.0,0.0,-1.0,19.0,5,0,0,-14,"ORBIT pos-0.14 orbit L0.31 M0.58 R0.25 tn0.69 yaw-11 pit+0 rc(5, 0, 0, -14)",0.3059,0.5767,0.2471,,
2340,277908,2339,,depth/002340.npy,1,178.0,256.7,-1.0,-100.0,-100.0,-100.0,81.0,70.0,0.0,0.0,0.0,0.0,-1.0,19.0,4,0,0,-14,"ORBIT pos-0.15 orbit L0.31 M0.57 R0.26 tn0.69 yaw-12 pit+0 rc(4, 0, 0, -14)",0.3098,0.5688,0.2568,,
2341,278025,2340,,depth/002341.npy,1,149.8,201.5,-1.0,-100.0,-100.0,-100.0,81.0,70.0,0.0,0.0,0.0,0.0,-1.0,19.0,4,0,0,-15,"ORBIT pos-0.16 orbit L0.31 M0.56 R0.25 tn0.69 yaw-13 pit+0 rc(4, 0, 0, -15)",0.3059,0.5649,0.2471,,
2342,278151,2341,,depth/002342.npy,1,121.0,190.0,-1.0,-100.0,-100.0,-100.0,81.0,70.0,0.0,0.0,0.0,0.0,-1.0,19.0,3,0,0,-16,"ORBIT pos-0.17 orbit L0.31 M0.56 R0.25 tn0.69 yaw-14 pit+0 rc(3, 0, 0, -16)",0.3098,0.5566,0.249,,
2343,278276,2342,,depth/002343.npy,1,117.6,189.2,-1.0,-100.0,-100.0,-100.0,80.0,70.0,0.0,0.0,0.0,0.0,-1.0,19.0,3,0,0,-16,"ORBIT pos-0.18 orbit L0.31 M0.56 R0.25 tn0.69 yaw-14 pit+0 rc(3, 0, 0, -16)",0.3215,0.5508,0.251,,
2344,278393,2343,,depth/002344.npy,1,120.2,172.6,-1.0,-100.0,-100.0,-100.0,79.0,70.0,0.0,0.0,0.0,0.0,-1.0,19.0,2,0,0,-16,"ORBIT pos-0.19 orbit L0.32 M0.53 R0.25 tn0.68 yaw-15 pit+0 rc(2, 0, 0, -16)",0.3176,0.5293,0.249,,
2345,278507,2344,,depth/002345.npy,1,135.5,211.3,-1.0,-100.0,-100.0,-100.0,78.0,70.0,0.0,0.0,0.0,0.0,-1.0,19.0,2,0,0,-16,"ORBIT pos-0.19 orbit L0.32 M0.53 R0.25 tn0.68 yaw-15 pit+0 rc(2, 0, 0, -16)",0.3254,0.5332,0.251,,
2346,278633,2345,,depth/002346.npy,1,118.4,178.6,-1.0,-100.0,-100.0,-100.0,78.0,70.0,0.0,0.0,0.0,0.0,-1.0,19.0,2,0,0,-17,"ORBIT pos-0.20 orbit L0.33 M0.53 R0.25 tn0.67 yaw-16 pit+0 rc(2, 0, 0, -17)",0.3059,0.5586,0.2471,,
2347,278760,2346,,depth/002347.npy,1,121.9,207.7,-1.0,-100.0,-100.0,-100.0,77.0,70.0,0.0,0.0,0.0,0.0,0.0,19.0,2,0,0,-17,"ORBIT pos-0.20 orbit L0.30 M0.57 R0.24 tn0.68 yaw-16 pit+0 rc(2, 0, 0, -17)",0.2981,0.5688,0.2412,,
2348,278878,2347,,depth/002348.npy,1,131.4,230.6,-1.0,-100.0,-100.0,-100.0,76.0,70.0,0.0,0.0,0.0,0.0,-1.0,19.0,2,0,0,-16,"ORBIT pos-0.19 orbit L0.30 M0.57 R0.24 tn0.68 yaw-15 pit+0 rc(2, 0, 0, -16)",0.2864,0.5864,0.2432,,
2349,281950,2348,,depth/002349.npy,1,108.4,3002.2,-1.0,-100.0,-100.0,-100.0,53.0,0.0,0.0,0.0,0.0,0.0,0.0,19.0,3,0,0,-16,"ORBIT pos-0.17 orbit L0.29 M0.59 R0.24 tn0.68 yaw-14 pit+0 rc(3, 0, 0, -16)",0.2627,0.6099,0.2412,,
2350,282075,2349,,depth/002349.npy,1,108.4,3117.9,-1.0,-100.0,-100.0,-100.0,53.0,0.0,0.0,0.0,0.0,0.0,0.0,19.0,0,0,0,0,HOVER,0.2627,0.6099,0.2412,,
2351,282199,2350,,depth/002351.npy,1,150.7,281.0,-1.0,-100.0,-100.0,-100.0,53.0,0.0,0.0,0.0,0.0,0.0,0.0,19.0,0,0,0,0,HOVER,0.4431,0.4333,0.4039,,
2352,282317,2351,,depth/002352.npy,1,131.6,262.8,-1.0,-100.0,-100.0,-100.0,53.0,0.0,0.0,0.0,0.0,0.0,0.0,19.0,0,0,0,0,HOVER,0.4412,0.4275,0.3999,,
2353,282441,2352,,depth/002353.npy,1,139.4,273.3,-1.0,-100.0,-100.0,-100.0,53.0,0.0,0.0,0.0,0.0,0.0,0.0,19.0,0,0,0,0,HOVER,0.4431,0.4275,0.3979,,
2354,282564,2353,,depth/002354.npy,1,119.8,264.9,-1.0,-100.0,-100.0,-100.0,53.0,0.0,0.0,0.0,0.0,0.0,0.0,19.0,0,0,0,0,HOVER,0.4451,0.4314,0.3999,,
2355,282688,2354,,depth/002355.npy,1,126.4,215.4,-1.0,-100.0,-100.0,-100.0,53.0,0.0,0.0,0.0,0.0,0.0,0.0,19.0,0,0,0,0,HOVER,0.4548,0.4392,0.4019,,
