frame_id,t_mono_ms,video_frame,rgb_path,depth_path,has_depth,depth_rtt_ms,depth_age_ms,pad_id,pos_x_cm,pos_y_cm,pos_z_cm,yaw_deg,height_cm,vgx,vgy,vgz,pitch_deg,roll_deg,bat_pct,act_roll,act_pitch,act_throttle,act_yaw,ctrl_state,near_left,near_mid,near_right,wander_state,wander_event
1,0,0,,depth/000001.npy,1,164.4,275.1,-1.0,-100.0,-100.0,-100.0,53.0,70.0,0.0,0.0,0.0,0.0,0.0,92.0,0,0,0,0,HOVER,0.2863,0.4197,0.3687,,
2,118,1,,depth/000002.npy,1,139.6,288.3,-1.0,-100.0,-100.0,-100.0,53.0,70.0,0.0,0.0,0.0,0.0,0.0,92.0,0,0,0,0,HOVER,0.2863,0.4197,0.3726,,
3,243,2,,depth/000003.npy,1,134.4,179.1,-1.0,-100.0,-100.0,-100.0,53.0,70.0,0.0,0.0,0.0,0.0,0.0,92.0,0,0,0,0,HOVER,0.2823,0.4197,0.3667,,
4,365,3,,depth/000004.npy,1,136.8,202.7,-1.0,-100.0,-100.0,-100.0,53.0,70.0,0.0,0.0,0.0,0.0,0.0,92.0,0,0,0,0,HOVER,0.2903,0.4275,0.3647,,
5,489,4,,depth/000005.npy,1,135.5,193.4,-1.0,-100.0,-100.0,-100.0,53.0,70.0,0.0,0.0,0.0,0.0,0.0,92.0,0,0,0,0,HOVER,0.2863,0.4236,0.3687,,
6,616,5,,depth/000006.npy,1,130.4,186.9,-1.0,-100.0,-100.0,-100.0,53.0,70.0,0.0,0.0,0.0,0.0,0.0,92.0,0,0,0,0,HOVER,0.2823,0.4236,0.3647,,
7,740,6,,depth/000006.npy,1,130.4,311.7,-1.0,-100.0,-100.0,-100.0,53.0,70.0,0.0,0.0,0.0,0.0,0.0,92.0,0,0,0,0,HOVER,0.2823,0.4236,0.3647,,
8,862,7,,depth/000008.npy,1,137.0,258.6,-1.0,-100.0,-100.0,-100.0,53.0,70.0,0.0,0.0,0.0,0.0,0.0,91.0,0,0,0,0,HOVER,0.2864,0.4197,0.3687,,
9,986,8,,depth/000009.npy,1,137.0,252.4,-1.0,-100.0,-100.0,-100.0,53.0,70.0,0.0,0.0,0.0,0.0,0.0,91.0,0,0,0,0,HOVER,0.2843,0.4197,0.3687,,
10,1111,9,,depth/000010.npy,1,139.3,281.1,-1.0,-100.0,-100.0,-100.0,53.0,70.0,0.0,0.0,0.0,0.0,0.0,91.0,0,0,0,0,HOVER,0.2843,0.4197,0.3687,,
11,1231,10,,depth/000011.npy,1,141.3,211.8,-1.0,-100.0,-100.0,-100.0,53.0,70.0,0.0,0.0,0.0,0.0,0.0,91.0,0,0,0,0,HOVER,0.2843,0.4158,0.3687,,
12,1357,11,,depth/000012.npy,1,141.0,258.2,-1.0,-100.0,-100.0,-100.0,53.0,70.0,0.0,0.0,0.0,0.0,0.0,91.0,0,0,0,0,HOVER,0.2843,0.4158,0.3687,,
13,1477,12,,depth/000013.npy,1,144.2,224.2,-1.0,-100.0,-100.0,-100.0,53.0,70.0,0.0,0.0,0.0,-1.0,0.0,91.0,-40,0,0,0,MANUAL,0.2903,0.4275,0.3687,,
14,1607,13,,depth/000014.npy,1,147.6,180.6,-1.0,-100.0,-100.0,-100.0,53.0,70.0,0.0,0.0,0.0,-1.0,0.0,91.0,-40,0,0,0,MANUAL,0.2843,0.4275,0.3726,,
15,1733,14,,depth/000014.npy,1,147.6,301.7,-1.0,-100.0,-100.0,-100.0,53.0,70.0,0.0,0.0,0.0,-1.0,-1.0,91.0,0,0,0,0,HOVER,0.2843,0.4275,0.3726,,
16,1849,15,,depth/000016.npy,1,147.4,352.8,-1.0,-100.0,-100.0,-100.0,53.0,70.0,0.0,0.0,0.0,0.0,-3.0,91.0,0,0,0,0,HOVER,0.2864,0.4236,0.3687,,
17,1971,16,,depth/000017.npy,1,144.8,313.3,-1.0,-100.0,-100.0,-100.0,53.0,70.0,-1.0,0.0,0.0,0.0,-2.0,91.0,0,0,0,0,HOVER,0.2883,0.4275,0.3726,,
18,2077,17,,depth/000018.npy,1,142.8,248.9,-1.0,-100.0,-100.0,-100.0,53.0,70.0,-1.0,1.0,0.0,0.0,0.0,91.0,0,0,0,0,HOVER,0.2843,0.4236,0.3687,,
19,2192,18,,depth/000019.npy,1,150.1,197.6,-1.0,-100.0,-100.0,-100.0,53.0,80.0,-1.0,1.0,0.0,0.0,0.0,91.0,0,0,0,0,HOVER,0.2804,0.4236,0.3647,,
20,2316,19,,depth/000019.npy,1,150.1,318.3,-1.0,-100.0,-100.0,-100.0,53.0,80.0,-1.0,0.0,0.0,0.0,0.0,91.0,0,0,0,0,HOVER,0.2804,0.4236,0.3647,,
21,2433,20,,depth/000021.npy,1,143.4,309.6,-1.0,-100.0,-100.0,-100.0,53.0,80.0,0.0,0.0,0.0,0.0,2.0,91.0,0,0,0,0,HOVER,0.2864,0.4275,0.3491,,
22,2558,21,,depth/000022.npy,1,143.7,301.2,-1.0,-100.0,-100.0,-100.0,53.0,80.0,0.0,0.0,0.0,0.0,2.0,91.0,0,0,0,0,HOVER,0.2864,0.4353,0.3569,,
23,2677,22,,depth/000023.npy,1,140.6,215.5,-1.0,-100.0,-100.0,-100.0,53.0,80.0,0.0,0.0,0.0,-1.0,1.0,91.0,-40,0,0,0,MANUAL,0.2903,0.4353,0.3511,,
24,2794,23,,depth/000024.npy,1,143.9,266.6,-1.0,-100.0,-100.0,-100.0,53.0,80.0,0.0,0.0,0.0,-1.0,0.0,90.0,-40,0,0,0,MANUAL,0.2903,0.4314,0.3452,,
25,2912,24,,depth/000025.npy,1,139.6,224.0,-1.0,-100.0,-100.0,-100.0,53.0,80.0,0.0,0.0,0.0,-1.0,0.0,90.0,-40,0,0,0,MANUAL,0.2903,0.4275,0.3491,,
26,3040,25,,depth/000025.npy,1,139.6,349.8,-1.0,-100.0,-100.0,-100.0,53.0,80.0,0.0,0.0,0.0,-1.0,-2.0,90.0,0,0,0,0,HOVER,0.2903,0.4275,0.3491,,
27,3162,26,,depth/000027.npy,1,148.3,303.9,-1.0,-100.0,-100.0,-100.0,53.0,80.0,0.0,0.0,0.0,0.0,-3.0,90.0,0,0,0,0,HOVER,0.2903,0.4275,0.353,,
28,3279,27,,depth/000028.npy,1,141.7,248.5,-1.0,-100.0,-100.0,-100.0,53.0,80.0,-1.0,1.0,0.0,0.0,-1.0,90.0,0,0,0,0,HOVER,0.2864,0.4236,0.3569,,
29,3395,28,,depth/000029.npy,1,145.7,267.5,-1.0,-100.0,-100.0,-100.0,53.0,80.0,-1.0,1.0,0.0,-1.0,0.0,90.0,0,0,0,0,HOVER,0.2883,0.4275,0.3491,,
30,3519,29,,depth/000030.npy,1,140.9,225.1,-1.0,-100.0,-100.0,-100.0,53.0,80.0,-1.0,1.0,0.0,-1.0,0.0,90.0,0,0,0,0,HOVER,0.2903,0.4275,0.3491,,
31,3642,30,,depth/000031.npy,1,143.1,181.3,-1.0,-100.0,-100.0,-100.0,53.0,70.0,-1.0,0.0,0.0,-1.0,0.0,90.0,40,0,0,0,MANUAL,0.2903,0.4158,0.3411,,
32,3765,31,,depth/000032.npy,1,146.2,233.8,-1.0,-100.0,-100.0,-100.0,53.0,70.0,0.0,0.0,0.0,-1.0,2.0,90.0,40,0,0,0,MANUAL,0.2843,0.408,0.3372,,
33,3889,32,,depth/000032.npy,1,146.2,359.1,-1.0,-100.0,-100.0,-100.0,53.0,70.0,0.0,0.0,0.0,-1.0,3.0,90.0,40,0,0,0,MANUAL,0.2843,0.408,0.3372,,
34,4013,33,,depth/000034.npy,1,146.1,302.9,-1.0,-100.0,-100.0,-100.0,53.0,70.0,0.0,0.0,0.0,0.0,4.0,90.0,0,0,0,0,HOVER,0.2903,0.4119,0.3411,,
35,4126,34,,depth/000035.npy,1,144.1,264.2,-1.0,-100.0,-100.0,-100.0,53.0,70.0,0.0,0.0,0.0,0.0,4.0,90.0,0,0,0,0,HOVER,0.2942,0.408,0.3411,,
36,4238,35,,depth/000036.npy,1,145.4,208.4,-1.0,-100.0,-100.0,-100.0,53.0,70.0,1.0,0.0,0.0,0.0,2.0,90.0,0,0,0,0,HOVER,0.2903,0.4038,0.3333,,
37,4360,36,,depth/000037.npy,1,145.0,256.1,-1.0,-100.0,-100.0,-100.0,53.0,70.0,1.0,-1.0,0.0,-1.0,0.0,90.0,0,0,0,0,HOVER,0.2883,0.4059,0.3372,,
38,4481,37,,depth/000037.npy,1,145.0,372.6,-1.0,-100.0,-100.0,-100.0,53.0,70.0,1.0,-1.0,0.0,-1.0,0.0,90.0,0,0,0,0,HOVER,0.2883,0.4059,0.3372,,
39,4595,38,,depth/000039.npy,1,143.2,299.9,-1.0,-100.0,-100.0,-100.0,53.0,70.0,1.0,0.0,0.0,-1.0,0.0,90.0,0,0,0,0,HOVER,0.2903,0.4119,0.3452,,
40,4720,39,,depth/000040.npy,1,136.7,289.6,-1.0,-100.0,-100.0,-100.0,53.0,70.0,0.0,0.0,0.0,-1.0,-2.0,90.0,0,0,0,0,HOVER,0.2883,0.4158,0.3452,,
41,4835,40,,depth/000041.npy,1,136.2,296.9,-1.0,-100.0,-100.0,-100.0,53.0,70.0,0.0,0.0,0.0,0.0,-2.0,89.0,0,0,0,0,HOVER,0.2942,0.4275,0.3491,,
42,4953,41,,depth/000042.npy,1,136.8,245.7,-1.0,-100.0,-100.0,-100.0,53.0,70.0,0.0,0.0,0.0,-1.0,-1.0,89.0,0,0,0,0,HOVER,0.2903,0.4314,0.3452,,
43,5068,42,,depth/000043.npy,1,142.0,204.1,-1.0,-100.0,-100.0,-100.0,53.0,70.0,0.0,0.0,0.0,-1.0,-1.0,89.0,0,0,0,0,HOVER,0.2903,0.4314,0.353,,
44,5184,43,,depth/000043.npy,1,142.0,324.6,-1.0,-100.0,-100.0,-100.0,53.0,80.0,0.0,0.0,0.0,0.0,0.0,89.0,-40,0,0,0,MANUAL,0.2903,0.4314,0.353,,
45,5300,44,,depth/000045.npy,1,149.0,311.8,-1.0,-100.0,-100.0,-100.0,53.0,80.0,0.0,0.0,0.0,0.0,-1.0,89.0,-40,0,0,0,MANUAL,0.2864,0.4314,0.3491,,
46,5421,45,,depth/000046.npy,1,149.6,261.5,-1.0,-100.0,-100.0,-100.0,53.0,80.0,0.0,0.0,0.0,0.0,-2.0,89.0,-40,0,0,0,MANUAL,0.2922,0.4392,0.3491,,
47,5542,46,,depth/000047.npy,1,146.9,249.8,-1.0,-100.0,-100.0,-100.0,53.0,80.0,0.0,0.0,0.0,0.0,-4.0,89.0,0,0,0,0,HOVER,0.2843,0.4314,0.3491,,
48,5663,47,,depth/000048.npy,1,144.1,234.9,-1.0,-100.0,-100.0,-100.0,53.0,80.0,-1.0,0.0,0.0,0.0,-3.0,89.0,0,0,0,0,HOVER,0.2883,0.4314,0.3491,,
49,5784,48,,depth/000049.npy,1,139.9,199.3,-1.0,-100.0,-100.0,-100.0,53.0,80.0,-1.0,0.0,0.0,0.0,-3.0,89.0,0,0,0,0,HOVER,0.2903,0.4353,0.3491,,
50,5886,49,,depth/000049.npy,1,139.9,297.0,-1.0,-100.0,-100.0,-100.0,53.0,80.0,-1.0,0.0,0.0,0.0,-1.0,89.0,0,0,0,0,HOVER,0.2903,0.4353,0.3491,,
51,6004,50,,depth/000051.npy,1,149.4,307.2,-1.0,-100.0,-100.0,-100.0,53.0,80.0,-1.0,0.0,0.0,0.0,0.0,89.0,0,0,0,0,HOVER,0.2843,0.4353,0.3569,,
52,6109,51,,depth/000052.npy,1,145.2,248.1,-1.0,-100.0,-100.0,-100.0,53.0,70.0,-1.0,0.0,0.0,0.0,0.0,89.0,0,0,0,0,HOVER,0.2903,0.4314,0.3491,,
53,6222,52,,depth/000053.npy,1,149.1,202.3,-1.0,-100.0,-100.0,-100.0,53.0,70.0,-1.0,0.0,0.0,0.0,0.0,89.0,0,0,0,0,HOVER,0.2922,0.4236,0.3491,,
54,6343,53,,depth/000053.npy,1,149.1,314.7,-1.0,-100.0,-100.0,-100.0,53.0,70.0,0.0,0.0,0.0,0.0,3.0,89.0,0,0,0,0,HOVER,0.2922,0.4236,0.3491,,
55,6464,54,,depth/000055.npy,1,148.7,303.6,-1.0,-100.0,-100.0,-100.0,53.0,70.0,0.0,0.0,0.0,0.0,0.0,89.0,0,0,0,0,HOVER,0.2922,0.4216,0.3333,,
56,6572,55,,depth/000056.npy,1,152.1,244.5,-1.0,-100.0,-100.0,-100.0,53.0,70.0,0.0,0.0,0.0,0.0,0.0,89.0,0,0,0,0,HOVER,0.2961,0.4158,0.3333,,
57,6681,56,,depth/000057.npy,1,153.4,198.3,-1.0,-100.0,-100.0,-100.0,53.0,70.0,0.0,0.0,0.0,0.0,0.0,89.0,0,0,0,0,HOVER,0.2961,0.4158,0.3372,,
58,6807,57,,depth/000057.npy,1,153.4,319.4,-1.0,-100.0,-100.0,-100.0,53.0,70.0,0.0,0.0,0.0,0.0,0.0,88.0,0,0,0,0,HOVER,0.2961,0.4158,0.3372,,
59,6911,58,,depth/000059.npy,1,167.6,281.0,-1.0,-100.0,-100.0,-100.0,53.0,70.0,0.0,0.0,0.0,0.0,0.0,88.0,0,0,0,0,HOVER,0.2942,0.4158,0.3411,,
60,7030,59,,depth/000060.npy,1,157.0,237.0,-1.0,-100.0,-100.0,-100.0,53.0,70.0,0.0,0.0,0.0,0.0,0.0,88.0,0,0,0,0,HOVER,0.2942,0.4236,0.3411,,
61,7150,60,,depth/000061.npy,1,155.3,195.9,-1.0,-100.0,-100.0,-100.0,53.0,70.0,0.0,0.0,0.0,0.0,0.0,88.0,0,0,0,0,HOVER,0.2942,0.4197,0.3411,,
62,7273,61,,depth/000061.npy,1,155.3,312.8,-1.0,-100.0,-100.0,-100.0,53.0,70.0,0.0,0.0,0.0,0.0,0.0,88.0,0,0,0,0,HOVER,0.2942,0.4197,0.3411,,
63,7394,62,,depth/000063.npy,1,154.6,363.9,-1.0,-100.0,-100.0,-100.0,53.0,70.0,0.0,0.0,0.0,0.0,0.0,88.0,0,0,0,0,HOVER,0.2903,0.4197,0.3411,,
64,7503,63,,depth/000064.npy,1,147.8,310.5,-1.0,-100.0,-100.0,-100.0,53.0,70.0,0.0,0.0,0.0,0.0,0.0,88.0,0,0,0,0,HOVER,0.302,0.4275,0.3491,,
65,7611,64,,depth/000065.npy,1,152.8,191.3,-1.0,-100.0,-100.0,-100.0,53.0,70.0,0.0,0.0,0.0,0.0,0.0,88.0,0,0,0,0,HOVER,0.2942,0.4314,0.3452,,
66,7724,65,,depth/000065.npy,1,152.8,301.0,-1.0,-100.0,-100.0,-100.0,53.0,70.0,0.0,0.0,0.0,0.0,0.0,88.0,0,0,0,0,HOVER,0.2942,0.4314,0.3452,,
67,7843,66,,depth/000067.npy,1,149.8,315.2,-1.0,-100.0,-100.0,-100.0,53.0,70.0,0.0,0.0,0.0,0.0,0.0,88.0,0,0,0,0,HOVER,0.2922,0.4314,0.3452,,
68,7962,67,,depth/000068.npy,1,149.1,251.2,-1.0,-100.0,-100.0,-100.0,53.0,70.0,0.0,0.0,0.0,0.0,0.0,88.0,0,0,0,0,HOVER,0.2903,0.4294,0.3491,,
69,8084,68,,depth/000069.npy,1,144.7,225.8,-1.0,-100.0,-100.0,-100.0,53.0,70.0,0.0,0.0,0.0,0.0,0.0,88.0,0,0,0,0,HOVER,0.2903,0.4314,0.3491,,
70,8208,69,,depth/000070.npy,1,143.6,179.7,-1.0,-100.0,-100.0,-100.0,53.0,70.0,0.0,0.0,0.0,0.0,0.0,88.0,0,0,0,0,HOVER,0.2903,0.4294,0.3491,,
71,8332,70,,depth/000071.npy,1,142.0,227.7,-1.0,-100.0,-100.0,-100.0,53.0,70.0,0.0,0.0,0.0,0.0,0.0,88.0,0,0,0,0,HOVER,0.2903,0.4314,0.3491,,
72,8456,71,,depth/000071.npy,1,142.0,350.9,-1.0,-100.0,-100.0,-100.0,53.0,70.0,0.0,0.0,0.0,0.0,0.0,88.0,0,0,0,0,HOVER,0.2903,0.4314,0.3491,,
73,8575,72,,depth/000073.npy,1,146.6,285.6,-1.0,-100.0,-100.0,-100.0,53.0,70.0,0.0,0.0,0.0,0.0,0.0,88.0,0,0,0,0,HOVER,0.2903,0.4275,0.3452,,
74,8697,73,,depth/000074.npy,1,145.6,263.5,-1.0,-100.0,-100.0,-100.0,53.0,70.0,0.0,0.0,0.0,0.0,0.0,88.0,0,0,0,0,HOVER,0.2942,0.4314,0.3491,,
75,8817,74,,depth/000075.npy,1,141.0,211.5,-1.0,-100.0,-100.0,-100.0,53.0,70.0,0.0,0.0,0.0,0.0,0.0,88.0,0,0,0,0,HOVER,0.2922,0.4353,0.353,,
76,8936,75,,depth/000076.npy,1,144.6,232.3,-1.0,-100.0,-100.0,-100.0,53.0,70.0,0.0,0.0,0.0,0.0,0.0,87.0,0,0,0,0,HOVER,0.2903,0.4314,0.3491,,
77,9057,76,,depth/000077.npy,1,139.8,201.9,-1.0,-100.0,-100.0,-100.0,53.0,70.0,0.0,0.0,0.0,0.0,0.0,87.0,0,0,0,0,HOVER,0.2942,0.4314,0.353,,
78,9185,77,,depth/000077.npy,1,139.8,325.3,-1.0,-100.0,-100.0,-100.0,53.0,70.0,0.0,0.0,0.0,0.0,0.0,87.0,0,0,0,0,HOVER,0.2942,0.4314,0.353,,
79,9306,78,,depth/000079.npy,1,145.6,345.6,-1.0,-100.0,-100.0,-100.0,53.0,70.0,0.0,0.0,0.0,0.0,0.0,87.0,0,0,0,0,HOVER,0.2922,0.4314,0.3491,,
80,9423,79,,depth/000080.npy,1,143.3,265.0,-1.0,-100.0,-100.0,-100.0,53.0,70.0,0.0,0.0,0.0,0.0,0.0,87.0,0,0,0,0,HOVER,0.2942,0.4353,0.3452,,
81,9540,80,,depth/000081.npy,1,138.3,216.8,-1.0,-100.0,-100.0,-100.0,53.0,70.0,0.0,0.0,0.0,0.0,0.0,87.0,0,0,0,0,HOVER,0.2903,0.4314,0.3411,,
82,9662,81,,depth/000082.npy,1,139.1,234.7,-1.0,-100.0,-100.0,-100.0,53.0,70.0,0.0,0.0,0.0,0.0,0.0,87.0,0,0,0,0,HOVER,0.2903,0.4275,0.3372,,
83,9782,82,,depth/000083.npy,1,143.0,254.6,-1.0,-100.0,-100.0,-100.0,53.0,70.0,0.0,0.0,0.0,0.0,0.0,87.0,0,0,0,0,HOVER,0.2903,0.4275,0.3411,,
84,9900,83,,depth/000084.npy,1,140.0,201.6,-1.0,-100.0,-100.0,-100.0,53.0,70.0,0.0,0.0,0.0,0.0,0.0,87.0,0,0,0,0,HOVER,0.2922,0.4275,0.3411,,
85,10019,84,,depth/000084.npy,1,140.0,326.9,-1.0,-100.0,-100.0,-100.0,53.0,70.0,0.0,0.0,0.0,0.0,0.0,87.0,0,0,0,0,HOVER,0.2922,0.4275,0.3411,,
86,10139,85,,depth/000086.npy,1,148.0,264.2,-1.0,-100.0,-100.0,-100.0,53.0,70.0,0.0,0.0,0.0,0.0,0.0,87.0,0,0,0,0,HOVER,0.2922,0.4236,0.3452,,
87,10251,86,,depth/000087.npy,1,190.6,261.2,-1.0,-100.0,-100.0,-100.0,53.0,70.0,0.0,0.0,0.0,0.0,0.0,87.0,0,0,0,0,HOVER,0.2922,0.4197,0.3452,,
88,10364,87,,depth/000087.npy,1,190.6,366.4,-1.0,-100.0,-100.0,-100.0,53.0,70.0,0.0,0.0,0.0,0.0,0.0,87.0,0,0,0,0,HOVER,0.2922,0.4197,0.3452,,
89,10470,88,,depth/000089.npy,1,160.2,308.1,-1.0,-100.0,-100.0,-100.0,53.0,70.0,0.0,0.0,0.0,0.0,0.0,87.0,0,0,0,0,HOVER,0.2981,0.4236,0.3372,,
90,10593,89,,depth/000090.npy,1,173.1,272.9,-1.0,-100.0,-100.0,-100.0,53.0,70.0,0.0,0.0,0.0,0.0,0.0,87.0,0,0,0,0,HOVER,0.2942,0.4197,0.3372,,
91,10716,90,,depth/000091.npy,1,138.3,191.4,-1.0,-100.0,-100.0,-100.0,53.0,70.0,0.0,0.0,0.0,0.0,0.0,87.0,0,0,0,0,HOVER,0.2942,0.4158,0.3391,,
92,10836,91,,depth/000091.npy,1,138.3,308.8,-1.0,-100.0,-100.0,-100.0,53.0,70.0,0.0,0.0,0.0,0.0,0.0,86.0,0,0,0,0,HOVER,0.2942,0.4158,0.3391,,
93,10953,92,,depth/000093.npy,1,147.8,298.3,-1.0,-100.0,-100.0,-100.0,53.0,70.0,0.0,0.0,0.0,0.0,0.0,86.0,0,0,0,0,HOVER,0.2961,0.4158,0.3333,,
94,11077,93,,depth/000094.npy,1,140.7,248.2,-1.0,-100.0,-100.0,-100.0,53.0,70.0,0.0,0.0,0.0,0.0,0.0,86.0,0,0,0,0,HOVER,0.2961,0.4158,0.3372,,
95,11197,94,,depth/000095.npy,1,145.7,214.1,-1.0,-100.0,-100.0,-100.0,53.0,70.0,0.0,0.0,0.0,0.0,0.0,86.0,0,0,0,0,HOVER,0.2942,0.4158,0.3333,,
96,11315,95,,depth/000096.npy,1,144.1,256.8,-1.0,-100.0,-100.0,-100.0,53.0,70.0,0.0,0.0,0.0,0.0,0.0,86.0,0,0,0,0,HOVER,0.2942,0.4158,0.3333,,
97,11438,96,,depth/000097.npy,1,143.7,219.0,-1.0,-100.0,-100.0,-100.0,53.0,70.0,0.0,0.0,0.0,0.0,0.0,86.0,0,0,0,0,HOVER,0.2981,0.4197,0.3293,,
98,11562,97,,depth/000097.npy,1,143.7,336.7,-1.0,-100.0,-100.0,-100.0,53.0,70.0,0.0,0.0,0.0,0.0,0.0,86.0,0,0,0,0,HOVER,0.2981,0.4197,0.3293,,
99,11680,98,,depth/000099.npy,1,147.7,320.6,-1.0,-100.0,-100.0,-100.0,53.0,70.0,0.0,0.0,0.0,0.0,0.0,86.0,0,0,0,0,HOVER,0.2981,0.4197,0.3333,,
100,11796,99,,depth/000100.npy,1,137.3,266.2,-1.0,-100.0,-100.0,-100.0,53.0,70.0,0.0,0.0,0.0,0.0,0.0,86.0,0,0,0,0,HOVER,0.2942,0.4158,0.3333,,
101,11901,100,,depth/000100.npy,1,137.3,384.8,-1.0,-100.0,-100.0,-100.0,53.0,70.0,0.0,0.0,0.0,0.0,0.0,86.0,0,0,0,0,HOVER,0.2942,0.4158,0.3333,,
102,12008,101,,depth/000102.npy,1,203.7,320.4,-1.0,-100.0,-100.0,-100.0,53.0,70.0,0.0,0.0,0.0,0.0,0.0,86.0,0,0,0,0,HOVER,0.2981,0.4197,0.3391,,
103,12127,102,,depth/000103.npy,1,150.8,299.1,-1.0,-100.0,-100.0,-100.0,53.0,70.0,0.0,0.0,0.0,0.0,0.0,86.0,0,0,0,0,HOVER,0.2961,0.4236,0.3452,,
104,12232,103,,depth/000104.npy,1,150.4,209.6,-1.0,-100.0,-100.0,-100.0,53.0,70.0,0.0,0.0,0.0,0.0,0.0,86.0,0,0,0,0,HOVER,0.2961,0.4197,0.3452,,
105,12361,104,,depth/000104.npy,1,150.4,343.8,-1.0,-100.0,-100.0,-100.0,53.0,70.0,0.0,0.0,0.0,0.0,0.0,86.0,0,0,0,0,HOVER,0.2961,0.4197,0.3452,,
106,12475,105,,depth/000106.npy,1,150.7,310.6,-1.0,-100.0,-100.0,-100.0,53.0,70.0,0.0,0.0,0.0,0.0,0.0,86.0,0,0,0,0,HOVER,0.3,0.4197,0.3333,,
107,12583,106,,depth/000107.npy,1,156.9,259.4,-1.0,-100.0,-100.0,-100.0,53.0,70.0,0.0,0.0,0.0,0.0,0.0,86.0,0,0,0,0,HOVER,0.2981,0.4216,0.3333,,
108,12686,107,,depth/000108.npy,1,148.6,230.0,-1.0,-100.0,-100.0,-100.0,53.0,70.0,0.0,0.0,0.0,0.0,0.0,86.0,0,0,0,0,HOVER,0.2981,0.4197,0.3333,,
109,12810,108,,depth/000108.npy,1,148.6,354.5,-1.0,-100.0,-100.0,-100.0,53.0,70.0,0.0,0.0,0.0,0.0,0.0,86.0,0,0,0,0,HOVER,0.2981,0.4197,0.3333,,
110,12932,109,,depth/000110.npy,1,149.2,303.1,-1.0,-100.0,-100.0,-100.0,53.0,70.0,0.0,0.0,0.0,0.0,0.0,85.0,0,0,0,0,HOVER,0.2981,0.4197,0.3333,,
111,13054,110,,depth/000111.npy,1,141.9,262.7,-1.0,-100.0,-100.0,-100.0,53.0,70.0,0.0,0.0,0.0,0.0,0.0,85.0,0,0,0,0,HOVER,0.2981,0.4197,0.3333,,
112,13174,111,,depth/000112.npy,1,144.9,214.0,-1.0,-100.0,-100.0,-100.0,53.0,70.0,0.0,0.0,0.0,0.0,0.0,85.0,0,0,0,0,HOVER,0.2981,0.4197,0.3372,,
113,13292,112,,depth/000113.npy,1,143.0,236.4,-1.0,-100.0,-100.0,-100.0,53.0,70.0,0.0,0.0,0.0,0.0,0.0,85.0,0,0,0,0,HOVER,0.2981,0.4197,0.3372,,
114,13415,113,,depth/000114.npy,1,144.1,185.3,-1.0,-100.0,-100.0,-100.0,53.0,70.0,0.0,0.0,0.0,0.0,0.0,85.0,0,0,0,0,HOVER,0.304,0.4236,0.3372,,
115,13539,114,,depth/000114.npy,1,144.1,307.1,-1.0,-100.0,-100.0,-100.0,53.0,70.0,0.0,0.0,0.0,0.0,0.0,85.0,0,0,0,0,HOVER,0.304,0.4236,0.3372,,
116,13659,115,,depth/000116.npy,1,144.4,302.8,-1.0,-100.0,-100.0,-100.0,53.0,70.0,0.0,0.0,0.0,0.0,0.0,85.0,0,0,0,0,HOVER,0.304,0.4197,0.3372,,
117,13779,116,,depth/000117.npy,1,140.0,249.3,-1.0,-100.0,-100.0,-100.0,53.0,70.0,0.0,0.0,0.0,0.0,0.0,85.0,0,0,0,0,HOVER,0.3,0.4236,0.3411,,
118,13898,117,,depth/000118.npy,1,140.2,269.8,-1.0,-100.0,-100.0,-100.0,53.0,70.0,0.0,0.0,0.0,0.0,0.0,85.0,0,0,0,0,HOVER,0.2981,0.4197,0.3411,,
119,14014,118,,depth/000119.npy,1,140.9,215.9,-1.0,-100.0,-100.0,-100.0,53.0,70.0,0.0,0.0,0.0,0.0,0.0,85.0,0,0,0,0,HOVER,0.2981,0.4197,0.3372,,
120,14129,119,,depth/000120.npy,1,138.6,224.3,-1.0,-100.0,-100.0,-100.0,53.0,70.0,0.0,0.0,0.0,0.0,0.0,85.0,0,0,0,0,HOVER,0.2981,0.4236,0.3372,,
121,14244,120,,depth/000121.npy,1,137.7,189.2,-1.0,-100.0,-100.0,-100.0,53.0,70.0,0.0,0.0,0.0,0.0,0.0,85.0,0,0,0,0,HOVER,0.2942,0.4216,0.3411,,
122,14366,121,,depth/000121.npy,1,137.7,306.0,-1.0,-100.0,-100.0,-100.0,53.0,70.0,0.0,0.0,0.0,0.0,0.0,85.0,0,0,0,0,HOVER,0.2942,0.4216,0.3411,,
123,14484,122,,depth/000123.npy,1,139.7,259.3,-1.0,-100.0,-100.0,-100.0,53.0,70.0,0.0,0.0,0.0,0.0,0.0,85.0,0,0,0,0,HOVER,0.2903,0.4197,0.3293,,
124,14601,123,,depth/000124.npy,1,140.7,242.5,-1.0,-100.0,-100.0,-100.0,53.0,70.0,0.0,0.0,0.0,0.0,0.0,85.0,0,0,0,0,HOVER,0.2922,0.4236,0.3333,,
125,14717,124,,depth/000125.npy,1,138.9,226.6,-1.0,-100.0,-100.0,-100.0,53.0,70.0,0.0,0.0,0.0,0.0,0.0,85.0,0,0,0,0,HOVER,0.2903,0.4197,0.3372,,
126,14835,125,,depth/000126.npy,1,141.9,277.2,-1.0,-100.0,-100.0,-100.0,53.0,70.0,0.0,0.0,0.0,0.0,0.0,84.0,0,0,0,0,HOVER,0.2922,0.4236,0.3372,,
127,14949,126,,depth/000127.npy,1,137.1,222.6,-1.0,-100.0,-100.0,-100.0,53.0,70.0,0.0,0.0,0.0,0.0,0.0,84.0,0,0,0,0,HOVER,0.2942,0.4197,0.3452,,
128,15065,127,,depth/000127.npy,1,137.1,337.2,-1.0,-100.0,-100.0,-100.0,53.0,70.0,0.0,0.0,0.0,0.0,0.0,84.0,0,0,0,0,HOVER,0.2942,0.4197,0.3452,,
129,15180,128,,depth/000129.npy,1,139.5,282.8,-1.0,-100.0,-100.0,-100.0,53.0,70.0,0.0,0.0,0.0,0.0,0.0,84.0,0,0,0,0,HOVER,0.2903,0.4197,0.3411,,
130,15302,129,,depth/000130.npy,1,138.7,275.1,-1.0,-100.0,-100.0,-100.0,53.0,70.0,0.0,0.0,0.0,0.0,0.0,84.0,0,0,0,0,HOVER,0.2903,0.4197,0.3452,,
131,15404,130,,depth/000131.npy,1,146.3,201.1,-1.0,-100.0,-100.0,-100.0,53.0,70.0,0.0,0.0,0.0,0.0,0.0,84.0,0,0,0,0,HOVER,0.2903,0.4275,0.3452,,
132,15523,131,,depth/000131.npy,1,146.3,317.9,-1.0,-100.0,-100.0,-100.0,53.0,70.0,0.0,0.0,0.0,0.0,0.0,84.0,0,0,0,0,HOVER,0.2903,0.4275,0.3452,,
133,15640,132,,depth/000133.npy,1,162.2,322.4,-1.0,-100.0,-100.0,-100.0,53.0,70.0,0.0,0.0,0.0,0.0,0.0,84.0,0,0,0,0,HOVER,0.2942,0.4236,0.3491,,
134,15751,133,,depth/000134.npy,1,149.1,241.7,-1.0,-100.0,-100.0,-100.0,53.0,70.0,0.0,0.0,0.0,0.0,0.0,84.0,0,0,0,0,HOVER,0.2942,0.4236,0.3491,,
135,15857,134,,depth/000135.npy,1,158.8,231.3,-1.0,-100.0,-100.0,-100.0,53.0,70.0,0.0,0.0,0.0,0.0,0.0,84.0,0,0,40,0,MANUAL,0.2922,0.4236,0.3491,,
136,15984,135,,depth/000136.npy,1,148.2,194.3,-1.0,-100.0,-100.0,-100.0,53.0,70.0,0.0,0.0,0.0,0.0,0.0,84.0,0,0,40,0,MANUAL,0.2942,0.4236,0.3452,,
137,16093,136,,depth/000136.npy,1,148.2,306.6,-1.0,-100.0,-100.0,-100.0,53.0,70.0,0.0,0.0,0.0,0.0,0.0,84.0,0,0,40,0,MANUAL,0.2942,0.4236,0.3452,,
138,16225,137,,depth/000138.npy,1,155.4,264.8,-1.0,-100.0,-100.0,-100.0,53.0,80.0,0.0,0.0,1.0,0.0,0.0,84.0,0,0,0,0,HOVER,0.2942,0.4275,0.3452,,
139,16334,138,,depth/000139.npy,1,153.2,231.5,-1.0,-100.0,-100.0,-100.0,53.0,80.0,0.0,0.0,1.0,0.0,0.0,84.0,0,0,0,0,HOVER,0.2922,0.4314,0.3452,,
140,16442,139,,depth/000139.npy,1,153.2,340.5,-1.0,-100.0,-100.0,-100.0,53.0,80.0,0.0,0.0,1.0,0.0,0.0,84.0,0,0,0,0,HOVER,0.2922,0.4314,0.3452,,
141,16561,140,,depth/000141.npy,1,156.0,338.6,-1.0,-100.0,-100.0,-100.0,53.0,80.0,0.0,0.0,1.0,0.0,0.0,84.0,0,0,0,0,HOVER,0.2942,0.447,0.3452,,
142,16666,141,,depth/000142.npy,1,155.8,266.0,-1.0,-100.0,-100.0,-100.0,53.0,80.0,0.0,0.0,0.0,0.0,0.0,84.0,0,0,-40,0,MANUAL,0.2864,0.4509,0.353,,
143,16772,142,,depth/000143.npy,1,156.4,214.6,-1.0,-100.0,-100.0,-100.0,53.0,80.0,0.0,0.0,0.0,0.0,0.0,84.0,0,0,-40,0,MANUAL,0.2804,0.4548,0.3647,,
144,16891,143,,depth/000143.npy,1,156.4,332.0,-1.0,-100.0,-100.0,-100.0,53.0,80.0,0.0,0.0,0.0,0.0,0.0,83.0,0,0,-40,0,MANUAL,0.2804,0.4548,0.3647,,
145,17018,144,,depth/000145.npy,1,153.9,298.7,-1.0,-100.0,-100.0,-100.0,53.0,80.0,0.0,0.0,-1.0,0.0,0.0,83.0,0,0,0,0,HOVER,0.2725,0.4548,0.3647,,
146,17141,145,,depth/000146.npy,1,156.6,274.6,-1.0,-100.0,-100.0,-100.0,53.0,80.0,0.0,0.0,-1.0,0.0,0.0,83.0,0,0,0,0,HOVER,0.2705,0.4548,0.3647,,
147,17258,146,,depth/000147.npy,1,155.9,234.7,-1.0,-100.0,-100.0,-100.0,53.0,80.0,0.0,0.0,-1.0,0.0,0.0,83.0,0,0,0,0,HOVER,0.2765,0.4509,0.3647,,
148,17388,147,,depth/000147.npy,1,155.9,367.6,-1.0,-100.0,-100.0,-100.0,53.0,80.0,0.0,0.0,-1.0,0.0,0.0,83.0,0,0,0,0,HOVER,0.2765,0.4509,0.3647,,
149,17511,148,,depth/000149.npy,1,184.4,321.1,-1.0,-100.0,-100.0,-100.0,53.0,80.0,0.0,0.0,0.0,0.0,0.0,83.0,0,0,0,0,HOVER,0.2844,0.4392,0.3491,,
150,17622,149,,depth/000150.npy,1,151.0,259.0,-1.0,-100.0,-100.0,-100.0,53.0,80.0,0.0,0.0,0.0,0.0,0.0,83.0,0,0,-40,0,MANUAL,0.2883,0.4431,0.3491,,
151,17732,150,,depth/000151.npy,1,158.4,209.1,-1.0,-100.0,-100.0,-100.0,53.0,70.0,0.0,0.0,0.0,0.0,0.0,83.0,0,0,-40,0,MANUAL,0.2883,0.4333,0.3411,,
152,17843,151,,depth/000151.npy,1,158.4,319.5,-1.0,-100.0,-100.0,-100.0,53.0,70.0,0.0,0.0,0.0,0.0,0.0,83.0,0,0,-40,0,MANUAL,0.2883,0.4333,0.3411,,
153,17961,152,,depth/000153.npy,1,153.7,315.0,-1.0,-100.0,-100.0,-100.0,53.0,70.0,0.0,0.0,-1.0,0.0,0.0,83.0,0,0,0,0,HOVER,0.2903,0.4314,0.3411,,
154,18071,153,,depth/000154.npy,1,182.3,249.4,-1.0,-100.0,-100.0,-100.0,53.0,70.0,0.0,0.0,-1.0,0.0,-1.0,83.0,0,0,0,0,HOVER,0.2883,0.4275,0.3411,,
155,18180,154,,depth/000154.npy,1,182.3,353.6,-1.0,-100.0,-100.0,-100.0,53.0,70.0,0.0,0.0,-1.0,0.0,0.0,83.0,0,0,0,0,HOVER,0.2883,0.4275,0.3411,,
156,18297,155,,depth/000156.npy,1,156.4,300.2,-1.0,-100.0,-100.0,-100.0,53.0,70.0,0.0,0.0,-1.0,0.0,0.0,83.0,0,0,0,0,HOVER,0.2883,0.4314,0.3452,,
157,18422,156,,depth/000157.npy,1,153.6,264.4,-1.0,-100.0,-100.0,-100.0,53.0,70.0,0.0,0.0,0.0,0.0,0.0,83.0,0,0,0,0,HOVER,0.304,0.4236,0.3254,,
158,18539,157,,depth/000158.npy,1,150.4,213.5,-1.0,-100.0,-100.0,-100.0,53.0,70.0,0.0,0.0,0.0,0.0,0.0,83.0,0,0,0,0,HOVER,0.2961,0.4158,0.3293,,
159,18664,158,,depth/000159.npy,1,145.3,174.5,-1.0,-100.0,-100.0,-100.0,53.0,70.0,0.0,0.0,0.0,0.0,0.0,83.0,0,0,0,0,HOVER,0.3,0.4119,0.3293,,
160,18792,159,,depth/000159.npy,1,145.3,303.7,-1.0,-100.0,-100.0,-100.0,53.0,70.0,0.0,0.0,0.0,0.0,0.0,82.0,0,0,0,0,HOVER,0.3,0.4119,0.3293,,
161,18917,160,,depth/000161.npy,1,152.5,291.4,-1.0,-100.0,-100.0,-100.0,53.0,70.0,0.0,0.0,0.0,0.0,0.0,82.0,0,0,0,0,HOVER,0.2981,0.408,0.3293,,
162,19037,161,,depth/000162.npy,1,147.0,311.8,-1.0,-100.0,-100.0,-100.0,53.0,70.0,0.0,0.0,0.0,0.0,0.0,82.0,0,0,0,0,HOVER,0.2981,0.4138,0.3293,,
163,19155,162,,depth/000163.npy,1,147.0,261.0,-1.0,-100.0,-100.0,-100.0,53.0,70.0,0.0,0.0,0.0,0.0,0.0,82.0,0,0,0,0,HOVER,0.2942,0.408,0.3293,,
164,19277,163,,depth/000164.npy,1,142.9,256.9,-1.0,-100.0,-100.0,-100.0,53.0,70.0,0.0,0.0,0.0,0.0,0.0,82.0,0,0,0,0,HOVER,0.2942,0.4119,0.3293,,
165,19406,164,,depth/000165.npy,1,147.7,184.9,-1.0,-100.0,-100.0,-100.0,53.0,70.0,0.0,0.0,0.0,0.0,0.0,82.0,0,0,0,0,HOVER,0.2942,0.4119,0.3254,,
166,19534,165,,depth/000165.npy,1,147.7,310.9,-1.0,-100.0,-100.0,-100.0,53.0,70.0,0.0,0.0,0.0,0.0,0.0,82.0,0,7,0,0,WANDER_CRUISE,0.2942,0.4119,0.3254,WANDER_CRUISE,"SEG(7,4.3)"
167,19652,166,,depth/000167.npy,1,146.7,326.3,-1.0,-100.0,-100.0,-100.0,53.0,70.0,0.0,0.0,0.0,0.0,0.0,82.0,0,0,0,-40,WANDER_TURN,0.2942,0.4119,0.3293,WANDER_TURN,"TURN(L,75,obstacle)"
168,19759,167,,depth/000168.npy,1,154.8,271.6,-1.0,-100.0,-100.0,-100.0,53.0,70.0,0.0,0.0,0.0,0.0,0.0,82.0,0,0,0,-40,WANDER_TURN,0.2942,0.408,0.3254,WANDER_TURN,
169,19876,168,,depth/000169.npy,1,153.6,220.3,-1.0,-100.0,-100.0,-100.0,50.0,70.0,0.0,0.0,0.0,0.0,0.0,82.0,0,0,0,-40,WANDER_TURN,0.2942,0.408,0.3254,WANDER_TURN,
170,20002,169,,depth/000170.npy,1,145.9,242.2,-1.0,-100.0,-100.0,-100.0,48.0,70.0,0.0,0.0,0.0,0.0,0.0,82.0,0,0,0,-40,WANDER_TURN,0.2903,0.408,0.3293,WANDER_TURN,
171,20127,170,,depth/000170.npy,1,145.9,364.9,-1.0,-100.0,-100.0,-100.0,45.0,70.0,0.0,0.0,0.0,0.0,0.0,82.0,0,0,0,-40,WANDER_TURN,0.2903,0.408,0.3293,WANDER_TURN,
172,20247,171,,depth/000172.npy,1,146.1,255.5,-1.0,-100.0,-100.0,-100.0,42.0,70.0,0.0,0.0,0.0,0.0,0.0,82.0,0,0,0,-40,WANDER_TURN,0.2981,0.3765,0.3726,WANDER_TURN,
173,20360,172,,depth/000173.npy,1,149.5,265.3,-1.0,-100.0,-100.0,-100.0,40.0,70.0,0.0,0.0,0.0,0.0,0.0,82.0,0,0,0,-40,WANDER_TURN,0.302,0.3176,0.4255,WANDER_TURN,
174,20482,173,,depth/000174.npy,1,183.1,257.7,-1.0,-100.0,-100.0,-100.0,37.0,70.0,0.0,0.0,0.0,0.0,0.0,82.0,0,0,0,-40,WANDER_TURN,0.3293,0.302,0.4431,WANDER_TURN,
175,20610,174,,depth/000174.npy,1,183.1,384.5,-1.0,-100.0,-100.0,-100.0,31.0,70.0,0.0,0.0,0.0,0.0,0.0,82.0,0,0,0,-40,WANDER_TURN,0.3293,0.302,0.4431,WANDER_TURN,
176,20721,175,,depth/000176.npy,1,149.3,298.2,-1.0,-100.0,-100.0,-100.0,28.0,70.0,0.0,0.0,0.0,0.0,0.0,82.0,0,0,0,-40,WANDER_TURN,0.3333,0.2942,0.4548,WANDER_TURN,
177,20831,176,,depth/000177.npy,1,169.6,237.3,-1.0,-100.0,-100.0,-100.0,26.0,70.0,0.0,0.0,0.0,0.0,0.0,81.0,0,0,0,-40,WANDER_TURN,0.3137,0.2903,0.4119,WANDER_TURN,
178,20953,177,,depth/000177.npy,1,169.6,356.7,-1.0,-100.0,-100.0,-100.0,23.0,70.0,0.0,0.0,0.0,0.0,0.0,81.0,0,0,0,-40,WANDER_TURN,0.3137,0.2903,0.4119,WANDER_TURN,
179,21077,178,,depth/000179.npy,1,158.7,309.4,-1.0,-100.0,-100.0,-100.0,20.0,70.0,0.0,0.0,0.0,0.0,0.0,81.0,0,0,0,-40,WANDER_TURN,0.3215,0.2864,0.3098,WANDER_TURN,
180,21197,179,,depth/000180.npy,1,154.5,269.4,-1.0,-100.0,-100.0,-100.0,18.0,70.0,0.0,0.0,0.0,0.0,0.0,81.0,0,0,0,-40,WANDER_TURN,0.3491,0.2981,0.2981,WANDER_TURN,
181,21327,180,,depth/000181.npy,1,148.5,229.8,-1.0,-100.0,-100.0,-100.0,13.0,70.0,0.0,0.0,0.0,0.0,0.0,81.0,0,0,0,-40,WANDER_TURN,0.5527,0.3,0.2922,WANDER_TURN,
182,21444,181,,depth/000182.npy,1,147.6,212.7,-1.0,-100.0,-100.0,-100.0,11.0,70.0,0.0,0.0,0.0,0.0,0.0,81.0,0,0,0,-40,WANDER_TURN,0.5942,0.2942,0.2922,WANDER_TURN,
183,21563,182,,depth/000183.npy,1,148.4,181.1,-1.0,-100.0,-100.0,-100.0,6.0,70.0,0.0,0.0,0.0,0.0,0.0,81.0,0,0,0,-40,WANDER_TURN,0.5767,0.2627,0.2745,WANDER_TURN,
184,21686,183,,depth/000183.npy,1,148.4,308.0,-1.0,-100.0,-100.0,-100.0,4.0,70.0,0.0,0.0,0.0,0.0,0.0,81.0,0,0,0,-40,WANDER_TURN,0.5767,0.2627,0.2745,WANDER_TURN,
185,21804,184,,depth/000185.npy,1,144.4,301.7,-1.0,-100.0,-100.0,-100.0,1.0,70.0,0.0,0.0,0.0,0.0,0.0,81.0,0,0,0,-40,WANDER_TURN,0.5728,0.2471,0.2529,WANDER_TURN,
186,21915,185,,depth/000186.npy,1,152.1,301.1,-1.0,-100.0,-100.0,-100.0,0.0,70.0,0.0,0.0,0.0,0.0,0.0,81.0,0,0,0,-40,WANDER_TURN,0.5488,0.2627,0.2588,WANDER_TURN,
187,22035,186,,depth/000186.npy,1,152.1,389.2,-1.0,-100.0,-100.0,-100.0,-3.0,70.0,0.0,0.0,0.0,0.0,0.0,81.0,0,0,0,-40,WANDER_TURN,0.5488,0.2627,0.2588,WANDER_TURN,
188,22166,187,,depth/000188.npy,1,241.4,338.9,-1.0,-100.0,-100.0,-100.0,-6.0,70.0,0.0,0.0,0.0,-1.0,0.0,81.0,0,0,0,-40,WANDER_TURN,0.3472,0.3804,0.2588,WANDER_TURN,
189,22276,188,,depth/000189.npy,1,154.6,206.5,-1.0,-100.0,-100.0,-100.0,-11.0,70.0,0.0,0.0,0.0,0.0,0.0,81.0,0,0,0,-40,WANDER_TURN,0.3293,0.5137,0.2627,WANDER_TURN,
190,22380,189,,depth/000189.npy,1,154.6,310.4,-1.0,-100.0,-100.0,-100.0,-14.0,70.0,0.0,0.0,0.0,0.0,0.0,81.0,0,0,0,-40,WANDER_TURN,0.3293,0.5137,0.2627,WANDER_TURN,
191,22500,190,,depth/000191.npy,1,157.9,303.4,-1.0,-100.0,-100.0,-100.0,-17.0,70.0,0.0,0.0,0.0,0.0,0.0,81.0,0,0,0,0,WANDER_VERIFY,0.2903,0.5137,0.2588,WANDER_VERIFY,
192,22605,191,,depth/000192.npy,1,151.7,245.1,-1.0,-100.0,-100.0,-100.0,-20.0,70.0,0.0,0.0,0.0,0.0,0.0,81.0,0,0,0,0,WANDER_VERIFY,0.2744,0.4587,0.204,WANDER_VERIFY,
193,22730,192,,depth/000193.npy,1,155.2,231.7,-1.0,-100.0,-100.0,-100.0,-21.0,70.0,0.0,0.0,0.0,0.0,0.0,81.0,0,0,0,0,WANDER_VERIFY,0.2588,0.353,0.2549,WANDER_VERIFY,
194,22854,193,,depth/000193.npy,1,155.2,358.9,-1.0,-100.0,-100.0,-100.0,-21.0,70.0,0.0,0.0,0.0,0.0,0.0,80.0,0,0,0,0,WANDER_VERIFY,0.2588,0.353,0.2549,WANDER_VERIFY,
195,22983,194,,depth/000195.npy,1,147.7,385.0,-1.0,-100.0,-100.0,-100.0,-21.0,70.0,0.0,0.0,0.0,0.0,0.0,80.0,0,0,0,0,WANDER_VERIFY,0.251,0.2235,0.3843,WANDER_VERIFY,
196,23103,195,,depth/000196.npy,1,150.6,270.9,-1.0,-100.0,-100.0,-100.0,-22.0,70.0,0.0,0.0,0.0,0.0,0.0,80.0,0,0,0,0,WANDER_VERIFY,0.2196,0.2,0.4392,WANDER_VERIFY,
197,23218,196,,depth/000197.npy,1,154.2,288.0,-1.0,-100.0,-100.0,-100.0,-22.0,70.0,0.0,0.0,0.0,0.0,0.0,80.0,0,0,0,0,WANDER_VERIFY,0.2432,0.2354,0.4607,WANDER_VERIFY,
198,23334,197,,depth/000198.npy,1,153.1,247.3,-1.0,-100.0,-100.0,-100.0,-22.0,70.0,0.0,0.0,0.0,0.0,0.0,80.0,0,8,0,0,WANDER_CRUISE,0.251,0.2432,0.4902,WANDER_CRUISE,"SEG(8,6.4)"
199,23454,198,,depth/000198.npy,1,153.1,363.7,-1.0,-100.0,-100.0,-100.0,-22.0,70.0,0.0,0.0,0.0,0.0,0.0,80.0,0,8,0,0,WANDER_CRUISE,0.251,0.2432,0.4902,WANDER_CRUISE,
200,23576,199,,depth/000200.npy,1,155.4,315.2,-1.0,-100.0,-100.0,-100.0,-22.0,70.0,0.0,0.0,0.0,0.0,0.0,80.0,0,8,0,0,WANDER_CRUISE,0.2471,0.2354,0.4707,WANDER_CRUISE,
201,23690,200,,depth/000201.npy,1,152.3,262.8,-1.0,-100.0,-100.0,-100.0,-22.0,70.0,0.0,0.0,0.0,0.0,0.0,80.0,0,8,0,0,WANDER_CRUISE,0.2333,0.2313,0.4902,WANDER_CRUISE,
202,23798,201,,depth/000202.npy,1,152.5,209.6,-1.0,-100.0,-100.0,-100.0,-22.0,70.0,0.0,0.0,0.0,0.0,0.0,80.0,0,8,0,0,WANDER_CRUISE,0.2393,0.2412,0.4902,WANDER_CRUISE,
203,23919,202,,depth/000202.npy,1,152.5,328.6,-1.0,-100.0,-100.0,-100.0,-22.0,70.0,0.0,0.0,0.0,0.0,0.0,80.0,0,8,0,0,WANDER_CRUISE,0.2393,0.2412,0.4902,WANDER_CRUISE,
204,24029,203,,depth/000204.npy,1,158.4,293.6,-1.0,-100.0,-100.0,-100.0,-22.0,70.0,0.0,0.0,0.0,0.0,0.0,80.0,0,8,0,0,WANDER_CRUISE,0.2393,0.2471,0.502,WANDER_CRUISE,
205,24144,204,,depth/000205.npy,1,151.6,248.2,-1.0,-100.0,-100.0,-100.0,-22.0,70.0,0.0,0.0,0.0,0.0,0.0,80.0,0,8,0,0,WANDER_CRUISE,0.2393,0.2529,0.5059,WANDER_CRUISE,
206,24260,205,,depth/000206.npy,1,159.2,238.0,-1.0,-100.0,-100.0,-100.0,-22.0,70.0,0.0,0.0,0.0,0.0,0.0,80.0,0,8,0,0,WANDER_CRUISE,0.2393,0.251,0.5059,WANDER_CRUISE,
207,24378,206,,depth/000206.npy,1,159.2,348.3,-1.0,-100.0,-100.0,-100.0,-22.0,70.0,0.0,0.0,0.0,0.0,0.0,80.0,0,8,0,0,WANDER_CRUISE,0.2393,0.251,0.5059,WANDER_CRUISE,
208,24500,207,,depth/000208.npy,1,148.8,299.1,-1.0,-100.0,-100.0,-100.0,-22.0,70.0,0.0,0.0,0.0,0.0,0.0,80.0,0,8,0,0,WANDER_CRUISE,0.2588,0.2451,0.4746,WANDER_CRUISE,
209,24612,208,,depth/000209.npy,1,153.6,284.0,-1.0,-100.0,-100.0,-100.0,-22.0,70.0,0.0,0.0,0.0,0.0,0.0,80.0,0,8,0,0,WANDER_CRUISE,0.2471,0.2471,0.4863,WANDER_CRUISE,
210,24732,209,,depth/000210.npy,1,146.6,210.3,-1.0,-100.0,-100.0,-100.0,-22.0,70.0,0.0,0.0,0.0,0.0,0.0,80.0,0,8,0,0,WANDER_CRUISE,0.2313,0.2354,0.4863,WANDER_CRUISE,
211,24844,210,,depth/000210.npy,1,146.6,318.3,-1.0,-100.0,-100.0,-100.0,-22.0,70.0,0.0,0.0,0.0,0.0,0.0,79.0,0,8,0,0,WANDER_CRUISE,0.2313,0.2354,0.4863,WANDER_CRUISE,
212,24953,211,,depth/000212.npy,1,150.5,291.4,-1.0,-100.0,-100.0,-100.0,-22.0,70.0,0.0,0.0,0.0,0.0,0.0,79.0,0,8,0,0,WANDER_CRUISE,0.2393,0.2393,0.4902,WANDER_CRUISE,
213,25063,212,,depth/000213.npy,1,153.3,232.6,-1.0,-100.0,-100.0,-100.0,-22.0,70.0,0.0,0.0,0.0,0.0,0.0,79.0,0,8,0,0,WANDER_CRUISE,0.2157,0.2157,0.4746,WANDER_CRUISE,
214,25183,213,,depth/000214.npy,1,159.6,264.5,-1.0,-100.0,-100.0,-100.0,-22.0,70.0,0.0,0.0,0.0,0.0,0.0,79.0,0,8,0,0,WANDER_CRUISE,0.2235,0.2235,0.4922,WANDER_CRUISE,
215,25300,214,,depth/000214.npy,1,159.6,375.4,-1.0,-100.0,-100.0,-100.0,-22.0,70.0,0.0,0.0,0.0,0.0,0.0,79.0,0,8,0,0,WANDER_CRUISE,0.2235,0.2235,0.4922,WANDER_CRUISE,
216,25411,215,,depth/000216.npy,1,157.2,278.1,-1.0,-100.0,-100.0,-100.0,-22.0,70.0,0.0,0.0,0.0,0.0,0.0,79.0,0,8,0,0,WANDER_CRUISE,0.2274,0.2274,0.4941,WANDER_CRUISE,
217,25525,216,,depth/000217.npy,1,172.5,261.8,-1.0,-100.0,-100.0,-100.0,-22.0,70.0,0.0,0.0,0.0,0.0,0.0,79.0,0,8,0,0,WANDER_CRUISE,0.2235,0.2157,0.4824,WANDER_CRUISE,
218,25645,217,,depth/000218.npy,1,149.6,267.2,-1.0,-100.0,-100.0,-100.0,-22.0,70.0,0.0,0.0,0.0,0.0,0.0,79.0,0,8,0,0,WANDER_CRUISE,0.2274,0.2177,0.4902,WANDER_CRUISE,
219,25762,218,,depth/000218.npy,1,149.6,332.3,-1.0,-100.0,-100.0,-100.0,-22.0,70.0,0.0,0.0,0.0,0.0,0.0,79.0,0,8,0,0,WANDER_CRUISE,0.2274,0.2177,0.4902,WANDER_CRUISE,
220,25882,219,,depth/000220.npy,1,224.0,321.3,-1.0,-100.0,-100.0,-100.0,-22.0,70.0,0.0,0.0,0.0,0.0,0.0,79.0,0,8,0,0,WANDER_CRUISE,0.2235,0.2118,0.4824,WANDER_CRUISE,
221,25990,220,,depth/000220.npy,1,224.0,430.2,-1.0,-100.0,-100.0,-100.0,-22.0,70.0,0.0,0.0,0.0,0.0,0.0,79.0,0,8,0,0,WANDER_CRUISE,0.2235,0.2118,0.4824,WANDER_CRUISE,
222,26108,221,,depth/000222.npy,1,151.4,279.3,-1.0,-100.0,-100.0,-100.0,-22.0,70.0,0.0,0.0,0.0,0.0,0.0,79.0,0,8,0,0,WANDER_CRUISE,0.204,0.1843,0.4646,WANDER_CRUISE,
223,26220,222,,depth/000223.npy,1,133.5,289.1,-1.0,-100.0,-100.0,-100.0,-22.0,70.0,0.0,0.0,0.0,0.0,0.0,79.0,0,8,0,0,WANDER_CRUISE,0.2,0.1765,0.4686,WANDER_CRUISE,
224,26336,223,,depth/000224.npy,1,129.6,242.2,-1.0,-100.0,-100.0,-100.0,-22.0,70.0,0.0,0.0,0.0,0.0,0.0,79.0,0,8,0,0,WANDER_CRUISE,0.2177,0.1882,0.4707,WANDER_CRUISE,
225,26461,224,,depth/000225.npy,1,138.9,249.1,-1.0,-100.0,-100.0,-100.0,-22.0,70.0,0.0,0.0,0.0,0.0,0.0,79.0,0,8,0,0,WANDER_CRUISE,0.2,0.1843,0.4587,WANDER_CRUISE,
226,26585,225,,depth/000225.npy,1,138.9,365.9,-1.0,-100.0,-100.0,-100.0,-22.0,70.0,0.0,0.0,0.0,0.0,0.0,79.0,0,8,0,0,WANDER_CRUISE,0.2,0.1843,0.4587,WANDER_CRUISE,
227,26708,226,,depth/000227.npy,1,188.1,350.2,-1.0,-100.0,-100.0,-100.0,-22.0,70.0,0.0,0.0,0.0,0.0,0.0,79.0,0,8,0,0,WANDER_CRUISE,0.196,0.1804,0.4529,WANDER_CRUISE,
228,26834,227,,depth/000228.npy,1,153.4,273.3,-1.0,-100.0,-100.0,-100.0,-22.0,70.0,0.0,0.0,0.0,0.0,0.0,78.0,0,8,0,0,WANDER_CRUISE,0.2079,0.204,0.447,WANDER_CRUISE,
229,26958,228,,depth/000229.npy,1,117.0,228.0,-1.0,-100.0,-100.0,-100.0,-22.0,70.0,0.0,0.0,0.0,0.0,0.0,78.0,0,8,0,0,WANDER_CRUISE,0.2,0.1882,0.4392,WANDER_CRUISE,
230,27072,229,,depth/000230.npy,1,121.8,215.5,-1.0,-100.0,-100.0,-100.0,-22.0,70.0,0.0,0.0,0.0,0.0,0.0,78.0,0,8,0,0,WANDER_CRUISE,0.196,0.1843,0.4314,WANDER_CRUISE,
231,27189,230,,depth/000231.npy,1,122.8,261.0,-1.0,-100.0,-100.0,-100.0,-22.0,70.0,0.0,0.0,0.0,0.0,0.0,78.0,0,8,0,0,WANDER_CRUISE,0.196,0.1804,0.4255,WANDER_CRUISE,
232,27305,231,,depth/000232.npy,1,134.8,244.6,-1.0,-100.0,-100.0,-100.0,-22.0,70.0,0.0,0.0,0.0,0.0,0.0,78.0,0,8,0,0,WANDER_CRUISE,0.1921,0.1804,0.4431,WANDER_CRUISE,
233,27419,232,,depth/000233.npy,1,135.8,205.2,-1.0,-100.0,-100.0,-100.0,-22.0,70.0,0.0,0.0,0.0,0.0,0.0,78.0,0,8,0,0,WANDER_CRUISE,0.2393,0.2157,0.4236,WANDER_CRUISE,
234,27545,233,,depth/000234.npy,1,130.7,186.7,-1.0,-100.0,-100.0,-100.0,-22.0,70.0,0.0,0.0,0.0,0.0,0.0,78.0,0,8,0,0,WANDER_CRUISE,0.2118,0.204,0.4236,WANDER_CRUISE,
235,27663,234,,depth/000235.npy,1,118.5,169.8,-1.0,-100.0,-100.0,-100.0,-22.0,70.0,0.0,0.0,0.0,0.0,0.0,78.0,0,8,0,0,WANDER_CRUISE,0.2235,0.2118,0.4236,WANDER_CRUISE,
236,27778,235,,depth/000236.npy,1,119.7,181.1,-1.0,-100.0,-100.0,-100.0,-22.0,70.0,0.0,0.0,0.0,0.0,0.0,78.0,0,8,0,0,WANDER_CRUISE,0.2157,0.204,0.4119,WANDER_CRUISE,
237,27903,236,,depth/000237.npy,1,120.2,175.0,-1.0,-100.0,-100.0,-100.0,-22.0,70.0,0.0,0.0,0.0,0.0,0.0,78.0,0,8,0,0,WANDER_CRUISE,0.2,0.1882,0.4038,WANDER_CRUISE,
238,28016,237,,depth/000238.npy,1,121.7,226.4,-1.0,-100.0,-100.0,-100.0,-22.0,70.0,0.0,0.0,0.0,0.0,0.0,78.0,0,8,0,0,WANDER_CRUISE,0.196,0.1882,0.4038,WANDER_CRUISE,
239,28133,238,,depth/000239.npy,1,123.8,172.7,-1.0,-100.0,-100.0,-100.0,-22.0,70.0,0.0,0.0,0.0,0.0,0.0,78.0,0,8,0,0,WANDER_CRUISE,0.1921,0.1882,0.3999,WANDER_CRUISE,
240,28247,239,,depth/000239.npy,1,123.8,285.8,-1.0,-100.0,-100.0,-100.0,-22.0,70.0,0.0,0.0,0.0,0.0,0.0,78.0,0,8,0,0,WANDER_CRUISE,0.1921,0.1882,0.3999,WANDER_CRUISE,
241,28370,240,,depth/000241.npy,1,119.9,137.0,-1.0,-100.0,-100.0,-100.0,-22.0,70.0,0.0,0.0,0.0,0.0,0.0,78.0,0,8,0,0,WANDER_CRUISE,0.1882,0.1882,0.353,WANDER_CRUISE,
242,28494,241,,depth/000242.npy,1,123.8,135.4,-1.0,-100.0,-100.0,-100.0,-22.0,70.0,0.0,0.0,0.0,0.0,0.0,78.0,0,8,0,0,WANDER_CRUISE,0.1804,0.1804,0.3452,WANDER_CRUISE,
243,28612,242,,depth/000242.npy,1,123.8,248.8,-1.0,-100.0,-100.0,-100.0,-22.0,70.0,0.0,0.0,0.0,0.0,0.0,78.0,0,8,0,0,WANDER_CRUISE,0.1804,0.1804,0.3452,WANDER_CRUISE,
244,28727,243,,depth/000244.npy,1,166.9,265.1,-1.0,-100.0,-100.0,-100.0,-22.0,70.0,0.0,0.0,0.0,0.0,0.0,78.0,0,8,0,0,WANDER_CRUISE,0.1941,0.196,0.355,WANDER_CRUISE,
245,28851,244,,depth/000245.npy,1,121.7,222.7,-1.0,-100.0,-100.0,-100.0,-22.0,70.0,0.0,0.0,0.0,0.0,0.0,78.0,0,8,0,0,WANDER_CRUISE,0.1843,0.2,0.3511,WANDER_CRUISE,
246,28975,245,,depth/000246.npy,1,113.9,218.2,-1.0,-100.0,-100.0,-100.0,-22.0,70.0,0.0,0.0,0.0,0.0,0.0,77.0,0,8,0,0,WANDER_CRUISE,0.1746,0.1882,0.3491,WANDER_CRUISE,
247,29090,246,,depth/000247.npy,1,124.0,227.7,-1.0,-100.0,-100.0,-100.0,-21.0,70.0,0.0,0.0,0.0,0.0,0.0,77.0,0,8,0,0,WANDER_CRUISE,0.1804,0.1863,0.3452,WANDER_CRUISE,
248,29205,247,,depth/000248.npy,1,127.6,242.4,-1.0,-100.0,-100.0,-100.0,-21.0,70.0,0.0,0.0,0.0,0.0,0.0,77.0,0,8,0,0,WANDER_CRUISE,0.1804,0.1804,0.3491,WANDER_CRUISE,
249,29328,248,,depth/000249.npy,1,138.5,223.9,-1.0,-100.0,-100.0,-100.0,-21.0,70.0,0.0,0.0,0.0,0.0,0.0,77.0,0,8,0,0,WANDER_CRUISE,0.1686,0.1647,0.3254,WANDER_CRUISE,
250,29453,249,,depth/000250.npy,1,137.9,228.9,-1.0,-100.0,-100.0,-100.0,-21.0,70.0,0.0,0.0,0.0,0.0,0.0,77.0,0,8,0,0,WANDER_CRUISE,0.1804,0.1647,0.302,WANDER_CRUISE,
251,29572,250,,depth/000250.npy,1,137.9,344.6,-1.0,-100.0,-100.0,-100.0,-21.0,70.0,0.0,0.0,0.0,0.0,0.0,77.0,0,8,0,0,WANDER_CRUISE,0.1804,0.1647,0.302,WANDER_CRUISE,
252,29697,251,,depth/000252.npy,1,162.4,291.1,-1.0,-100.0,-100.0,-100.0,-21.0,70.0,0.0,0.0,0.0,0.0,0.0,77.0,0,0,0,-40,WANDER_TURN,0.1686,0.1647,0.3098,WANDER_TURN,"TURN(L,41,free)"
253,29811,252,,depth/000253.npy,1,117.6,246.1,-1.0,-100.0,-100.0,-100.0,-22.0,70.0,0.0,0.0,0.0,0.0,0.0,77.0,0,0,0,-40,WANDER_TURN,0.1765,0.149,0.2804,WANDER_TURN,
254,29926,253,,depth/000254.npy,1,139.5,301.6,-1.0,-100.0,-100.0,-100.0,-24.0,70.0,0.0,0.0,0.0,0.0,0.0,77.0,0,0,0,-40,WANDER_TURN,0.1647,0.1451,0.2825,WANDER_TURN,
255,30044,254,,depth/000255.npy,1,149.6,272.9,-1.0,-100.0,-100.0,-100.0,-29.0,70.0,0.0,0.0,0.0,0.0,0.0,77.0,0,0,0,-40,WANDER_TURN,0.1686,0.1569,0.2825,WANDER_TURN,
256,30159,255,,depth/000256.npy,1,127.9,226.9,-1.0,-100.0,-100.0,-100.0,-31.0,70.0,0.0,0.0,0.0,0.0,0.0,77.0,0,0,0,-40,WANDER_TURN,0.149,0.1059,0.304,WANDER_TURN,
257,30282,256,,depth/000257.npy,1,117.5,177.8,-1.0,-100.0,-100.0,-100.0,-34.0,70.0,0.0,0.0,0.0,0.0,0.0,77.0,0,0,0,-40,WANDER_TURN,0.1098,0.098,0.4746,WANDER_TURN,
258,30407,257,,depth/000258.npy,1,128.0,179.1,-1.0,-100.0,-100.0,-100.0,-37.0,70.0,0.0,0.0,0.0,0.0,0.0,77.0,0,0,0,-40,WANDER_TURN,0.098,0.0902,0.4746,WANDER_TURN,
259,30524,258,,depth/000259.npy,1,138.3,230.1,-1.0,-100.0,-100.0,-100.0,-39.0,70.0,0.0,0.0,0.0,0.0,0.0,77.0,0,0,0,-40,WANDER_TURN,0.0569,0.0471,0.4236,WANDER_TURN,
260,30639,259,,depth/000259.npy,1,138.3,344.3,-1.0,-100.0,-100.0,-100.0,-45.0,70.0,0.0,0.0,0.0,0.0,0.0,77.0,0,0,0,-40,WANDER_TURN,0.0569,0.0471,0.4236,WANDER_TURN,
261,30764,260,,depth/000261.npy,1,125.4,332.8,-1.0,-100.0,-100.0,-100.0,-47.0,70.0,0.0,0.0,0.0,0.0,0.0,76.0,0,0,0,-40,WANDER_TURN,0.0235,0.0549,0.1647,WANDER_TURN,
262,30889,261,,depth/000262.npy,1,148.2,262.2,-1.0,-100.0,-100.0,-100.0,-50.0,70.0,0.0,0.0,0.0,0.0,0.0,76.0,0,0,0,-40,WANDER_TURN,0.0235,0.0706,0.1255,WANDER_TURN,
263,31006,262,,depth/000263.npy,1,115.7,277.8,-1.0,-100.0,-100.0,-100.0,-52.0,70.0,0.0,0.0,0.0,0.0,0.0,76.0,0,0,0,-40,WANDER_TURN,0.0392,0.0863,0.1569,WANDER_TURN,
264,31121,263,,depth/000264.npy,1,122.6,255.6,-1.0,-100.0,-100.0,-100.0,-55.0,70.0,0.0,0.0,0.0,0.0,0.0,76.0,0,0,0,0,WANDER_VERIFY,0.0627,0.0823,0.1726,WANDER_VERIFY,
265,31245,264,,depth/000265.npy,1,148.1,280.0,-1.0,-100.0,-100.0,-100.0,-57.0,70.0,0.0,0.0,0.0,0.0,0.0,76.0,0,0,0,0,WANDER_VERIFY,0.0471,0.0706,0.1608,WANDER_VERIFY,
266,31370,265,,depth/000266.npy,1,125.8,261.5,-1.0,-100.0,-100.0,-100.0,-59.0,70.0,0.0,0.0,0.0,0.0,0.0,76.0,0,0,0,0,WANDER_VERIFY,0.1078,0.0706,0.1804,WANDER_VERIFY,
267,31487,266,,depth/000267.npy,1,113.6,227.1,-1.0,-100.0,-100.0,-100.0,-59.0,70.0,0.0,0.0,0.0,0.0,0.0,76.0,0,0,0,0,WANDER_VERIFY,0.1902,0.0667,0.196,WANDER_VERIFY,
268,31600,267,,depth/000268.npy,1,125.2,207.3,-1.0,-100.0,-100.0,-100.0,-59.0,70.0,0.0,0.0,0.0,0.0,0.0,76.0,0,0,0,0,WANDER_CRUISE,0.408,0.2274,0.2471,WANDER_CRUISE,"SEG(6,5.8)"
269,31725,268,,depth/000269.npy,1,118.2,267.9,-1.0,-100.0,-100.0,-100.0,-59.0,70.0,0.0,0.0,0.0,0.0,0.0,76.0,0,3,15,0,WANDER_CRUISE,0.4119,0.2235,0.2313,WANDER_CRUISE,
270,31843,269,,depth/000270.npy,1,117.8,225.2,-1.0,-100.0,-100.0,-100.0,-59.0,70.0,0.0,0.0,0.0,0.0,0.0,76.0,0,3,15,0,WANDER_CRUISE,0.4197,0.2118,0.2118,WANDER_CRUISE,
271,31960,270,,depth/000271.npy,1,155.9,237.4,-1.0,-100.0,-100.0,-100.0,-59.0,70.0,0.0,0.0,0.0,0.0,0.0,76.0,0,3,15,0,WANDER_CRUISE,0.4333,0.2079,0.204,WANDER_CRUISE,
272,32087,271,,depth/000272.npy,1,142.2,220.8,-1.0,-100.0,-100.0,-100.0,-59.0,70.0,0.0,0.0,0.0,0.0,0.0,76.0,0,3,15,0,WANDER_CRUISE,0.4431,0.2118,0.2,WANDER_CRUISE,
273,32203,272,,depth/000273.npy,1,118.8,179.1,-1.0,-100.0,-100.0,-100.0,-59.0,70.0,0.0,0.0,0.0,0.0,0.0,76.0,0,3,15,0,WANDER_CRUISE,0.4392,0.2098,0.202,WANDER_CRUISE,
274,32319,273,,depth/000274.npy,1,121.0,206.0,-1.0,-100.0,-100.0,-100.0,-59.0,70.0,0.0,0.0,0.0,0.0,0.0,76.0,0,3,15,0,WANDER_CRUISE,0.4353,0.2,0.1921,WANDER_CRUISE,
275,32434,274,,depth/000274.npy,1,121.0,318.6,-1.0,-100.0,-100.0,-100.0,-59.0,70.0,0.0,0.0,0.0,0.0,0.0,76.0,0,3,15,0,WANDER_CRUISE,0.4353,0.2,0.1921,WANDER_CRUISE,
276,32558,275,,depth/000276.npy,1,117.8,165.8,-1.0,-100.0,-100.0,-100.0,-59.0,70.0,0.0,0.0,0.0,0.0,0.0,76.0,0,3,15,0,WANDER_CRUISE,0.396,0.1647,0.1921,WANDER_CRUISE,
277,32673,276,,depth/000276.npy,1,117.8,282.2,-1.0,-100.0,-100.0,-100.0,-59.0,70.0,0.0,0.0,0.0,0.0,0.0,76.0,0,3,15,0,WANDER_CRUISE,0.396,0.1647,0.1921,WANDER_CRUISE,
278,32790,277,,depth/000278.npy,1,121.7,329.4,-1.0,-100.0,-100.0,-100.0,-59.0,70.0,0.0,0.0,0.0,0.0,0.0,75.0,0,3,15,0,WANDER_CRUISE,0.4236,0.204,0.204,WANDER_CRUISE,
279,32905,278,,depth/000279.npy,1,123.7,277.4,-1.0,-100.0,-100.0,-100.0,-59.0,70.0,0.0,0.0,0.0,0.0,0.0,75.0,0,6,0,0,WANDER_CRUISE,0.447,0.2157,0.2,WANDER_CRUISE,
280,33022,279,,depth/000280.npy,1,119.5,262.2,-1.0,-100.0,-100.0,-100.0,-59.0,70.0,0.0,0.0,0.0,0.0,0.0,75.0,0,6,0,0,WANDER_CRUISE,0.4548,0.2157,0.1941,WANDER_CRUISE,
281,33140,280,,depth/000281.npy,1,181.0,246.7,-1.0,-100.0,-100.0,-100.0,-59.0,70.0,0.0,0.0,0.0,0.0,0.0,75.0,0,6,0,0,WANDER_CRUISE,0.4275,0.2157,0.2059,WANDER_CRUISE,
282,33255,281,,depth/000282.npy,1,123.0,167.2,-1.0,-100.0,-100.0,-100.0,-59.0,70.0,0.0,0.0,0.0,0.0,0.0,75.0,0,6,0,0,WANDER_CRUISE,0.4587,0.2294,0.2157,WANDER_CRUISE,
283,33378,282,,depth/000283.npy,1,115.4,184.3,-1.0,-100.0,-100.0,-100.0,-59.0,70.0,0.0,0.0,0.0,0.0,0.0,75.0,0,6,0,0,WANDER_CRUISE,0.2549,0.051,0.196,WANDER_CRUISE,
284,33494,283,,depth/000284.npy,1,120.7,199.4,-1.0,-100.0,-100.0,-100.0,-59.0,70.0,0.0,0.0,0.0,0.0,0.0,75.0,0,6,0,0,WANDER_CRUISE,0.3765,0.1569,0.2196,WANDER_CRUISE,
285,33618,284,,depth/000285.npy,1,121.3,188.9,-1.0,-100.0,-100.0,-100.0,-59.0,70.0,0.0,0.0,0.0,0.0,0.0,75.0,0,6,0,0,WANDER_CRUISE,0.447,0.2255,0.2157,WANDER_CRUISE,
286,33742,285,,depth/000286.npy,1,118.8,179.5,-1.0,-100.0,-100.0,-100.0,-59.0,70.0,0.0,0.0,0.0,0.0,0.0,75.0,0,6,0,0,WANDER_CRUISE,0.4236,0.204,0.1921,WANDER_CRUISE,
287,33866,286,,depth/000287.npy,1,116.1,240.2,-1.0,-100.0,-100.0,-100.0,-59.0,70.0,0.0,0.0,0.0,0.0,0.0,75.0,0,6,0,0,WANDER_CRUISE,0.4392,0.2118,0.2118,WANDER_CRUISE,
288,33983,287,,depth/000288.npy,1,117.4,219.7,-1.0,-100.0,-100.0,-100.0,-59.0,70.0,0.0,0.0,0.0,0.0,0.0,75.0,0,6,0,0,WANDER_CRUISE,0.4509,0.2118,0.196,WANDER_CRUISE,
289,34107,288,,depth/000289.npy,1,125.1,210.3,-1.0,-100.0,-100.0,-100.0,-59.0,70.0,0.0,0.0,0.0,0.0,0.0,75.0,0,6,0,0,WANDER_CRUISE,0.4392,0.204,0.1882,WANDER_CRUISE,
290,34231,289,,depth/000290.npy,1,118.2,270.4,-1.0,-100.0,-100.0,-100.0,-59.0,70.0,0.0,0.0,0.0,0.0,0.0,75.0,0,6,0,0,WANDER_CRUISE,0.4197,0.1785,0.1804,WANDER_CRUISE,
291,34355,290,,depth/000291.npy,1,119.8,251.9,-1.0,-100.0,-100.0,-100.0,-59.0,70.0,0.0,0.0,0.0,0.0,0.0,75.0,0,6,0,0,WANDER_CRUISE,0.4353,0.1686,0.1726,WANDER_CRUISE,
292,34474,291,,depth/000292.npy,1,117.5,216.3,-1.0,-100.0,-100.0,-100.0,-59.0,70.0,0.0,0.0,0.0,0.0,0.0,75.0,0,6,0,0,WANDER_CRUISE,0.3352,0.1137,0.2118,WANDER_CRUISE,
293,34589,292,,depth/000293.npy,1,127.2,227.7,-1.0,-100.0,-100.0,-100.0,-59.0,70.0,0.0,0.0,0.0,0.0,0.0,75.0,0,6,0,0,WANDER_CRUISE,0.3882,0.153,0.2079,WANDER_CRUISE,
294,34713,293,,depth/000294.npy,1,120.1,253.6,-1.0,-100.0,-100.0,-100.0,-59.0,70.0,0.0,0.0,0.0,0.0,0.0,75.0,0,6,0,0,WANDER_CRUISE,0.4353,0.1785,0.1608,WANDER_CRUISE,
295,34838,294,,depth/000295.npy,1,118.0,242.9,-1.0,-100.0,-100.0,-100.0,-59.0,70.0,0.0,0.0,0.0,0.0,0.0,74.0,0,6,0,0,WANDER_CRUISE,0.447,0.1804,0.1647,WANDER_CRUISE,
296,34954,295,,depth/000296.npy,1,118.8,228.1,-1.0,-100.0,-100.0,-100.0,-59.0,70.0,0.0,0.0,0.0,0.0,0.0,74.0,0,6,0,0,WANDER_CRUISE,0.4587,0.1921,0.1726,WANDER_CRUISE,
297,35078,296,,depth/000297.npy,1,126.0,217.3,-1.0,-100.0,-100.0,-100.0,-59.0,70.0,0.0,0.0,0.0,0.0,0.0,74.0,0,6,0,0,WANDER_CRUISE,0.4197,0.1804,0.1569,WANDER_CRUISE,
298,35203,297,,depth/000298.npy,1,119.5,241.5,-1.0,-100.0,-100.0,-100.0,-59.0,70.0,0.0,0.0,0.0,0.0,0.0,74.0,0,6,0,0,WANDER_CRUISE,0.3687,0.1059,0.1608,WANDER_CRUISE,
299,35317,298,,depth/000298.npy,1,119.5,359.6,-1.0,-100.0,-100.0,-100.0,-59.0,70.0,0.0,0.0,0.0,0.0,0.0,74.0,0,6,0,0,WANDER_CRUISE,0.3687,0.1059,0.1608,WANDER_CRUISE,
300,35436,299,,depth/000300.npy,1,206.7,331.9,-1.0,-100.0,-100.0,-100.0,-59.0,70.0,0.0,0.0,0.0,0.0,0.0,74.0,0,6,0,0,WANDER_CRUISE,0.4197,0.1569,0.1608,WANDER_CRUISE,
301,35560,300,,depth/000301.npy,1,169.9,260.5,-1.0,-100.0,-100.0,-100.0,-59.0,70.0,0.0,0.0,0.0,0.0,0.0,74.0,0,6,0,0,WANDER_CRUISE,0.4236,0.2,0.2157,WANDER_CRUISE,
302,35678,301,,depth/000302.npy,1,147.8,221.9,-1.0,-100.0,-100.0,-100.0,-59.0,70.0,0.0,0.0,0.0,0.0,0.0,74.0,0,6,0,0,WANDER_CRUISE,0.4275,0.2,0.204,WANDER_CRUISE,
303,35792,302,,depth/000302.npy,1,147.8,343.2,-1.0,-100.0,-100.0,-100.0,-59.0,70.0,0.0,0.0,0.0,0.0,0.0,74.0,0,6,0,0,WANDER_CRUISE,0.4275,0.2,0.204,WANDER_CRUISE,
304,35906,303,,depth/000304.npy,1,163.3,278.9,-1.0,-100.0,-100.0,-100.0,-59.0,70.0,0.0,0.0,0.0,0.0,0.0,74.0,0,6,0,0,WANDER_CRUISE,0.4373,0.204,0.2,WANDER_CRUISE,
305,36010,304,,depth/000305.npy,1,153.7,214.8,-1.0,-100.0,-100.0,-100.0,-59.0,70.0,0.0,0.0,0.0,0.0,0.0,74.0,0,6,0,0,WANDER_CRUISE,0.3999,0.1843,0.2118,WANDER_CRUISE,
306,36127,305,,depth/000305.npy,1,153.7,332.3,-1.0,-100.0,-100.0,-100.0,-59.0,70.0,0.0,0.0,0.0,0.0,0.0,74.0,0,6,0,0,WANDER_CRUISE,0.3999,0.1843,0.2118,WANDER_CRUISE,
307,36233,306,,depth/000307.npy,1,168.4,280.2,-1.0,-100.0,-100.0,-100.0,-59.0,70.0,0.0,0.0,0.0,0.0,0.0,74.0,0,6,0,0,WANDER_CRUISE,0.3999,0.1843,0.204,WANDER_CRUISE,
308,36335,307,,depth/000308.npy,1,154.3,246.1,-1.0,-100.0,-100.0,-100.0,-59.0,70.0,0.0,0.0,0.0,0.0,0.0,74.0,0,6,0,0,WANDER_CRUISE,0.3999,0.1804,0.1726,WANDER_CRUISE,
309,36456,308,,depth/000308.npy,1,154.3,367.6,-1.0,-100.0,-100.0,-100.0,-59.0,70.0,0.0,0.0,0.0,0.0,0.0,74.0,0,6,0,0,WANDER_CRUISE,0.3999,0.1804,0.1726,WANDER_CRUISE,
310,36570,309,,depth/000310.npy,1,157.9,311.7,-1.0,-100.0,-100.0,-100.0,-60.0,70.0,0.0,0.0,0.0,0.0,0.0,74.0,0,6,0,0,WANDER_CRUISE,0.2942,0.1059,0.2196,WANDER_CRUISE,
311,36680,310,,depth/000311.npy,1,153.9,259.0,-1.0,-100.0,-100.0,-100.0,-60.0,70.0,0.0,0.0,0.0,0.0,0.0,74.0,0,6,0,0,WANDER_CRUISE,0.3726,0.1608,0.1882,WANDER_CRUISE,
312,36781,311,,depth/000312.npy,1,162.2,195.0,-1.0,-100.0,-100.0,-100.0,-60.0,70.0,0.0,0.0,0.0,0.0,0.0,74.0,0,6,0,0,WANDER_CRUISE,0.3333,0.149,0.1647,WANDER_CRUISE,
313,36884,312,,depth/000312.npy,1,162.2,293.6,-1.0,-100.0,-100.0,-100.0,-60.0,70.0,0.0,0.0,0.0,0.0,0.0,73.0,0,6,0,0,WANDER_CRUISE,0.3333,0.149,0.1647,WANDER_CRUISE,
314,36990,313,,depth/000314.npy,1,155.1,232.0,-1.0,-100.0,-100.0,-100.0,-60.0,70.0,0.0,0.0,0.0,0.0,0.0,73.0,0,6,0,0,WANDER_CRUISE,0.3491,0.1569,0.1765,WANDER_CRUISE,
315,37114,314,,depth/000315.npy,1,158.3,224.9,-1.0,-100.0,-100.0,-100.0,-59.0,70.0,0.0,0.0,0.0,0.0,0.0,73.0,0,6,0,0,WANDER_CRUISE,0.3765,0.1686,0.1921,WANDER_CRUISE,
316,37226,315,,depth/000315.npy,1,158.3,335.1,-1.0,-100.0,-100.0,-100.0,-59.0,70.0,0.0,0.0,0.0,0.0,0.0,73.0,0,6,0,0,WANDER_CRUISE,0.3765,0.1686,0.1921,WANDER_CRUISE,
317,37338,316,,depth/000317.npy,1,153.4,340.8,-1.0,-100.0,-100.0,-100.0,-59.0,70.0,0.0,0.0,0.0,0.0,0.0,73.0,0,6,0,0,WANDER_CRUISE,0.3411,0.1569,0.196,WANDER_CRUISE,
318,37447,317,,depth/000318.npy,1,155.1,283.0,-1.0,-100.0,-100.0,-100.0,-59.0,70.0,0.0,0.0,0.0,0.0,0.0,73.0,0,0,0,40,WANDER_TURN,0.2666,0.1255,0.1804,WANDER_TURN,"TURN(R,44,free)"
319,37571,318,,depth/000319.npy,1,153.7,250.6,-1.0,-100.0,-100.0,-100.0,-59.0,70.0,0.0,0.0,0.0,0.0,0.0,73.0,0,0,0,40,WANDER_TURN,0.3589,0.1686,0.196,WANDER_TURN,
320,37683,319,,depth/000319.npy,1,153.7,359.1,-1.0,-100.0,-100.0,-100.0,-57.0,70.0,0.0,0.0,0.0,0.0,0.0,73.0,0,0,0,40,WANDER_TURN,0.3589,0.1686,0.196,WANDER_TURN,
321,37795,320,,depth/000321.npy,1,156.5,303.1,-1.0,-100.0,-100.0,-100.0,-55.0,70.0,0.0,0.0,0.0,0.0,0.0,73.0,0,0,0,40,WANDER_TURN,0.3452,0.1686,0.1921,WANDER_TURN,
322,37905,321,,depth/000322.npy,1,155.6,247.3,-1.0,-100.0,-100.0,-100.0,-53.0,70.0,0.0,0.0,0.0,0.0,0.0,73.0,0,0,0,40,WANDER_TURN,0.3215,0.1647,0.1765,WANDER_TURN,
323,38032,322,,depth/000323.npy,1,159.4,211.9,-1.0,-100.0,-100.0,-100.0,-48.0,70.0,0.0,0.0,0.0,0.0,0.0,73.0,0,0,0,40,WANDER_TURN,0.1726,0.1372,0.196,WANDER_TURN,
324,38160,323,,depth/000323.npy,1,159.4,333.6,-1.0,-100.0,-100.0,-100.0,-46.0,70.0,0.0,0.0,0.0,0.0,0.0,73.0,0,0,0,40,WANDER_TURN,0.1726,0.1372,0.196,WANDER_TURN,
325,38282,324,,depth/000325.npy,1,147.9,319.1,-1.0,-100.0,-100.0,-100.0,-44.0,70.0,0.0,0.0,0.0,0.0,0.0,73.0,0,0,0,40,WANDER_TURN,0.0392,0.0549,0.1333,WANDER_TURN,
326,38401,325,,depth/000326.npy,1,151.3,296.0,-1.0,-100.0,-100.0,-100.0,-39.0,70.0,0.0,0.0,0.0,0.0,0.0,73.0,0,0,0,40,WANDER_TURN,0.0235,0.0627,0.1294,WANDER_TURN,
327,38519,326,,depth/000327.npy,1,139.9,228.5,-1.0,-100.0,-100.0,-100.0,-37.0,70.0,0.0,0.0,0.0,0.0,0.0,73.0,0,0,0,40,WANDER_TURN,0.0118,0.0392,0.0863,WANDER_TURN,
328,38628,327,,depth/000328.npy,1,152.9,232.7,-1.0,-100.0,-100.0,-100.0,-35.0,70.0,0.0,0.0,0.0,0.0,0.0,73.0,0,0,0,40,WANDER_TURN,0.051,0.0902,0.1294,WANDER_TURN,
329,38739,328,,depth/000328.npy,1,152.9,344.7,-1.0,-100.0,-100.0,-100.0,-32.0,70.0,0.0,0.0,0.0,0.0,0.0,73.0,0,0,0,40,WANDER_TURN,0.051,0.0902,0.1294,WANDER_TURN,
330,38850,329,,depth/000330.npy,1,156.8,287.9,-1.0,-100.0,-100.0,-100.0,-30.0,70.0,0.0,0.0,0.0,0.0,0.0,72.0,0,0,0,40,WANDER_TURN,0.0588,0.0745,0.1941,WANDER_TURN,
331,38963,330,,depth/000331.npy,1,159.1,312.2,-1.0,-100.0,-100.0,-100.0,-28.0,70.0,0.0,0.0,0.0,0.0,0.0,72.0,0,0,0,40,WANDER_TURN,0.0353,0.0432,0.447,WANDER_TURN,
332,39076,331,,depth/000331.npy,1,159.1,424.3,-1.0,-100.0,-100.0,-100.0,-26.0,70.0,0.0,0.0,0.0,0.0,0.0,72.0,0,0,0,40,WANDER_TURN,0.0353,0.0432,0.447,WANDER_TURN,
333,39182,332,,depth/000333.npy,1,152.7,272.8,-1.0,-100.0,-100.0,-100.0,-23.0,70.0,0.0,0.0,0.0,0.0,0.0,72.0,0,0,0,40,WANDER_TURN,0.098,0.0902,0.3176,WANDER_TURN,
334,39301,333,,depth/000334.npy,1,156.5,245.3,-1.0,-100.0,-100.0,-100.0,-21.0,70.0,0.0,0.0,0.0,0.0,0.0,72.0,0,0,0,0,WANDER_VERIFY,0.1294,0.098,0.2098,WANDER_VERIFY,
335,39412,334,,depth/000335.npy,1,156.1,256.3,-1.0,-100.0,-100.0,-100.0,-19.0,70.0,0.0,0.0,0.0,0.0,0.0,72.0,0,0,0,0,WANDER_VERIFY,0.102,0.1059,0.0902,WANDER_VERIFY,
336,39518,335,,depth/000335.npy,1,156.1,359.3,-1.0,-100.0,-100.0,-100.0,-18.0,70.0,0.0,0.0,0.0,0.0,0.0,72.0,0,0,0,0,WANDER_VERIFY,0.102,0.1059,0.0902,WANDER_VERIFY,
337,39622,336,,depth/000337.npy,1,159.6,296.0,-1.0,-100.0,-100.0,-100.0,-18.0,70.0,0.0,0.0,0.0,0.0,0.0,72.0,0,0,0,0,WANDER_VERIFY,0.1255,0.2314,0.0784,WANDER_VERIFY,
338,39733,337,,depth/000338.npy,1,157.4,242.8,-1.0,-100.0,-100.0,-100.0,-18.0,70.0,0.0,0.0,0.0,0.0,0.0,72.0,0,0,0,0,WANDER_VERIFY,0.149,0.4707,0.153,WANDER_VERIFY,
339,39859,338,,depth/000338.npy,1,157.4,368.9,-1.0,-100.0,-100.0,-100.0,-18.0,70.0,0.0,0.0,0.0,0.0,0.0,72.0,0,0,0,0,WANDER_VERIFY,0.149,0.4707,0.153,WANDER_VERIFY,
340,39985,339,,depth/000340.npy,1,155.0,326.7,-1.0,-100.0,-100.0,-100.0,-18.0,70.0,0.0,0.0,0.0,0.0,0.0,72.0,0,0,0,0,WANDER_VERIFY,0.149,0.4707,0.149,WANDER_VERIFY,
341,40109,340,,depth/000341.npy,1,147.7,282.0,-1.0,-100.0,-100.0,-100.0,-18.0,70.0,0.0,0.0,0.0,0.0,0.0,72.0,0,0,0,0,WANDER_VERIFY,0.1294,0.4941,0.1588,WANDER_VERIFY,
342,40214,341,,depth/000342.npy,1,150.9,224.7,-1.0,-100.0,-100.0,-100.0,-18.0,70.0,0.0,0.0,0.0,0.0,0.0,72.0,0,0,0,0,WANDER_VERIFY,0.1255,0.4902,0.153,WANDER_VERIFY,
343,40323,342,,depth/000342.npy,1,150.9,335.2,-1.0,-100.0,-100.0,-100.0,-18.0,70.0,0.0,0.0,0.0,0.0,0.0,72.0,0,0,0,0,WANDER_VERIFY,0.1255,0.4902,0.153,WANDER_VERIFY,
344,40440,343,,depth/000344.npy,1,158.2,318.3,-1.0,-100.0,-100.0,-100.0,-18.0,70.0,0.0,0.0,0.0,0.0,0.0,72.0,0,0,0,0,WANDER_VERIFY,0.1333,0.498,0.153,WANDER_VERIFY,
345,40548,344,,depth/000345.npy,1,156.0,256.7,-1.0,-100.0,-100.0,-100.0,-18.0,70.0,0.0,0.0,0.0,0.0,0.0,72.0,0,0,0,0,WANDER_VERIFY,0.1098,0.5039,0.1059,WANDER_VERIFY,
346,40657,345,,depth/000346.npy,1,151.9,198.6,-1.0,-100.0,-100.0,-100.0,-18.0,70.0,0.0,0.0,0.0,0.0,0.0,72.0,0,0,0,0,WANDER_VERIFY,0.1137,0.502,0.1098,WANDER_VERIFY,
347,40760,346,,depth/000346.npy,1,151.9,315.2,-1.0,-100.0,-100.0,-100.0,-18.0,70.0,0.0,0.0,0.0,0.0,0.0,72.0,0,0,0,0,WANDER_VERIFY,0.1137,0.502,0.1098,WANDER_VERIFY,
348,40885,347,,depth/000348.npy,1,185.6,293.7,-1.0,-100.0,-100.0,-100.0,-18.0,70.0,0.0,0.0,0.0,0.0,0.0,71.0,0,0,0,0,WANDER_VERIFY,0.1177,0.5078,0.1216,WANDER_VERIFY,
349,41001,348,,depth/000349.npy,1,156.7,227.9,-1.0,-100.0,-100.0,-100.0,-18.0,70.0,0.0,0.0,0.0,0.0,0.0,71.0,0,0,0,0,WANDER_VERIFY,0.102,0.5098,0.1078,WANDER_VERIFY,
350,41126,349,,depth/000349.npy,1,156.7,351.4,-1.0,-100.0,-100.0,-100.0,-18.0,70.0,0.0,0.0,0.0,0.0,0.0,71.0,0,0,0,0,WANDER_VERIFY,0.102,0.5098,0.1078,WANDER_VERIFY,
351,41242,350,,depth/000351.npy,1,152.1,318.8,-1.0,-100.0,-100.0,-100.0,-18.0,70.0,0.0,0.0,0.0,0.0,0.0,71.0,0,0,0,0,WANDER_VERIFY,0.1177,0.502,0.1137,WANDER_VERIFY,
352,41351,351,,depth/000352.npy,1,153.9,256.1,-1.0,-100.0,-100.0,-100.0,-18.0,70.0,0.0,0.0,0.0,0.0,0.0,71.0,0,0,0,0,WANDER_VERIFY,0.1098,0.5176,0.1216,WANDER_VERIFY,
353,41470,352,,depth/000353.npy,1,171.3,223.7,-1.0,-100.0,-100.0,-100.0,-18.0,70.0,0.0,0.0,0.0,0.0,0.0,71.0,0,0,0,0,WANDER_VERIFY,0.1255,0.498,0.098,WANDER_VERIFY,
354,41578,353,,depth/000353.npy,1,171.3,321.6,-1.0,-100.0,-100.0,-100.0,-18.0,70.0,0.0,0.0,0.0,0.0,0.0,71.0,0,0,0,0,WANDER_VERIFY,0.1255,0.498,0.098,WANDER_VERIFY,
355,41690,354,,depth/000355.npy,1,178.9,278.5,-1.0,-100.0,-100.0,-100.0,-18.0,70.0,0.0,0.0,0.0,0.0,0.0,71.0,0,0,0,0,WANDER_VERIFY,0.1255,0.5098,0.1177,WANDER_VERIFY,
356,41808,355,,depth/000356.npy,1,158.3,225.7,-1.0,-100.0,-100.0,-100.0,-18.0,70.0,0.0,0.0,0.0,0.0,0.0,71.0,0,0,0,0,WANDER_VERIFY,0.1177,0.5332,0.1294,WANDER_VERIFY,
357,41914,356,,depth/000356.npy,1,158.3,324.6,-1.0,-100.0,-100.0,-100.0,-18.0,70.0,0.0,0.0,0.0,0.0,0.0,71.0,0,0,0,0,WANDER_VERIFY,0.1177,0.5332,0.1294,WANDER_VERIFY,
358,42033,357,,depth/000358.npy,1,157.7,305.1,-1.0,-100.0,-100.0,-100.0,-18.0,70.0,0.0,0.0,0.0,0.0,0.0,71.0,0,0,0,0,WANDER_VERIFY,0.1216,0.5176,0.1255,WANDER_VERIFY,
359,42151,358,,depth/000359.npy,1,154.2,227.3,-1.0,-100.0,-100.0,-100.0,-18.0,70.0,0.0,0.0,0.0,0.0,0.0,71.0,0,0,0,0,WANDER_VERIFY,0.1098,0.5332,0.1098,WANDER_VERIFY,
360,42268,359,,depth/000359.npy,1,154.2,469.9,-1.0,-100.0,-100.0,-100.0,-18.0,70.0,0.0,0.0,0.0,0.0,0.0,71.0,0,0,0,0,WANDER_VERIFY,0.1098,0.5332,0.1098,WANDER_VERIFY,
361,42422,360,,depth/000361.npy,1,231.4,363.4,-1.0,-100.0,-100.0,-100.0,-18.0,70.0,0.0,0.0,0.0,0.0,0.0,71.0,0,0,0,40,WANDER_TURN,0.1137,0.5215,0.1098,WANDER_TURN,"TURN(R,68,retry)"
362,42539,361,,depth/000362.npy,1,184.4,300.3,-1.0,-100.0,-100.0,-100.0,-18.0,70.0,0.0,0.0,0.0,0.0,0.0,71.0,0,0,0,40,WANDER_TURN,0.1177,0.498,0.0941,WANDER_TURN,
363,42650,362,,depth/000362.npy,1,184.4,408.4,-1.0,-100.0,-100.0,-100.0,-16.0,70.0,0.0,0.0,0.0,0.0,0.0,71.0,0,0,0,40,WANDER_TURN,0.1177,0.498,0.0941,WANDER_TURN,
364,42760,363,,depth/000364.npy,1,174.9,309.4,-1.0,-100.0,-100.0,-100.0,-13.0,70.0,0.0,0.0,0.0,0.0,0.0,71.0,0,0,0,40,WANDER_TURN,0.1098,0.5,0.102,WANDER_TURN,
365,42862,364,,depth/000365.npy,1,154.5,205.9,-1.0,-100.0,-100.0,-100.0,-11.0,70.0,0.0,0.0,0.0,0.0,0.0,71.0,0,0,0,40,WANDER_TURN,0.1255,0.4785,0.0667,WANDER_TURN,
366,42967,365,,depth/000365.npy,1,154.5,304.9,-1.0,-100.0,-100.0,-100.0,-8.0,70.0,0.0,0.0,0.0,0.0,0.0,71.0,0,0,0,40,WANDER_TURN,0.1255,0.4785,0.0667,WANDER_TURN,
367,43084,366,,depth/000367.npy,1,172.3,275.7,-1.0,-100.0,-100.0,-100.0,-6.0,70.0,0.0,0.0,0.0,0.0,0.0,71.0,0,0,0,40,WANDER_TURN,0.149,0.3726,0.1647,WANDER_TURN,
368,43202,367,,depth/000368.npy,1,162.9,215.6,-1.0,-100.0,-100.0,-100.0,-3.0,70.0,0.0,0.0,0.0,0.0,0.0,71.0,0,0,0,40,WANDER_TURN,0.153,0.2274,0.2118,WANDER_TURN,
369,43310,368,,depth/000368.npy,1,162.9,314.3,-1.0,-100.0,-100.0,-100.0,-1.0,70.0,0.0,0.0,0.0,0.0,0.0,71.0,0,0,0,40,WANDER_TURN,0.153,0.2274,0.2118,WANDER_TURN,
370,43419,369,,depth/000370.npy,1,150.8,311.0,-1.0,-100.0,-100.0,-100.0,1.0,70.0,0.0,0.0,0.0,0.0,0.0,71.0,0,0,0,40,WANDER_TURN,0.2393,0.2079,0.2354,WANDER_TURN,
371,43531,370,,depth/000371.npy,1,152.9,233.3,-1.0,-100.0,-100.0,-100.0,3.0,70.0,0.0,0.0,0.0,0.0,0.0,71.0,0,0,0,40,WANDER_TURN,0.3647,0.1569,0.1882,WANDER_TURN,
372,43640,371,,depth/000371.npy,1,152.9,352.1,-1.0,-100.0,-100.0,-100.0,8.0,70.0,0.0,0.0,0.0,0.0,0.0,71.0,0,0,0,40,WANDER_TURN,0.3647,0.1569,0.1882,WANDER_TURN,
373,43749,372,,depth/000373.npy,1,156.2,321.1,-1.0,-100.0,-100.0,-100.0,10.0,70.0,0.0,0.0,0.0,0.0,0.0,71.0,0,0,0,40,WANDER_TURN,0.5747,0.153,0.1882,WANDER_TURN,
374,43862,373,,depth/000374.npy,1,155.3,230.7,-1.0,-100.0,-100.0,-100.0,12.0,70.0,0.0,0.0,0.0,0.0,0.0,71.0,0,0,0,40,WANDER_TURN,0.4392,0.2118,0.1843,WANDER_TURN,
375,43972,374,,depth/000375.npy,1,154.5,215.8,-1.0,-100.0,-100.0,-100.0,15.0,70.0,0.0,0.0,0.0,0.0,0.0,71.0,0,0,0,40,WANDER_TURN,0.2981,0.204,0.1627,WANDER_TURN,
376,44076,375,,depth/000375.npy,1,154.5,315.9,-1.0,-100.0,-100.0,-100.0,17.0,70.0,0.0,0.0,0.0,0.0,0.0,71.0,0,0,0,40,WANDER_TURN,0.2981,0.204,0.1627,WANDER_TURN,
377,44188,376,,depth/000377.npy,1,155.5,272.9,-1.0,-100.0,-100.0,-100.0,19.0,70.0,0.0,0.0,0.0,0.0,0.0,71.0,0,0,0,40,WANDER_TURN,0.2744,0.2,0.1451,WANDER_TURN,
378,44297,377,,depth/000378.npy,1,158.7,236.8,-1.0,-100.0,-100.0,-100.0,22.0,70.0,0.0,0.0,0.0,0.0,0.0,71.0,0,0,0,40,WANDER_TURN,0.2588,0.2432,0.1882,WANDER_TURN,
379,44417,378,,depth/000378.npy,1,158.7,354.3,-1.0,-100.0,-100.0,-100.0,24.0,70.0,0.0,0.0,0.0,0.0,0.0,71.0,0,0,0,40,WANDER_TURN,0.2588,0.2432,0.1882,WANDER_TURN,
380,44544,379,,depth/000380.npy,1,158.2,312.2,-1.0,-100.0,-100.0,-100.0,27.0,70.0,0.0,0.0,0.0,0.0,0.0,71.0,0,0,0,40,WANDER_TURN,0.3254,0.2942,0.2216,WANDER_TURN,
381,44663,380,,depth/000381.npy,1,154.5,266.9,-1.0,-100.0,-100.0,-100.0,32.0,70.0,0.0,0.0,0.0,0.0,0.0,71.0,0,0,0,40,WANDER_TURN,0.4275,0.3687,0.2922,WANDER_TURN,
382,44768,381,,depth/000382.npy,1,149.0,208.2,-1.0,-100.0,-100.0,-100.0,32.0,70.0,0.0,0.0,0.0,0.0,0.0,71.0,0,0,0,40,WANDER_TURN,0.4275,0.3411,0.2981,WANDER_TURN,
383,44880,382,,depth/000382.npy,1,149.0,321.5,-1.0,-100.0,-100.0,-100.0,37.0,70.0,0.0,0.0,0.0,0.0,0.0,71.0,0,0,0,40,WANDER_TURN,0.4275,0.3411,0.2981,WANDER_TURN,
384,45002,383,,depth/000384.npy,1,155.7,343.5,-1.0,-100.0,-100.0,-100.0,40.0,70.0,0.0,0.0,0.0,0.0,0.0,71.0,0,0,0,40,WANDER_TURN,0.4353,0.3137,0.302,WANDER_TURN,
385,45113,384,,depth/000385.npy,1,157.0,245.7,-1.0,-100.0,-100.0,-100.0,43.0,70.0,0.0,0.0,0.0,0.0,0.0,71.0,0,0,0,0,WANDER_VERIFY,0.4353,0.2942,0.2883,WANDER_VERIFY,
386,45221,385,,depth/000386.npy,1,150.5,197.4,-1.0,-100.0,-100.0,-100.0,45.0,70.0,0.0,0.0,0.0,0.0,0.0,71.0,0,0,0,0,WANDER_VERIFY,0.4158,0.2981,0.3687,WANDER_VERIFY,
387,45325,386,,depth/000386.npy,1,150.5,298.3,-1.0,-100.0,-100.0,-100.0,47.0,70.0,0.0,0.0,0.0,0.0,0.0,71.0,0,0,0,0,WANDER_VERIFY,0.4158,0.2981,0.3687,WANDER_VERIFY,
388,45436,387,,depth/000388.npy,1,157.9,272.8,-1.0,-100.0,-100.0,-100.0,48.0,70.0,0.0,0.0,0.0,0.0,0.0,71.0,0,0,0,0,WANDER_VERIFY,0.3921,0.3,0.4236,WANDER_VERIFY,
389,45561,388,,depth/000389.npy,1,151.2,265.0,-1.0,-100.0,-100.0,-100.0,48.0,70.0,0.0,0.0,0.0,0.0,0.0,71.0,0,0,0,0,WANDER_VERIFY,0.3569,0.2922,0.4902,WANDER_VERIFY,
390,45674,389,,depth/000390.npy,1,156.1,218.2,-1.0,-100.0,-100.0,-100.0,48.0,70.0,0.0,0.0,0.0,0.0,0.0,71.0,0,0,0,0,WANDER_VERIFY,0.3608,0.2903,0.4844,WANDER_VERIFY,
391,45801,390,,depth/000390.npy,1,156.1,345.2,-1.0,-100.0,-100.0,-100.0,47.0,70.0,0.0,0.0,0.0,0.0,0.0,71.0,0,0,0,0,WANDER_VERIFY,0.3608,0.2903,0.4844,WANDER_VERIFY,
392,45918,391,,depth/000392.npy,1,147.8,293.9,-1.0,-100.0,-100.0,-100.0,48.0,70.0,0.0,0.0,0.0,0.0,0.0,71.0,0,0,0,0,WANDER_CRUISE,0.3569,0.2903,0.498,WANDER_CRUISE,"SEG(7,5.0)"
393,46031,392,,depth/000393.npy,1,164.0,272.9,-1.0,-100.0,-100.0,-100.0,47.0,70.0,0.0,0.0,0.0,0.0,0.0,71.0,0,7,0,0,WANDER_CRUISE,0.353,0.2903,0.502,WANDER_CRUISE,
394,46150,393,,depth/000394.npy,1,148.4,228.3,-1.0,-100.0,-100.0,-100.0,47.0,70.0,0.0,0.0,0.0,0.0,0.0,71.0,0,7,0,0,WANDER_CRUISE,0.3569,0.2903,0.502,WANDER_CRUISE,
395,46251,394,,depth/000394.npy,1,148.4,328.2,-1.0,-100.0,-100.0,-100.0,47.0,70.0,0.0,0.0,0.0,0.0,0.0,71.0,0,7,0,0,WANDER_CRUISE,0.3569,0.2903,0.502,WANDER_CRUISE,
396,46371,395,,depth/000396.npy,1,158.2,340.2,-1.0,-100.0,-100.0,-100.0,47.0,70.0,0.0,0.0,0.0,0.0,0.0,71.0,0,7,0,0,WANDER_CRUISE,0.3569,0.2903,0.502,WANDER_CRUISE,
397,46492,396,,depth/000397.npy,1,153.2,299.2,-1.0,-100.0,-100.0,-100.0,47.0,70.0,0.0,0.0,0.0,0.0,0.0,71.0,0,7,0,0,WANDER_CRUISE,0.3608,0.2942,0.502,WANDER_CRUISE,
398,46612,397,,depth/000398.npy,1,148.9,255.8,-1.0,-100.0,-100.0,-100.0,47.0,70.0,0.0,0.0,0.0,0.0,0.0,71.0,0,7,0,0,WANDER_CRUISE,0.3569,0.2922,0.5137,WANDER_CRUISE,
399,46737,398,,depth/000399.npy,1,146.1,216.9,-1.0,-100.0,-100.0,-100.0,47.0,70.0,0.0,0.0,0.0,0.0,0.0,71.0,0,7,0,0,WANDER_CRUISE,0.3608,0.2922,0.5176,WANDER_CRUISE,
400,46866,399,,depth/000399.npy,1,146.1,342.3,-1.0,-100.0,-100.0,-100.0,47.0,70.0,0.0,0.0,0.0,0.0,0.0,70.0,0,7,0,0,WANDER_CRUISE,0.3608,0.2922,0.5176,WANDER_CRUISE,
401,46993,400,,depth/000401.npy,1,150.8,340.9,-1.0,-100.0,-100.0,-100.0,48.0,70.0,0.0,0.0,0.0,0.0,0.0,70.0,0,7,0,0,WANDER_CRUISE,0.353,0.2903,0.5176,WANDER_CRUISE,
402,47110,401,,depth/000402.npy,1,175.5,285.6,-1.0,-100.0,-100.0,-100.0,48.0,70.0,0.0,0.0,0.0,0.0,0.0,70.0,0,7,0,0,WANDER_CRUISE,0.353,0.2883,0.5156,WANDER_CRUISE,
403,47218,402,,depth/000403.npy,1,157.0,230.3,-1.0,-100.0,-100.0,-100.0,48.0,70.0,0.0,0.0,0.0,0.0,0.0,70.0,0,7,0,0,WANDER_CRUISE,0.3491,0.2883,0.5137,WANDER_CRUISE,
404,47333,403,,depth/000403.npy,1,157.0,339.4,-1.0,-100.0,-100.0,-100.0,48.0,70.0,0.0,0.0,0.0,0.0,0.0,70.0,0,7,0,0,WANDER_CRUISE,0.3491,0.2883,0.5137,WANDER_CRUISE,
405,47444,404,,depth/000405.npy,1,159.6,283.4,-1.0,-100.0,-100.0,-100.0,48.0,70.0,0.0,0.0,0.0,0.0,0.0,70.0,0,7,0,0,WANDER_CRUISE,0.3569,0.2961,0.5176,WANDER_CRUISE,
406,47548,405,,depth/000406.npy,1,155.7,258.8,-1.0,-100.0,-100.0,-100.0,48.0,70.0,0.0,0.0,0.0,0.0,0.0,70.0,0,7,0,0,WANDER_CRUISE,0.353,0.2922,0.5215,WANDER_CRUISE,
407,47660,406,,depth/000406.npy,1,155.7,376.9,-1.0,-100.0,-100.0,-100.0,48.0,70.0,0.0,0.0,0.0,0.0,0.0,70.0,0,7,0,0,WANDER_CRUISE,0.353,0.2922,0.5215,WANDER_CRUISE,
408,47776,407,,depth/000408.npy,1,153.9,281.9,-1.0,-100.0,-100.0,-100.0,48.0,70.0,0.0,0.0,0.0,0.0,0.0,70.0,0,7,0,0,WANDER_CRUISE,0.3491,0.2883,0.5176,WANDER_CRUISE,
409,47891,408,,depth/000409.npy,1,156.1,265.8,-1.0,-100.0,-100.0,-100.0,48.0,70.0,0.0,0.0,0.0,0.0,0.0,70.0,0,7,0,0,WANDER_CRUISE,0.3491,0.2883,0.5137,WANDER_CRUISE,
410,47997,409,,depth/000410.npy,1,155.8,239.0,-1.0,-100.0,-100.0,-100.0,48.0,70.0,0.0,0.0,0.0,0.0,0.0,70.0,0,7,0,0,WANDER_CRUISE,0.3491,0.2883,0.5215,WANDER_CRUISE,
411,48117,410,,depth/000410.npy,1,155.8,364.8,-1.0,-100.0,-100.0,-100.0,48.0,70.0,0.0,0.0,0.0,0.0,0.0,70.0,0,7,0,0,WANDER_CRUISE,0.3491,0.2883,0.5215,WANDER_CRUISE,
412,48223,411,,depth/000412.npy,1,151.7,297.2,-1.0,-100.0,-100.0,-100.0,48.0,70.0,0.0,0.0,0.0,0.0,0.0,70.0,0,7,0,0,WANDER_CRUISE,0.3411,0.2843,0.5176,WANDER_CRUISE,
413,48341,412,,depth/000413.npy,1,168.2,238.1,-1.0,-100.0,-100.0,-100.0,48.0,70.0,0.0,0.0,0.0,0.0,0.0,70.0,0,7,0,0,WANDER_CRUISE,0.3293,0.2843,0.5137,WANDER_CRUISE,
414,48452,413,,depth/000413.npy,1,168.2,349.3,-1.0,-100.0,-100.0,-100.0,48.0,70.0,0.0,0.0,0.0,0.0,0.0,70.0,0,7,0,0,WANDER_CRUISE,0.3293,0.2843,0.5137,WANDER_CRUISE,
415,48562,414,,depth/000415.npy,1,150.7,274.1,-1.0,-100.0,-100.0,-100.0,48.0,70.0,0.0,0.0,0.0,0.0,0.0,70.0,0,7,0,0,WANDER_CRUISE,0.3333,0.2883,0.5215,WANDER_CRUISE,
416,48666,415,,depth/000416.npy,1,158.3,229.5,-1.0,-100.0,-100.0,-100.0,48.0,70.0,0.0,0.0,0.0,0.0,0.0,70.0,0,7,0,0,WANDER_CRUISE,0.3333,0.2863,0.5215,WANDER_CRUISE,
417,48776,416,,depth/000417.npy,1,153.8,250.3,-1.0,-100.0,-100.0,-100.0,48.0,70.0,0.0,0.0,0.0,0.0,0.0,70.0,0,7,0,0,WANDER_CRUISE,0.3293,0.2843,0.5176,WANDER_CRUISE,
418,48894,417,,depth/000417.npy,1,153.8,364.0,-1.0,-100.0,-100.0,-100.0,48.0,70.0,0.0,0.0,0.0,0.0,0.0,70.0,0,7,0,0,WANDER_CRUISE,0.3293,0.2843,0.5176,WANDER_CRUISE,
419,49007,418,,depth/000419.npy,1,156.6,251.8,-1.0,-100.0,-100.0,-100.0,48.0,70.0,0.0,0.0,0.0,0.0,0.0,70.0,0,7,0,0,WANDER_CRUISE,0.3254,0.2864,0.5215,WANDER_CRUISE,
420,49125,419,,depth/000420.npy,1,155.4,246.7,-1.0,-100.0,-100.0,-100.0,48.0,70.0,0.0,0.0,0.0,0.0,0.0,70.0,0,7,0,0,WANDER_CRUISE,0.3176,0.2823,0.5078,WANDER_CRUISE,
421,49236,420,,depth/000420.npy,1,155.4,360.7,-1.0,-100.0,-100.0,-100.0,48.0,70.0,0.0,0.0,0.0,0.0,0.0,70.0,0,7,0,0,WANDER_CRUISE,0.3176,0.2823,0.5078,WANDER_CRUISE,
422,49347,421,,depth/000422.npy,1,155.5,324.2,-1.0,-100.0,-100.0,-100.0,48.0,70.0,0.0,0.0,0.0,0.0,0.0,70.0,0,7,0,0,WANDER_CRUISE,0.3176,0.2823,0.5176,WANDER_CRUISE,
423,49467,422,,depth/000423.npy,1,161.6,280.3,-1.0,-100.0,-100.0,-100.0,48.0,70.0,0.0,0.0,0.0,0.0,0.0,70.0,0,7,0,0,WANDER_CRUISE,0.302,0.2825,0.5215,WANDER_CRUISE,
424,49582,423,,depth/000424.npy,1,160.7,227.7,-1.0,-100.0,-100.0,-100.0,48.0,70.0,0.0,0.0,0.0,0.0,0.0,70.0,0,7,0,0,WANDER_CRUISE,0.3059,0.2903,0.5273,WANDER_CRUISE,
425,49683,424,,depth/000424.npy,1,160.7,331.0,-1.0,-100.0,-100.0,-100.0,48.0,70.0,0.0,0.0,0.0,0.0,0.0,70.0,0,7,0,0,WANDER_CRUISE,0.3059,0.2903,0.5273,WANDER_CRUISE,
426,49796,425,,depth/000426.npy,1,165.1,266.8,-1.0,-100.0,-100.0,-100.0,48.0,70.0,0.0,0.0,0.0,0.0,0.0,70.0,0,7,0,0,WANDER_CRUISE,0.2981,0.2825,0.5215,WANDER_CRUISE,
427,49902,426,,depth/000427.npy,1,164.2,214.5,-1.0,-100.0,-100.0,-100.0,48.0,70.0,0.0,0.0,0.0,0.0,0.0,70.0,0,7,0,0,WANDER_CRUISE,0.302,0.2864,0.5254,WANDER_CRUISE,
428,50004,427,,depth/000427.npy,1,164.2,313.1,-1.0,-100.0,-100.0,-100.0,48.0,70.0,0.0,0.0,0.0,0.0,0.0,70.0,0,7,0,0,WANDER_CRUISE,0.302,0.2864,0.5254,WANDER_CRUISE,
429,50114,428,,depth/000429.npy,1,155.8,286.8,-1.0,-100.0,-100.0,-100.0,48.0,70.0,0.0,0.0,0.0,0.0,0.0,70.0,0,7,0,0,WANDER_CRUISE,0.3059,0.2825,0.5293,WANDER_CRUISE,
430,50232,429,,depth/000430.npy,1,154.4,206.6,-1.0,-100.0,-100.0,-100.0,48.0,70.0,0.0,0.0,0.0,0.0,0.0,70.0,0,7,0,0,WANDER_CRUISE,0.3098,0.2864,0.5332,WANDER_CRUISE,
431,50358,430,,depth/000430.npy,1,154.4,339.0,-1.0,-100.0,-100.0,-100.0,48.0,70.0,0.0,0.0,0.0,0.0,0.0,70.0,0,7,0,0,WANDER_CRUISE,0.3098,0.2864,0.5332,WANDER_CRUISE,
432,50462,431,,depth/000432.npy,1,175.6,302.9,-1.0,-100.0,-100.0,-100.0,48.0,70.0,0.0,0.0,0.0,0.0,0.0,70.0,0,7,0,0,WANDER_CRUISE,0.3098,0.2744,0.5254,WANDER_CRUISE,
433,50576,432,,depth/000432.npy,1,175.6,434.5,-1.0,-100.0,-100.0,-100.0,48.0,70.0,0.0,0.0,0.0,0.0,0.0,70.0,0,7,0,0,WANDER_CRUISE,0.3098,0.2744,0.5254,WANDER_CRUISE,
434,50700,433,,depth/000434.npy,1,231.8,370.1,-1.0,-100.0,-100.0,-100.0,47.0,70.0,0.0,0.0,0.0,0.0,0.0,70.0,0,7,0,0,WANDER_CRUISE,0.302,0.2705,0.5254,WANDER_CRUISE,
435,50808,434,,depth/000435.npy,1,153.6,285.0,-1.0,-100.0,-100.0,-100.0,47.0,70.0,0.0,0.0,0.0,0.0,0.0,70.0,0,7,0,0,WANDER_CRUISE,0.3137,0.2783,0.5371,WANDER_CRUISE,
436,50913,435,,depth/000435.npy,1,153.6,391.6,-1.0,-100.0,-100.0,-100.0,47.0,70.0,0.0,0.0,0.0,0.0,0.0,70.0,0,0,0,-40,WANDER_TURN,0.3137,0.2783,0.5371,WANDER_TURN,"TURN(L,56,free)"
437,51027,436,,depth/000437.npy,1,181.3,333.8,-1.0,-100.0,-100.0,-100.0,47.0,70.0,0.0,0.0,0.0,0.0,0.0,70.0,0,0,0,-40,WANDER_TURN,0.3098,0.2825,0.5371,WANDER_TURN,
438,51139,437,,depth/000438.npy,1,167.0,277.9,-1.0,-100.0,-100.0,-100.0,47.0,70.0,0.0,0.0,0.0,0.0,0.0,70.0,0,0,0,-40,WANDER_TURN,0.3059,0.2825,0.5371,WANDER_TURN,
439,51250,438,,depth/000438.npy,1,167.0,395.1,-1.0,-100.0,-100.0,-100.0,44.0,70.0,0.0,0.0,0.0,0.0,0.0,70.0,0,0,0,-40,WANDER_TURN,0.3059,0.2825,0.5371,WANDER_TURN,
440,51356,439,,depth/000440.npy,1,202.4,279.2,-1.0,-100.0,-100.0,-100.0,41.0,70.0,0.0,0.0,0.0,0.0,0.0,70.0,0,0,0,-40,WANDER_TURN,0.2783,0.2627,0.5098,WANDER_TURN,
441,51476,440,,depth/000440.npy,1,202.4,396.6,-1.0,-100.0,-100.0,-100.0,39.0,70.0,0.0,0.0,0.0,0.0,0.0,70.0,0,0,0,-40,WANDER_TURN,0.2783,0.2627,0.5098,WANDER_TURN,
442,51594,441,,depth/000442.npy,1,195.3,402.1,-1.0,-100.0,-100.0,-100.0,36.0,70.0,0.0,0.0,0.0,0.0,0.0,70.0,0,0,0,-40,WANDER_TURN,0.3157,0.2903,0.4902,WANDER_TURN,
443,51715,442,,depth/000443.npy,1,170.4,296.9,-1.0,-100.0,-100.0,-100.0,34.0,70.0,0.0,0.0,0.0,0.0,0.0,70.0,0,0,0,-40,WANDER_TURN,0.3804,0.2804,0.408,WANDER_TURN,
444,51831,443,,depth/000443.npy,1,170.4,415.5,-1.0,-100.0,-100.0,-100.0,29.0,70.0,0.0,0.0,0.0,0.0,0.0,70.0,0,0,0,-40,WANDER_TURN,0.3804,0.2804,0.408,WANDER_TURN,
445,51957,444,,depth/000445.npy,1,170.1,295.5,-1.0,-100.0,-100.0,-100.0,27.0,70.0,0.0,0.0,0.0,0.0,0.0,70.0,0,0,0,-40,WANDER_TURN,0.4353,0.2823,0.3059,WANDER_TURN,
446,52065,445,,depth/000446.npy,1,166.6,278.2,-1.0,-100.0,-100.0,-100.0,24.0,70.0,0.0,0.0,0.0,0.0,0.0,70.0,0,0,0,-40,WANDER_TURN,0.4509,0.2903,0.2903,WANDER_TURN,
447,52189,446,,depth/000446.npy,1,166.6,414.6,-1.0,-100.0,-100.0,-100.0,19.0,70.0,0.0,0.0,0.0,0.0,0.0,70.0,0,0,0,-40,WANDER_TURN,0.4509,0.2903,0.2903,WANDER_TURN,
448,52312,447,,depth/000448.npy,1,184.0,352.3,-1.0,-100.0,-100.0,-100.0,16.0,70.0,0.0,0.0,0.0,0.0,0.0,70.0,0,0,0,-40,WANDER_TURN,0.4707,0.3176,0.2864,WANDER_TURN,
449,52419,448,,depth/000449.npy,1,154.4,257.8,-1.0,-100.0,-100.0,-100.0,11.0,70.0,0.0,0.0,0.0,0.0,0.0,70.0,0,0,0,-40,WANDER_TURN,0.4509,0.3569,0.2903,WANDER_TURN,
450,52529,449,,depth/000450.npy,1,160.8,191.5,-1.0,-100.0,-100.0,-100.0,9.0,70.0,0.0,0.0,0.0,0.0,0.0,70.0,0,0,0,-40,WANDER_TURN,0.4314,0.3765,0.2864,WANDER_TURN,
451,52641,450,,depth/000450.npy,1,160.8,309.0,-1.0,-100.0,-100.0,-100.0,7.0,70.0,0.0,0.0,0.0,0.0,0.0,70.0,0,0,0,-40,WANDER_TURN,0.4314,0.3765,0.2864,WANDER_TURN,
452,52755,451,,depth/000452.npy,1,148.7,294.2,-1.0,-100.0,-100.0,-100.0,4.0,70.0,0.0,0.0,0.0,0.0,0.0,70.0,0,0,0,-40,WANDER_TURN,0.3452,0.3804,0.2705,WANDER_TURN,
453,52868,452,,depth/000453.npy,1,158.8,243.4,-1.0,-100.0,-100.0,-100.0,2.0,70.0,0.0,0.0,0.0,-1.0,0.0,70.0,0,0,0,-40,WANDER_TURN,0.3293,0.3647,0.2098,WANDER_TURN,
454,52969,453,,depth/000453.npy,1,158.8,345.0,-1.0,-100.0,-100.0,-100.0,0.0,70.0,0.0,0.0,0.0,-1.0,0.0,70.0,0,0,0,-40,WANDER_TURN,0.3293,0.3647,0.2098,WANDER_TURN,
455,53073,454,,depth/000455.npy,1,155.4,296.2,-1.0,-100.0,-100.0,-100.0,-2.0,70.0,0.0,0.0,0.0,-1.0,0.0,70.0,0,0,0,0,WANDER_VERIFY,0.2666,0.3608,0.2432,WANDER_VERIFY,
456,53185,455,,depth/000456.npy,1,161.7,256.1,-1.0,-100.0,-100.0,-100.0,-5.0,70.0,0.0,0.0,0.0,0.0,0.0,70.0,0,0,0,0,WANDER_VERIFY,0.2393,0.3452,0.2627,WANDER_VERIFY,
457,53308,456,,depth/000457.npy,1,161.6,283.1,-1.0,-100.0,-100.0,-100.0,-6.0,70.0,0.0,0.0,0.0,0.0,0.0,70.0,0,0,0,0,WANDER_VERIFY,0.1921,0.2235,0.1843,WANDER_VERIFY,
458,53411,457,,depth/000457.npy,1,161.6,384.4,-1.0,-100.0,-100.0,-100.0,-7.0,70.0,0.0,0.0,0.0,0.0,0.0,70.0,0,0,0,0,WANDER_VERIFY,0.1921,0.2235,0.1843,WANDER_VERIFY,
459,53522,458,,depth/000459.npy,1,159.3,229.3,-1.0,-100.0,-100.0,-100.0,-7.0,70.0,0.0,0.0,0.0,0.0,0.0,70.0,0,0,0,0,WANDER_VERIFY,0.2549,0.1804,0.2588,WANDER_VERIFY,
460,53636,459,,depth/000460.npy,1,153.9,241.7,-1.0,-100.0,-100.0,-100.0,-7.0,70.0,0.0,0.0,0.0,0.0,0.0,70.0,0,0,0,0,WANDER_VERIFY,0.2549,0.1588,0.2274,WANDER_VERIFY,
461,53756,460,,depth/000460.npy,1,153.9,366.4,-1.0,-100.0,-100.0,-100.0,-7.0,70.0,0.0,0.0,0.0,0.0,0.0,70.0,0,0,0,0,WANDER_VERIFY,0.2549,0.1588,0.2274,WANDER_VERIFY,
462,53867,461,,depth/000462.npy,1,151.4,310.6,-1.0,-100.0,-100.0,-100.0,-7.0,70.0,0.0,0.0,0.0,0.0,0.0,70.0,0,0,0,0,WANDER_CRUISE,0.2255,0.1372,0.2079,WANDER_CRUISE,"SEG(8,7.4)"
463,53978,462,,depth/000463.npy,1,152.0,248.3,-1.0,-100.0,-100.0,-100.0,-7.0,70.0,0.0,0.0,0.0,0.0,0.0,70.0,0,8,0,0,WANDER_CRUISE,0.2354,0.149,0.2157,WANDER_CRUISE,
464,54087,463,,depth/000464.npy,1,157.8,199.6,-1.0,-100.0,-100.0,-100.0,-7.0,70.0,0.0,0.0,0.0,0.0,0.0,70.0,0,8,0,0,WANDER_CRUISE,0.249,0.1569,0.2274,WANDER_CRUISE,
465,54188,464,,depth/000464.npy,1,157.8,301.7,-1.0,-100.0,-100.0,-100.0,-7.0,70.0,0.0,0.0,0.0,0.0,0.0,70.0,0,8,0,0,WANDER_CRUISE,0.249,0.1569,0.2274,WANDER_CRUISE,
466,54299,465,,depth/000466.npy,1,153.5,275.1,-1.0,-100.0,-100.0,-100.0,-7.0,70.0,0.0,0.0,0.0,0.0,0.0,70.0,0,8,0,0,WANDER_CRUISE,0.2235,0.1451,0.2079,WANDER_CRUISE,
467,54417,466,,depth/000467.npy,1,161.3,219.3,-1.0,-100.0,-100.0,-100.0,-7.0,70.0,0.0,0.0,0.0,0.0,0.0,70.0,0,8,0,0,WANDER_CRUISE,0.204,0.1372,0.1726,WANDER_CRUISE,
468,54539,467,,depth/000468.npy,1,143.7,183.8,-1.0,-100.0,-100.0,-100.0,-7.0,70.0,0.0,0.0,0.0,0.0,0.0,70.0,0,8,0,0,WANDER_CRUISE,0.2255,0.149,0.2118,WANDER_CRUISE,
469,54666,468,,depth/000468.npy,1,143.7,312.7,-1.0,-100.0,-100.0,-100.0,-7.0,70.0,0.0,0.0,0.0,0.0,0.0,70.0,0,8,0,0,WANDER_CRUISE,0.2255,0.149,0.2118,WANDER_CRUISE,
470,54788,469,,depth/000470.npy,1,154.1,261.0,-1.0,-100.0,-100.0,-100.0,-7.0,70.0,0.0,0.0,0.0,0.0,0.0,70.0,0,8,0,0,WANDER_CRUISE,0.2451,0.1569,0.2157,WANDER_CRUISE,
471,54896,470,,depth/000471.npy,1,153.7,267.1,-1.0,-100.0,-100.0,-100.0,-7.0,70.0,0.0,0.0,0.0,0.0,0.0,70.0,0,8,0,0,WANDER_CRUISE,0.2471,0.1569,0.2157,WANDER_CRUISE,
472,55005,471,,depth/000472.npy,1,158.7,214.5,-1.0,-100.0,-100.0,-100.0,-7.0,70.0,0.0,0.0,0.0,0.0,0.0,70.0,0,8,0,0,WANDER_CRUISE,0.251,0.149,0.2098,WANDER_CRUISE,
473,55133,472,,depth/000472.npy,1,158.7,344.6,-1.0,-100.0,-100.0,-100.0,-7.0,70.0,0.0,0.0,0.0,0.0,0.0,70.0,0,8,0,0,WANDER_CRUISE,0.251,0.149,0.2098,WANDER_CRUISE,
474,55260,473,,depth/000474.npy,1,156.2,266.2,-1.0,-100.0,-100.0,-100.0,-7.0,70.0,0.0,0.0,0.0,0.0,0.0,70.0,0,8,0,0,WANDER_CRUISE,0.2313,0.1372,0.1882,WANDER_CRUISE,
475,55376,474,,depth/000475.npy,1,158.1,274.1,-1.0,-100.0,-100.0,-100.0,-7.0,70.0,0.0,0.0,0.0,0.0,0.0,70.0,0,8,0,0,WANDER_CRUISE,0.2373,0.1451,0.2118,WANDER_CRUISE,
476,55490,475,,depth/000476.npy,1,152.2,266.1,-1.0,-100.0,-100.0,-100.0,-7.0,70.0,0.0,0.0,0.0,0.0,0.0,70.0,0,8,0,0,WANDER_CRUISE,0.2588,0.1647,0.2393,WANDER_CRUISE,
477,55606,476,,depth/000476.npy,1,152.2,387.9,-1.0,-100.0,-100.0,-100.0,-7.0,70.0,0.0,0.0,0.0,0.0,0.0,70.0,0,8,0,0,WANDER_CRUISE,0.2588,0.1647,0.2393,WANDER_CRUISE,
478,55710,477,,depth/000478.npy,1,147.3,306.9,-1.0,-100.0,-100.0,-100.0,-7.0,70.0,0.0,0.0,0.0,0.0,0.0,70.0,0,8,0,0,WANDER_CRUISE,0.2235,0.1412,0.2373,WANDER_CRUISE,
479,55831,478,,depth/000479.npy,1,158.9,272.0,-1.0,-100.0,-100.0,-100.0,-7.0,80.0,0.0,0.0,0.0,0.0,0.0,70.0,0,8,0,0,WANDER_CRUISE,0.204,0.1294,0.2274,WANDER_CRUISE,
480,55945,479,,depth/000480.npy,1,165.7,228.9,-1.0,-100.0,-100.0,-100.0,-7.0,80.0,0.0,0.0,0.0,0.0,0.0,70.0,0,8,0,0,WANDER_CRUISE,0.2313,0.1412,0.2354,WANDER_CRUISE,
481,56070,480,,depth/000480.npy,1,165.7,342.6,-1.0,-100.0,-100.0,-100.0,-7.0,80.0,0.0,0.0,0.0,0.0,0.0,70.0,0,8,0,0,WANDER_CRUISE,0.2313,0.1412,0.2354,WANDER_CRUISE,
482,56191,481,,depth/000482.npy,1,154.7,304.1,-1.0,-100.0,-100.0,-100.0,-7.0,80.0,0.0,0.0,0.0,0.0,0.0,70.0,0,8,0,0,WANDER_CRUISE,0.2354,0.1608,0.2393,WANDER_CRUISE,
483,56304,482,,depth/000483.npy,1,154.7,242.7,-1.0,-100.0,-100.0,-100.0,-7.0,80.0,0.0,0.0,0.0,0.0,0.0,70.0,0,8,0,0,WANDER_CRUISE,0.2274,0.1549,0.2313,WANDER_CRUISE,
484,56413,483,,depth/000484.npy,1,151.3,223.7,-1.0,-100.0,-100.0,-100.0,-7.0,80.0,0.0,0.0,0.0,0.0,0.0,70.0,0,8,0,0,WANDER_CRUISE,0.2313,0.1686,0.2235,WANDER_CRUISE,
485,56533,484,,depth/000484.npy,1,151.3,344.5,-1.0,-100.0,-100.0,-100.0,-7.0,80.0,0.0,0.0,0.0,0.0,0.0,70.0,0,8,0,0,WANDER_CRUISE,0.2313,0.1686,0.2235,WANDER_CRUISE,
486,56652,485,,depth/000486.npy,1,154.3,291.5,-1.0,-100.0,-100.0,-100.0,-7.0,80.0,0.0,0.0,0.0,0.0,0.0,70.0,0,8,0,0,WANDER_CRUISE,0.2549,0.1882,0.2549,WANDER_CRUISE,
487,56762,486,,depth/000487.npy,1,163.6,270.5,-1.0,-100.0,-100.0,-100.0,-7.0,70.0,0.0,0.0,0.0,0.0,0.0,70.0,0,8,0,0,WANDER_CRUISE,0.2471,0.1843,0.2549,WANDER_CRUISE,
488,56872,487,,depth/000487.npy,1,163.6,380.9,-1.0,-100.0,-100.0,-100.0,-7.0,70.0,0.0,0.0,0.0,0.0,0.0,70.0,0,8,0,0,WANDER_CRUISE,0.2471,0.1843,0.2549,WANDER_CRUISE,
489,56998,488,,depth/000489.npy,1,155.5,315.6,-1.0,-100.0,-100.0,-100.0,-7.0,70.0,0.0,0.0,0.0,0.0,0.0,70.0,0,8,0,0,WANDER_CRUISE,0.2666,0.2,0.2744,WANDER_CRUISE,
490,57116,489,,depth/000490.npy,1,159.9,260.8,-1.0,-100.0,-100.0,-100.0,-7.0,70.0,0.0,0.0,0.0,-1.0,0.0,70.0,0,8,0,0,WANDER_CRUISE,0.2588,0.2,0.2744,WANDER_CRUISE,
491,57229,490,,depth/000491.npy,1,155.9,239.8,-1.0,-100.0,-100.0,-100.0,-7.0,70.0,0.0,0.0,0.0,0.0,0.0,70.0,0,8,0,0,WANDER_CRUISE,0.2393,0.196,0.251,WANDER_CRUISE,
492,57340,491,,depth/000491.npy,1,155.9,350.1,-1.0,-100.0,-100.0,-100.0,-7.0,70.0,0.0,0.0,0.0,-1.0,0.0,70.0,0,8,0,0,WANDER_CRUISE,0.2393,0.196,0.251,WANDER_CRUISE,
493,57452,492,,depth/000493.npy,1,157.5,290.2,-1.0,-100.0,-100.0,-100.0,-7.0,70.0,0.0,0.0,0.0,-1.0,0.0,70.0,0,8,0,0,WANDER_CRUISE,0.251,0.2157,0.2432,WANDER_CRUISE,
494,57564,493,,depth/000494.npy,1,154.6,240.8,-1.0,-100.0,-100.0,-100.0,-7.0,70.0,0.0,0.0,0.0,0.0,0.0,70.0,0,8,0,0,WANDER_CRUISE,0.204,0.1843,0.204,WANDER_CRUISE,
495,57666,494,,depth/000495.npy,1,158.8,209.9,-1.0,-100.0,-100.0,-100.0,-7.0,70.0,0.0,0.0,0.0,-1.0,0.0,70.0,0,8,0,0,WANDER_CRUISE,0.2196,0.2,0.2274,WANDER_CRUISE,
496,57777,495,,depth/000495.npy,1,158.8,312.5,-1.0,-100.0,-100.0,-100.0,-7.0,70.0,0.0,0.0,0.0,-1.0,0.0,70.0,0,8,0,0,WANDER_CRUISE,0.2196,0.2,0.2274,WANDER_CRUISE,
497,57899,496,,depth/000497.npy,1,157.1,270.7,-1.0,-100.0,-100.0,-100.0,-7.0,70.0,0.0,0.0,0.0,-1.0,0.0,70.0,0,8,0,0,WANDER_CRUISE,0.2079,0.2,0.2274,WANDER_CRUISE,
498,58004,497,,depth/000498.npy,1,156.5,287.9,-1.0,-100.0,-100.0,-100.0,-7.0,70.0,0.0,0.0,0.0,0.0,0.0,70.0,0,8,0,0,WANDER_CRUISE,0.2157,0.2196,0.2432,WANDER_CRUISE,
499,58109,498,,depth/000498.npy,1,156.5,388.0,-1.0,-100.0,-100.0,-100.0,-7.0,70.0,0.0,0.0,0.0,0.0,0.0,70.0,0,8,0,0,WANDER_CRUISE,0.2157,0.2196,0.2432,WANDER_CRUISE,
500,58217,499,,depth/000500.npy,1,158.1,311.1,-1.0,-100.0,-100.0,-100.0,-7.0,70.0,0.0,0.0,0.0,-1.0,0.0,70.0,0,8,0,0,WANDER_CRUISE,0.2274,0.2451,0.2705,WANDER_CRUISE,
501,58335,500,,depth/000501.npy,1,152.4,247.3,-1.0,-100.0,-100.0,-100.0,-7.0,70.0,0.0,0.0,0.0,-1.0,0.0,70.0,0,8,0,0,WANDER_CRUISE,0.2157,0.2471,0.2588,WANDER_CRUISE,
502,58450,501,,depth/000502.npy,1,161.9,318.0,-1.0,-100.0,-100.0,-100.0,-7.0,70.0,0.0,0.0,0.0,0.0,0.0,70.0,0,8,0,0,WANDER_CRUISE,0.2079,0.2393,0.2549,WANDER_CRUISE,
503,58572,502,,depth/000502.npy,1,161.9,433.3,-1.0,-100.0,-100.0,-100.0,-7.0,70.0,0.0,0.0,0.0,-1.0,0.0,70.0,0,8,0,0,WANDER_CRUISE,0.2079,0.2393,0.2549,WANDER_CRUISE,
504,58690,503,,depth/000504.npy,1,153.7,332.4,-1.0,-100.0,-100.0,-100.0,-7.0,70.0,0.0,0.0,0.0,-1.0,0.0,70.0,0,8,0,0,WANDER_CRUISE,0.2294,0.2471,0.2627,WANDER_CRUISE,
505,58799,504,,depth/000505.npy,1,158.0,242.2,-1.0,-100.0,-100.0,-100.0,-7.0,70.0,0.0,0.0,0.0,-1.0,0.0,70.0,0,8,0,0,WANDER_CRUISE,0.2079,0.251,0.2588,WANDER_CRUISE,
506,58917,505,,depth/000506.npy,1,153.5,200.2,-1.0,-100.0,-100.0,-100.0,-7.0,70.0,0.0,0.0,0.0,-1.0,0.0,70.0,0,8,0,0,WANDER_CRUISE,0.1902,0.2393,0.251,WANDER_CRUISE,
507,59037,506,,depth/000506.npy,1,153.5,317.6,-1.0,-100.0,-100.0,-100.0,-7.0,70.0,0.0,0.0,0.0,-1.0,0.0,70.0,0,8,0,0,WANDER_CRUISE,0.1902,0.2393,0.251,WANDER_CRUISE,
508,59157,507,,depth/000508.npy,1,158.0,254.1,-1.0,-100.0,-100.0,-100.0,-7.0,70.0,0.0,0.0,0.0,-1.0,0.0,70.0,0,8,0,0,WANDER_CRUISE,0.196,0.2588,0.2588,WANDER_CRUISE,
509,59279,508,,depth/000509.npy,1,155.9,280.9,-1.0,-100.0,-100.0,-100.0,-7.0,70.0,0.0,0.0,0.0,-1.0,0.0,70.0,0,8,0,0,WANDER_CRUISE,0.1843,0.2588,0.2666,WANDER_CRUISE,
510,59382,509,,depth/000509.npy,1,155.9,395.4,-1.0,-100.0,-100.0,-100.0,-7.0,70.0,0.0,0.0,0.0,-1.0,0.0,70.0,0,8,0,0,WANDER_CRUISE,0.1843,0.2588,0.2666,WANDER_CRUISE,
511,59497,510,,depth/000511.npy,1,160.5,338.4,-1.0,-100.0,-100.0,-100.0,-7.0,70.0,0.0,0.0,0.0,0.0,0.0,70.0,0,8,0,0,WANDER_CRUISE,0.2666,0.3452,0.3452,WANDER_CRUISE,
512,59604,511,,depth/000512.npy,1,166.1,241.6,-1.0,-100.0,-100.0,-100.0,-7.0,70.0,0.0,0.0,0.0,0.0,0.0,70.0,0,8,0,0,WANDER_CRUISE,0.2118,0.3411,0.3452,WANDER_CRUISE,
513,59712,512,,depth/000512.npy,1,166.1,354.5,-1.0,-100.0,-100.0,-100.0,-7.0,70.0,0.0,0.0,0.0,0.0,0.0,70.0,0,8,0,0,WANDER_CRUISE,0.2118,0.3411,0.3452,WANDER_CRUISE,
514,59832,513,,depth/000514.npy,1,168.4,312.1,-1.0,-100.0,-100.0,-100.0,-7.0,70.0,0.0,0.0,0.0,0.0,0.0,70.0,0,8,0,0,WANDER_CRUISE,0.251,0.3647,0.3726,WANDER_CRUISE,
515,59939,514,,depth/000515.npy,1,160.9,282.0,-1.0,-100.0,-100.0,-100.0,-7.0,70.0,0.0,0.0,0.0,0.0,0.0,70.0,0,8,0,0,WANDER_CRUISE,0.2274,0.3293,0.3372,WANDER_CRUISE,
516,60059,515,,depth/000516.npy,1,158.7,230.6,-1.0,-100.0,-100.0,-100.0,-7.0,80.0,0.0,0.0,0.0,0.0,0.0,70.0,0,8,0,0,WANDER_CRUISE,0.2471,0.3491,0.3647,WANDER_CRUISE,
517,60186,516,,depth/000516.npy,1,158.7,359.3,-1.0,-100.0,-100.0,-100.0,-7.0,80.0,0.0,0.0,0.0,0.0,0.0,70.0,0,8,0,0,WANDER_CRUISE,0.2471,0.3491,0.3647,WANDER_CRUISE,
518,60302,517,,depth/000518.npy,1,157.4,314.7,-1.0,-100.0,-100.0,-100.0,-7.0,80.0,0.0,0.0,0.0,0.0,0.0,70.0,0,8,0,0,WANDER_CRUISE,0.2118,0.355,0.3726,WANDER_CRUISE,
519,60414,518,,depth/000519.npy,1,148.2,256.9,-1.0,-100.0,-100.0,-100.0,-7.0,80.0,0.0,0.0,0.0,0.0,0.0,70.0,0,8,0,0,WANDER_CRUISE,0.2118,0.3647,0.3647,WANDER_CRUISE,
520,60539,519,,depth/000520.npy,1,163.7,215.1,-1.0,-100.0,-100.0,-100.0,-7.0,80.0,0.0,0.0,0.0,0.0,0.0,70.0,0,8,0,0,WANDER_CRUISE,0.2157,0.3726,0.353,WANDER_CRUISE,
521,60663,520,,depth/000521.npy,1,148.4,205.3,-1.0,-100.0,-100.0,-100.0,-7.0,80.0,0.0,0.0,0.0,0.0,0.0,70.0,0,8,0,0,WANDER_CRUISE,0.2118,0.3804,0.3647,WANDER_CRUISE,
522,60783,521,,depth/000521.npy,1,148.4,456.5,-1.0,-100.0,-100.0,-100.0,-7.0,80.0,0.0,0.0,0.0,0.0,0.0,70.0,0,8,0,0,WANDER_CRUISE,0.2118,0.3804,0.3647,WANDER_CRUISE,
523,60944,522,,depth/000523.npy,1,258.3,318.2,-1.0,-100.0,-100.0,-100.0,-7.0,80.0,0.0,0.0,0.0,0.0,0.0,70.0,0,8,0,0,WANDER_CRUISE,0.2059,0.3843,0.3687,WANDER_CRUISE,
524,61066,523,,depth/000523.npy,1,258.3,442.0,-1.0,-100.0,-100.0,-100.0,-7.0,80.0,0.0,0.0,0.0,0.0,0.0,70.0,0,8,0,0,WANDER_CRUISE,0.2059,0.3843,0.3687,WANDER_CRUISE,
525,61186,524,,depth/000525.npy,1,161.0,460.2,-1.0,-100.0,-100.0,-100.0,-7.0,80.0,0.0,0.0,0.0,0.0,0.0,70.0,0,8,0,0,WANDER_CRUISE,0.2118,0.3765,0.353,WANDER_CRUISE,
526,61296,525,,depth/000526.npy,1,167.5,274.4,-1.0,-100.0,-100.0,-100.0,-7.0,80.0,0.0,0.0,0.0,0.0,0.0,70.0,0,0,0,-40,WANDER_TURN,0.2196,0.3999,0.3726,WANDER_TURN,"TURN(L,55,free)"
527,61416,526,,depth/000527.npy,1,151.7,229.8,-1.0,-100.0,-100.0,-100.0,-7.0,80.0,0.0,0.0,0.0,0.0,0.0,70.0,0,0,0,-40,WANDER_TURN,0.251,0.4197,0.3882,WANDER_TURN,
528,61528,527,,depth/000527.npy,1,151.7,339.6,-1.0,-100.0,-100.0,-100.0,-8.0,70.0,0.0,0.0,0.0,0.0,0.0,70.0,0,0,0,-40,WANDER_TURN,0.251,0.4197,0.3882,WANDER_TURN,
529,61637,528,,depth/000529.npy,1,159.9,280.3,-1.0,-100.0,-100.0,-100.0,-11.0,70.0,0.0,0.0,0.0,0.0,0.0,70.0,0,0,0,-40,WANDER_TURN,0.2274,0.4236,0.3843,WANDER_TURN,
530,61747,529,,depth/000530.npy,1,152.2,264.5,-1.0,-100.0,-100.0,-100.0,-14.0,70.0,0.0,0.0,0.0,0.0,0.0,70.0,0,0,0,-40,WANDER_TURN,0.2079,0.3452,0.3765,WANDER_TURN,
531,61853,530,,depth/000530.npy,1,152.2,365.2,-1.0,-100.0,-100.0,-100.0,-16.0,70.0,0.0,0.0,0.0,0.0,0.0,69.0,0,0,0,-40,WANDER_TURN,0.2079,0.3452,0.3765,WANDER_TURN,
532,61975,531,,depth/000532.npy,1,166.5,278.5,-1.0,-100.0,-100.0,-100.0,-19.0,70.0,0.0,0.0,0.0,0.0,0.0,69.0,0,0,0,-40,WANDER_TURN,0.3098,0.204,0.3491,WANDER_TURN,
533,62084,532,,depth/000533.npy,1,151.2,256.2,-1.0,-100.0,-100.0,-100.0,-24.0,70.0,0.0,0.0,0.0,0.0,0.0,69.0,0,0,0,-40,WANDER_TURN,0.2705,0.1843,0.2942,WANDER_TURN,
534,62192,533,,depth/000534.npy,1,156.4,210.0,-1.0,-100.0,-100.0,-100.0,-26.0,70.0,0.0,0.0,0.0,0.0,0.0,69.0,0,0,0,-40,WANDER_TURN,0.204,0.1333,0.2666,WANDER_TURN,
535,62306,534,,depth/000534.npy,1,156.4,311.5,-1.0,-100.0,-100.0,-100.0,-29.0,70.0,0.0,0.0,0.0,0.0,0.0,69.0,0,0,0,-40,WANDER_TURN,0.204,0.1333,0.2666,WANDER_TURN,
536,62419,535,,depth/000536.npy,1,172.8,284.4,-1.0,-100.0,-100.0,-100.0,-31.0,70.0,0.0,0.0,0.0,0.0,0.0,69.0,0,0,0,-40,WANDER_TURN,0.4353,0.1843,0.3333,WANDER_TURN,
537,62545,536,,depth/000537.npy,1,171.2,212.2,-1.0,-100.0,-100.0,-100.0,-33.0,70.0,0.0,0.0,0.0,0.0,0.0,69.0,0,0,0,-40,WANDER_TURN,0.3765,0.1726,0.1569,WANDER_TURN,
538,62658,537,,depth/000537.npy,1,171.2,326.0,-1.0,-100.0,-100.0,-100.0,-35.0,70.0,0.0,0.0,0.0,0.0,0.0,69.0,0,0,0,-40,WANDER_TURN,0.3765,0.1726,0.1569,WANDER_TURN,
539,62762,538,,depth/000539.npy,1,167.6,333.6,-1.0,-100.0,-100.0,-100.0,-37.0,70.0,0.0,0.0,0.0,0.0,0.0,69.0,0,0,0,-40,WANDER_TURN,0.1804,0.153,0.1333,WANDER_TURN,
540,62870,539,,depth/000540.npy,1,156.2,213.2,-1.0,-100.0,-100.0,-100.0,-39.0,70.0,0.0,0.0,0.0,0.0,0.0,69.0,0,0,0,-40,WANDER_TURN,0.1333,0.1372,0.1294,WANDER_TURN,
541,62984,540,,depth/000540.npy,1,156.2,323.6,-1.0,-100.0,-100.0,-100.0,-41.0,70.0,0.0,0.0,0.0,0.0,0.0,69.0,0,0,0,-40,WANDER_TURN,0.1333,0.1372,0.1294,WANDER_TURN,
542,63094,541,,depth/000542.npy,1,156.2,333.2,-1.0,-100.0,-100.0,-100.0,-43.0,70.0,0.0,0.0,0.0,0.0,0.0,69.0,0,0,0,-40,WANDER_TURN,0.1372,0.153,0.153,WANDER_TURN,
543,63214,542,,depth/000543.npy,1,151.5,284.4,-1.0,-100.0,-100.0,-100.0,-48.0,70.0,0.0,0.0,0.0,0.0,0.0,69.0,0,0,0,-40,WANDER_TURN,0.1412,0.3059,0.2079,WANDER_TURN,
544,63322,543,,depth/000544.npy,1,156.8,239.9,-1.0,-100.0,-100.0,-100.0,-48.0,70.0,0.0,0.0,0.0,0.0,0.0,69.0,0,0,0,-40,WANDER_TURN,0.098,0.3452,0.1686,WANDER_TURN,
545,63450,544,,depth/000544.npy,1,156.8,357.3,-1.0,-100.0,-100.0,-100.0,-52.0,70.0,0.0,0.0,0.0,0.0,0.0,69.0,0,0,0,-40,WANDER_TURN,0.098,0.3452,0.1686,WANDER_TURN,
546,63566,545,,depth/000546.npy,1,160.7,307.0,-1.0,-100.0,-100.0,-100.0,-55.0,70.0,0.0,0.0,0.0,0.0,0.0,69.0,0,0,0,-40,WANDER_TURN,0.0588,0.3293,0.149,WANDER_TURN,
547,63677,546,,depth/000547.npy,1,152.1,252.8,-1.0,-100.0,-100.0,-100.0,-57.0,70.0,0.0,0.0,0.0,0.0,0.0,69.0,0,0,0,0,WANDER_VERIFY,0.0627,0.1196,0.1765,WANDER_VERIFY,
548,63785,547,,depth/000547.npy,1,152.1,364.3,-1.0,-100.0,-100.0,-100.0,-60.0,70.0,0.0,0.0,0.0,0.0,0.0,69.0,0,0,0,0,WANDER_VERIFY,0.0627,0.1196,0.1765,WANDER_VERIFY,
549,63897,548,,depth/000549.npy,1,155.4,303.5,-1.0,-100.0,-100.0,-100.0,-62.0,70.0,0.0,0.0,0.0,0.0,0.0,69.0,0,0,0,0,WANDER_VERIFY,0.0667,0.1059,0.2157,WANDER_VERIFY,
550,64016,549,,depth/000550.npy,1,156.2,254.3,-1.0,-100.0,-100.0,-100.0,-62.0,70.0,0.0,0.0,0.0,0.0,0.0,69.0,0,0,0,0,WANDER_VERIFY,0.0275,0.0784,0.2825,WANDER_VERIFY,
551,64125,550,,depth/000551.npy,1,155.4,201.8,-1.0,-100.0,-100.0,-100.0,-62.0,70.0,0.0,0.0,0.0,0.0,0.0,69.0,0,0,0,0,WANDER_CRUISE,0.098,0.1216,0.3333,WANDER_CRUISE,"SEG(8,3.4)"
552,64236,551,,depth/000551.npy,1,155.4,314.9,-1.0,-100.0,-100.0,-100.0,-62.0,70.0,0.0,0.0,0.0,0.0,0.0,69.0,0,8,0,0,WANDER_CRUISE,0.098,0.1216,0.3333,WANDER_CRUISE,
553,64338,552,,depth/000553.npy,1,156.0,267.0,-1.0,-100.0,-100.0,-100.0,-62.0,70.0,0.0,0.0,0.0,0.0,0.0,69.0,0,8,0,0,WANDER_CRUISE,0.098,0.1177,0.3491,WANDER_CRUISE,
554,64459,553,,depth/000554.npy,1,155.0,234.3,-1.0,-100.0,-100.0,-100.0,-62.0,70.0,0.0,0.0,0.0,0.0,0.0,69.0,0,8,0,0,WANDER_CRUISE,0.0745,0.1137,0.3569,WANDER_CRUISE,
555,64571,554,,depth/000555.npy,1,157.9,216.4,-1.0,-100.0,-100.0,-100.0,-62.0,70.0,0.0,0.0,0.0,0.0,0.0,69.0,0,8,0,0,WANDER_CRUISE,0.0863,0.1216,0.3726,WANDER_CRUISE,
556,64673,555,,depth/000555.npy,1,157.9,316.0,-1.0,-100.0,-100.0,-100.0,-62.0,70.0,0.0,0.0,0.0,0.0,0.0,69.0,0,8,0,0,WANDER_CRUISE,0.0863,0.1216,0.3726,WANDER_CRUISE,
557,64782,556,,depth/000557.npy,1,161.5,259.9,-1.0,-100.0,-100.0,-100.0,-62.0,70.0,0.0,0.0,0.0,0.0,0.0,69.0,0,8,0,0,WANDER_CRUISE,0.0863,0.1216,0.3901,WANDER_CRUISE,
558,64885,557,,depth/000557.npy,1,161.5,362.3,-1.0,-100.0,-100.0,-100.0,-62.0,70.0,0.0,0.0,0.0,0.0,0.0,69.0,0,8,0,0,WANDER_CRUISE,0.0863,0.1216,0.3901,WANDER_CRUISE,
559,65006,558,,depth/000559.npy,1,157.6,348.8,-1.0,-100.0,-100.0,-100.0,-62.0,70.0,0.0,0.0,0.0,0.0,0.0,69.0,0,8,0,0,WANDER_CRUISE,0.0784,0.1216,0.396,WANDER_CRUISE,
560,65131,559,,depth/000560.npy,1,157.2,271.9,-1.0,-100.0,-100.0,-100.0,-62.0,70.0,0.0,0.0,0.0,0.0,0.0,69.0,0,8,0,0,WANDER_CRUISE,0.0902,0.1255,0.4038,WANDER_CRUISE,
561,65237,560,,depth/000561.npy,1,150.3,210.1,-1.0,-100.0,-100.0,-100.0,-62.0,70.0,0.0,0.0,0.0,0.0,0.0,69.0,0,8,0,0,WANDER_CRUISE,0.1059,0.1392,0.4353,WANDER_CRUISE,
562,65356,561,,depth/000562.npy,1,149.3,224.5,-1.0,-100.0,-100.0,-100.0,-62.0,70.0,0.0,0.0,0.0,0.0,0.0,69.0,0,8,0,0,WANDER_CRUISE,0.102,0.1333,0.4353,WANDER_CRUISE,
563,65473,562,,depth/000562.npy,1,149.3,342.3,-1.0,-100.0,-100.0,-100.0,-62.0,70.0,0.0,0.0,0.0,0.0,0.0,69.0,0,8,0,0,WANDER_CRUISE,0.102,0.1333,0.4353,WANDER_CRUISE,
564,65591,563,,depth/000564.npy,1,151.0,333.1,-1.0,-100.0,-100.0,-100.0,-62.0,70.0,0.0,0.0,0.0,0.0,0.0,69.0,0,8,0,0,WANDER_CRUISE,0.0667,0.1216,0.4158,WANDER_CRUISE,
565,65699,564,,depth/000565.npy,1,151.5,274.3,-1.0,-100.0,-100.0,-100.0,-62.0,70.0,0.0,0.0,0.0,0.0,0.0,69.0,0,8,0,0,WANDER_CRUISE,0.0902,0.1274,0.4333,WANDER_CRUISE,
566,65813,565,,depth/000566.npy,1,158.0,219.8,-1.0,-100.0,-100.0,-100.0,-62.0,70.0,0.0,0.0,0.0,0.0,0.0,69.0,0,8,0,0,WANDER_CRUISE,0.0902,0.1294,0.4158,WANDER_CRUISE,
567,65927,566,,depth/000566.npy,1,158.0,328.1,-1.0,-100.0,-100.0,-100.0,-62.0,70.0,0.0,0.0,0.0,0.0,0.0,69.0,0,8,0,0,WANDER_CRUISE,0.0902,0.1294,0.4158,WANDER_CRUISE,
568,66039,567,,depth/000568.npy,1,159.1,280.5,-1.0,-100.0,-100.0,-100.0,-62.0,70.0,0.0,0.0,0.0,0.0,0.0,69.0,0,8,0,0,WANDER_CRUISE,0.1177,0.149,0.4548,WANDER_CRUISE,
569,66164,568,,depth/000569.npy,1,188.7,266.4,-1.0,-100.0,-100.0,-100.0,-62.0,70.0,0.0,0.0,0.0,0.0,0.0,69.0,0,8,0,0,WANDER_CRUISE,0.1059,0.1372,0.447,WANDER_CRUISE,
570,66291,569,,depth/000569.npy,1,188.7,401.5,-1.0,-100.0,-100.0,-100.0,-62.0,70.0,0.0,0.0,0.0,0.0,0.0,69.0,0,8,0,0,WANDER_CRUISE,0.1059,0.1372,0.447,WANDER_CRUISE,
571,66415,570,,depth/000571.npy,1,185.3,323.7,-1.0,-100.0,-100.0,-100.0,-62.0,70.0,0.0,0.0,0.0,0.0,0.0,69.0,0,8,0,0,WANDER_CRUISE,0.102,0.1216,0.447,WANDER_CRUISE,
572,66524,571,,depth/000572.npy,1,165.0,267.3,-1.0,-100.0,-100.0,-100.0,-62.0,70.0,0.0,0.0,0.0,0.0,0.0,69.0,0,8,0,0,WANDER_CRUISE,0.098,0.1177,0.4902,WANDER_CRUISE,
573,66636,572,,depth/000572.npy,1,165.0,376.8,-1.0,-100.0,-100.0,-100.0,-62.0,70.0,0.0,0.0,0.0,0.0,0.0,69.0,0,8,0,0,WANDER_CRUISE,0.098,0.1177,0.4902,WANDER_CRUISE,
574,66745,573,,depth/000574.npy,1,158.9,326.0,-1.0,-100.0,-100.0,-100.0,-62.0,70.0,0.0,0.0,0.0,0.0,0.0,69.0,0,8,0,0,WANDER_CRUISE,0.1098,0.1177,0.4727,WANDER_CRUISE,
575,66850,574,,depth/000575.npy,1,156.2,259.4,-1.0,-100.0,-100.0,-100.0,-62.0,70.0,0.0,0.0,0.0,0.0,0.0,69.0,0,8,0,0,WANDER_CRUISE,0.1098,0.1216,0.4961,WANDER_CRUISE,
576,66963,575,,depth/000575.npy,1,156.2,372.1,-1.0,-100.0,-100.0,-100.0,-62.0,70.0,0.0,0.0,0.0,0.0,0.0,69.0,0,8,0,0,WANDER_CRUISE,0.1098,0.1216,0.4961,WANDER_CRUISE,
577,67085,576,,depth/000577.npy,1,160.0,401.2,-1.0,-100.0,-100.0,-100.0,-62.0,70.0,0.0,0.0,0.0,0.0,0.0,69.0,0,8,0,0,WANDER_CRUISE,0.098,0.1059,0.5137,WANDER_CRUISE,
578,67197,577,,depth/000578.npy,1,215.8,302.1,-1.0,-100.0,-100.0,-100.0,-62.0,70.0,0.0,0.0,0.0,0.0,0.0,69.0,0,8,0,0,WANDER_CRUISE,0.0941,0.1059,0.5215,WANDER_CRUISE,
579,67338,578,,depth/000578.npy,1,215.8,416.4,-1.0,-100.0,-100.0,-100.0,-62.0,70.0,0.0,0.0,0.0,0.0,0.0,69.0,0,8,0,0,WANDER_CRUISE,0.0941,0.1059,0.5215,WANDER_CRUISE,
580,67459,579,,depth/000580.npy,1,153.2,400.7,-1.0,-100.0,-100.0,-100.0,-62.0,70.0,0.0,0.0,0.0,0.0,0.0,69.0,0,8,0,0,WANDER_CRUISE,0.0863,0.098,0.5215,WANDER_CRUISE,
581,67569,580,,depth/000581.npy,1,173.9,312.1,-1.0,-100.0,-100.0,-100.0,-62.0,70.0,0.0,0.0,0.0,0.0,0.0,69.0,0,8,0,0,WANDER_CRUISE,0.0432,0.0784,0.502,WANDER_CRUISE,
582,67678,581,,depth/000582.npy,1,149.1,260.2,-1.0,-100.0,-100.0,-100.0,-62.0,70.0,0.0,0.0,0.0,0.0,0.0,69.0,0,7,0,0,WANDER_CRUISE,0.0863,0.1098,0.5273,WANDER_CRUISE,"SEG(7,5.5)"
583,67784,582,,depth/000582.npy,1,149.1,359.8,-1.0,-100.0,-100.0,-100.0,-62.0,70.0,0.0,0.0,0.0,0.0,0.0,69.0,0,7,0,0,WANDER_CRUISE,0.0863,0.1098,0.5273,WANDER_CRUISE,
584,67894,583,,depth/000584.npy,1,162.1,300.8,-1.0,-100.0,-100.0,-100.0,-62.0,70.0,0.0,0.0,0.0,0.0,0.0,69.0,0,7,0,0,WANDER_CRUISE,0.0863,0.1059,0.5293,WANDER_CRUISE,
585,68002,584,,depth/000585.npy,1,152.3,246.1,-1.0,-100.0,-100.0,-100.0,-62.0,70.0,0.0,0.0,0.0,0.0,0.0,69.0,0,7,0,0,WANDER_CRUISE,0.0823,0.098,0.5391,WANDER_CRUISE,
586,68114,585,,depth/000585.npy,1,152.3,359.9,-1.0,-100.0,-100.0,-100.0,-62.0,70.0,0.0,0.0,0.0,0.0,0.0,69.0,0,7,0,0,WANDER_CRUISE,0.0823,0.098,0.5391,WANDER_CRUISE,
587,68217,586,,depth/000587.npy,1,160.6,292.4,-1.0,-100.0,-100.0,-100.0,-62.0,70.0,0.0,0.0,0.0,0.0,0.0,69.0,0,7,0,0,WANDER_CRUISE,0.102,0.1059,0.5566,WANDER_CRUISE,
588,68328,587,,depth/000588.npy,1,153.9,192.0,-1.0,-100.0,-100.0,-100.0,-62.0,70.0,0.0,0.0,0.0,0.0,0.0,69.0,0,7,0,0,WANDER_CRUISE,0.098,0.102,0.5688,WANDER_CRUISE,
589,68436,588,,depth/000588.npy,1,153.9,300.5,-1.0,-100.0,-100.0,-100.0,-62.0,70.0,0.0,0.0,0.0,0.0,0.0,69.0,0,7,0,0,WANDER_CRUISE,0.098,0.102,0.5688,WANDER_CRUISE,
590,68546,589,,depth/000590.npy,1,157.1,293.6,-1.0,-100.0,-100.0,-100.0,-62.0,70.0,0.0,0.0,0.0,0.0,0.0,69.0,0,7,0,0,WANDER_CRUISE,0.0392,0.0627,0.5371,WANDER_CRUISE,
591,68649,590,,depth/000591.npy,1,155.4,228.0,-1.0,-100.0,-100.0,-100.0,-62.0,70.0,0.0,0.0,0.0,0.0,0.0,69.0,0,7,0,0,WANDER_CRUISE,0.0706,0.0823,0.541,WANDER_CRUISE,
592,68762,591,,depth/000591.npy,1,155.4,341.8,-1.0,-100.0,-100.0,-100.0,-62.0,70.0,0.0,0.0,0.0,0.0,0.0,69.0,0,7,0,0,WANDER_CRUISE,0.0706,0.0823,0.541,WANDER_CRUISE,
593,68883,592,,depth/000593.npy,1,157.3,326.8,-1.0,-100.0,-100.0,-100.0,-62.0,70.0,0.0,0.0,0.0,0.0,0.0,69.0,0,7,0,0,WANDER_CRUISE,0.0471,0.0667,0.5332,WANDER_CRUISE,
594,68994,593,,depth/000594.npy,1,151.5,272.2,-1.0,-100.0,-100.0,-100.0,-62.0,70.0,0.0,0.0,0.0,0.0,0.0,69.0,0,7,0,0,WANDER_CRUISE,0.0392,0.0627,0.5215,WANDER_CRUISE,
595,69105,594,,depth/000595.npy,1,158.3,254.9,-1.0,-100.0,-100.0,-100.0,-62.0,70.0,0.0,0.0,0.0,0.0,0.0,69.0,0,7,0,0,WANDER_CRUISE,0.051,0.0667,0.5371,WANDER_CRUISE,
596,69216,595,,depth/000595.npy,1,158.3,362.8,-1.0,-100.0,-100.0,-100.0,-62.0,70.0,0.0,0.0,0.0,0.0,0.0,69.0,0,7,0,0,WANDER_CRUISE,0.051,0.0667,0.5371,WANDER_CRUISE,
597,69325,596,,depth/000597.npy,1,156.5,265.9,-1.0,-100.0,-100.0,-100.0,-62.0,70.0,0.0,0.0,0.0,0.0,0.0,69.0,0,7,0,0,WANDER_CRUISE,0.0549,0.0667,0.5273,WANDER_CRUISE,
598,69434,597,,depth/000598.npy,1,159.0,245.1,-1.0,-100.0,-100.0,-100.0,-62.0,70.0,0.0,0.0,0.0,0.0,0.0,69.0,0,7,0,0,WANDER_CRUISE,0.0314,0.0549,0.5176,WANDER_CRUISE,
599,69542,598,,depth/000598.npy,1,159.0,350.5,-1.0,-100.0,-100.0,-100.0,-62.0,70.0,0.0,0.0,0.0,0.0,0.0,69.0,0,7,0,0,WANDER_CRUISE,0.0314,0.0549,0.5176,WANDER_CRUISE,
600,69645,599,,depth/000600.npy,1,157.3,318.9,-1.0,-100.0,-100.0,-100.0,-62.0,70.0,0.0,0.0,0.0,0.0,0.0,69.0,0,7,0,0,WANDER_CRUISE,0.0667,0.0863,0.541,WANDER_CRUISE,
601,69754,600,,depth/000601.npy,1,154.4,231.3,-1.0,-100.0,-100.0,-100.0,-62.0,70.0,0.0,0.0,0.0,0.0,0.0,69.0,0,7,0,0,WANDER_CRUISE,0.0863,0.098,0.5649,WANDER_CRUISE,
602,69865,601,,depth/000602.npy,1,150.8,218.4,-1.0,-100.0,-100.0,-100.0,-62.0,70.0,0.0,0.0,0.0,0.0,0.0,69.0,0,7,0,0,WANDER_CRUISE,0.0863,0.1,0.5605,WANDER_CRUISE,
603,69981,602,,depth/000602.npy,1,150.8,326.0,-1.0,-100.0,-100.0,-100.0,-62.0,70.0,0.0,0.0,0.0,0.0,0.0,69.0,0,7,0,0,WANDER_CRUISE,0.0863,0.1,0.5605,WANDER_CRUISE,
604,70091,603,,depth/000604.npy,1,157.7,333.7,-1.0,-100.0,-100.0,-100.0,-62.0,70.0,0.0,0.0,0.0,0.0,0.0,69.0,0,7,0,0,WANDER_CRUISE,0.0667,0.0863,0.5649,WANDER_CRUISE,
605,70197,604,,depth/000605.npy,1,161.4,275.2,-1.0,-100.0,-100.0,-100.0,-62.0,70.0,0.0,0.0,0.0,0.0,0.0,69.0,0,7,0,0,WANDER_CRUISE,0.0745,0.0823,0.5605,WANDER_CRUISE,
606,70318,605,,depth/000605.npy,1,161.4,404.8,-1.0,-100.0,-100.0,-100.0,-62.0,70.0,0.0,0.0,0.0,0.0,0.0,69.0,0,7,0,0,WANDER_CRUISE,0.0745,0.0823,0.5605,WANDER_CRUISE,
607,70425,606,,depth/000607.npy,1,159.1,291.1,-1.0,-100.0,-100.0,-100.0,-62.0,70.0,0.0,0.0,0.0,0.0,0.0,69.0,0,7,0,0,WANDER_CRUISE,0.0745,0.0863,0.5605,WANDER_CRUISE,
608,70536,607,,depth/000608.npy,1,158.2,278.0,-1.0,-100.0,-100.0,-100.0,-62.0,70.0,0.0,0.0,0.0,0.0,0.0,69.0,0,7,0,0,WANDER_CRUISE,0.0392,0.0667,0.5254,WANDER_CRUISE,
609,70644,608,,depth/000608.npy,1,158.2,388.5,-1.0,-100.0,-100.0,-100.0,-62.0,70.0,0.0,0.0,0.0,0.0,0.0,69.0,0,7,0,0,WANDER_CRUISE,0.0392,0.0667,0.5254,WANDER_CRUISE,
610,70755,609,,depth/000610.npy,1,160.0,333.0,-1.0,-100.0,-100.0,-100.0,-62.0,70.0,0.0,0.0,0.0,0.0,0.0,69.0,0,7,0,0,WANDER_CRUISE,0.0784,0.102,0.5586,WANDER_CRUISE,
611,70867,610,,depth/000611.npy,1,149.5,242.9,-1.0,-100.0,-100.0,-100.0,-62.0,70.0,0.0,0.0,0.0,0.0,0.0,69.0,0,7,0,0,WANDER_CRUISE,0.0706,0.0823,0.4941,WANDER_CRUISE,
612,70976,611,,depth/000612.npy,1,160.0,211.3,-1.0,-100.0,-100.0,-100.0,-62.0,70.0,0.0,0.0,0.0,0.0,0.0,69.0,0,7,0,0,WANDER_CRUISE,0.0432,0.0706,0.4666,WANDER_CRUISE,
613,71100,612,,depth/000612.npy,1,160.0,333.8,-1.0,-100.0,-100.0,-100.0,-62.0,70.0,0.0,0.0,0.0,0.0,0.0,69.0,0,7,0,0,WANDER_CRUISE,0.0432,0.0706,0.4666,WANDER_CRUISE,
614,71222,613,,depth/000614.npy,1,149.1,307.4,-1.0,-100.0,-100.0,-100.0,-62.0,70.0,0.0,0.0,0.0,0.0,0.0,69.0,0,7,0,0,WANDER_CRUISE,0.0392,0.0745,0.4353,WANDER_CRUISE,
615,71341,614,,depth/000615.npy,1,169.8,288.4,-1.0,-100.0,-100.0,-100.0,-62.0,70.0,0.0,0.0,0.0,0.0,0.0,69.0,0,7,0,0,WANDER_CRUISE,0.0373,0.0667,0.4099,WANDER_CRUISE,
616,71452,615,,depth/000615.npy,1,169.8,400.7,-1.0,-100.0,-100.0,-100.0,-62.0,70.0,0.0,0.0,0.0,0.0,0.0,69.0,0,7,0,0,WANDER_CRUISE,0.0373,0.0667,0.4099,WANDER_CRUISE,
617,71564,616,,depth/000617.npy,1,172.6,332.5,-1.0,-100.0,-100.0,-100.0,-62.0,70.0,0.0,0.0,0.0,0.0,0.0,69.0,0,7,0,0,WANDER_CRUISE,0.0588,0.0863,0.4236,WANDER_CRUISE,
618,71673,617,,depth/000618.npy,1,158.0,251.1,-1.0,-100.0,-100.0,-100.0,-62.0,70.0,0.0,0.0,0.0,0.0,0.0,69.0,0,7,0,0,WANDER_CRUISE,0.0745,0.0941,0.4412,WANDER_CRUISE,
619,71785,618,,depth/000619.npy,1,155.5,198.3,-1.0,-100.0,-100.0,-100.0,-62.0,70.0,0.0,0.0,0.0,0.0,0.0,69.0,0,7,0,0,WANDER_CRUISE,0.0627,0.0823,0.4294,WANDER_CRUISE,
620,71897,619,,depth/000619.npy,1,155.5,307.1,-1.0,-100.0,-100.0,-100.0,-62.0,70.0,0.0,0.0,0.0,0.0,0.0,69.0,0,7,0,0,WANDER_CRUISE,0.0627,0.0823,0.4294,WANDER_CRUISE,
621,72016,620,,depth/000621.npy,1,161.0,291.8,-1.0,-100.0,-100.0,-100.0,-62.0,70.0,0.0,0.0,0.0,0.0,0.0,69.0,0,7,0,0,WANDER_CRUISE,0.0706,0.0863,0.4255,WANDER_CRUISE,
622,72125,621,,depth/000622.npy,1,152.4,243.9,-1.0,-100.0,-100.0,-100.0,-62.0,70.0,0.0,0.0,0.0,0.0,0.0,69.0,0,7,0,0,WANDER_CRUISE,0.0823,0.0863,0.4548,WANDER_CRUISE,
623,72240,622,,depth/000622.npy,1,152.4,354.2,-1.0,-100.0,-100.0,-100.0,-62.0,70.0,0.0,0.0,0.0,0.0,0.0,69.0,0,7,0,0,WANDER_CRUISE,0.0823,0.0863,0.4548,WANDER_CRUISE,
624,72352,623,,depth/000624.npy,1,164.9,325.5,-1.0,-100.0,-100.0,-100.0,-62.0,70.0,0.0,0.0,0.0,0.0,0.0,69.0,0,7,0,0,WANDER_CRUISE,0.0745,0.0883,0.4548,WANDER_CRUISE,
625,72462,624,,depth/000625.npy,1,151.6,239.1,-1.0,-100.0,-100.0,-100.0,-62.0,70.0,0.0,0.0,0.0,0.0,0.0,69.0,0,7,0,0,WANDER_CRUISE,0.051,0.0823,0.4431,WANDER_CRUISE,
626,72583,625,,depth/000626.npy,1,156.4,234.1,-1.0,-100.0,-100.0,-100.0,-62.0,70.0,0.0,0.0,0.0,0.0,0.0,69.0,0,7,0,0,WANDER_CRUISE,0.0588,0.0784,0.4314,WANDER_CRUISE,
627,72688,626,,depth/000626.npy,1,156.4,337.2,-1.0,-100.0,-100.0,-100.0,-62.0,70.0,0.0,0.0,0.0,0.0,0.0,69.0,0,7,0,0,WANDER_CRUISE,0.0588,0.0784,0.4314,WANDER_CRUISE,
628,72794,627,,depth/000628.npy,1,160.7,275.8,-1.0,-100.0,-100.0,-100.0,-62.0,70.0,0.0,0.0,0.0,0.0,0.0,69.0,0,7,0,0,WANDER_CRUISE,0.051,0.0706,0.4177,WANDER_CRUISE,
629,72913,628,,depth/000629.npy,1,193.8,300.0,-1.0,-100.0,-100.0,-100.0,-62.0,70.0,0.0,0.0,0.0,0.0,0.0,69.0,0,7,0,0,WANDER_CRUISE,0.0667,0.0745,0.4177,WANDER_CRUISE,
630,73019,629,,depth/000629.npy,1,193.8,402.3,-1.0,-100.0,-100.0,-100.0,-62.0,70.0,0.0,0.0,0.0,0.0,0.0,69.0,0,7,0,0,WANDER_CRUISE,0.0667,0.0745,0.4177,WANDER_CRUISE,
631,73126,630,,depth/000631.npy,1,173.1,274.1,-1.0,-100.0,-100.0,-100.0,-62.0,70.0,0.0,0.0,0.0,0.0,0.0,69.0,0,7,0,0,WANDER_CRUISE,0.0667,0.0706,0.4119,WANDER_CRUISE,
632,73228,631,,depth/000631.npy,1,173.1,372.9,-1.0,-100.0,-100.0,-100.0,-62.0,70.0,0.0,0.0,0.0,0.0,0.0,69.0,0,7,0,0,WANDER_CRUISE,0.0667,0.0706,0.4119,WANDER_CRUISE,"SEG(7,6.4)"
633,73338,632,,depth/000633.npy,1,166.0,314.9,-1.0,-100.0,-100.0,-100.0,-62.0,70.0,0.0,0.0,0.0,0.0,0.0,69.0,0,7,0,0,WANDER_CRUISE,0.0745,0.0706,0.4197,WANDER_CRUISE,
634,73448,633,,depth/000634.npy,1,153.0,262.6,-1.0,-100.0,-100.0,-100.0,-62.0,70.0,0.0,0.0,0.0,0.0,0.0,69.0,0,7,0,0,WANDER_CRUISE,0.0667,0.0745,0.4626,WANDER_CRUISE,
635,73561,634,,depth/000635.npy,1,160.6,207.2,-1.0,-100.0,-100.0,-100.0,-62.0,70.0,0.0,0.0,0.0,0.0,0.0,69.0,0,7,0,0,WANDER_CRUISE,0.0627,0.0706,0.4785,WANDER_CRUISE,
636,73672,635,,depth/000635.npy,1,160.6,315.8,-1.0,-100.0,-100.0,-100.0,-62.0,70.0,0.0,0.0,0.0,0.0,0.0,69.0,0,7,0,0,WANDER_CRUISE,0.0627,0.0706,0.4785,WANDER_CRUISE,
637,73791,636,,depth/000637.npy,1,152.1,262.2,-1.0,-100.0,-100.0,-100.0,-62.0,70.0,0.0,0.0,0.0,0.0,0.0,69.0,0,7,0,0,WANDER_CRUISE,0.0549,0.0667,0.5078,WANDER_CRUISE,
638,73906,637,,depth/000638.npy,1,159.2,289.6,-1.0,-100.0,-100.0,-100.0,-62.0,70.0,0.0,0.0,0.0,0.0,0.0,69.0,0,7,0,0,WANDER_CRUISE,0.0667,0.0588,0.5195,WANDER_CRUISE,
639,74009,638,,depth/000638.npy,1,159.2,388.0,-1.0,-100.0,-100.0,-100.0,-62.0,70.0,0.0,0.0,0.0,0.0,0.0,69.0,0,7,0,0,WANDER_CRUISE,0.0667,0.0588,0.5195,WANDER_CRUISE,
640,74138,639,,depth/000640.npy,1,164.7,280.7,-1.0,-100.0,-100.0,-100.0,-62.0,70.0,0.0,0.0,0.0,0.0,0.0,69.0,0,7,0,0,WANDER_CRUISE,0.0823,0.0686,0.5254,WANDER_CRUISE,
641,74248,640,,depth/000641.npy,1,152.8,288.4,-1.0,-100.0,-100.0,-100.0,-62.0,70.0,0.0,0.0,0.0,0.0,0.0,69.0,0,7,0,0,WANDER_CRUISE,0.0784,0.0667,0.5098,WANDER_CRUISE,
642,74367,641,,depth/000642.npy,1,162.6,271.5,-1.0,-100.0,-100.0,-100.0,-62.0,70.0,0.0,0.0,0.0,0.0,0.0,69.0,0,7,0,0,WANDER_CRUISE,0.0745,0.0706,0.5312,WANDER_CRUISE,
643,74472,642,,depth/000642.npy,1,162.6,370.8,-1.0,-100.0,-100.0,-100.0,-62.0,70.0,0.0,0.0,0.0,0.0,0.0,69.0,0,7,0,0,WANDER_CRUISE,0.0745,0.0706,0.5312,WANDER_CRUISE,
644,74581,643,,depth/000644.npy,1,152.8,289.2,-1.0,-100.0,-100.0,-100.0,-62.0,70.0,0.0,0.0,0.0,0.0,0.0,69.0,0,7,0,0,WANDER_CRUISE,0.0902,0.0902,0.502,WANDER_CRUISE,
645,74690,644,,depth/000645.npy,1,151.0,237.9,-1.0,-100.0,-100.0,-100.0,-62.0,70.0,0.0,0.0,0.0,0.0,0.0,69.0,0,7,0,0,WANDER_CRUISE,0.0784,0.0863,0.5117,WANDER_CRUISE,
646,74811,645,,depth/000646.npy,1,153.8,195.3,-1.0,-100.0,-100.0,-100.0,-62.0,70.0,0.0,0.0,0.0,0.0,0.0,69.0,0,7,0,0,WANDER_CRUISE,0.0667,0.0667,0.498,WANDER_CRUISE,
647,74916,646,,depth/000646.npy,1,153.8,294.8,-1.0,-100.0,-100.0,-100.0,-62.0,70.0,0.0,0.0,0.0,0.0,0.0,69.0,0,7,0,0,WANDER_CRUISE,0.0667,0.0667,0.498,WANDER_CRUISE,
648,75028,647,,depth/000648.npy,1,156.2,233.0,-1.0,-100.0,-100.0,-100.0,-62.0,70.0,0.0,0.0,0.0,0.0,0.0,69.0,0,7,0,0,WANDER_CRUISE,0.0667,0.0706,0.5039,WANDER_CRUISE,
649,75146,648,,depth/000649.npy,1,152.5,220.6,-1.0,-100.0,-100.0,-100.0,-62.0,70.0,0.0,0.0,0.0,0.0,0.0,69.0,0,7,0,0,WANDER_CRUISE,0.0706,0.0667,0.4824,WANDER_CRUISE,
650,75255,649,,depth/000649.npy,1,152.5,334.9,-1.0,-100.0,-100.0,-100.0,-62.0,70.0,0.0,0.0,0.0,0.0,0.0,69.0,0,7,0,0,WANDER_CRUISE,0.0706,0.0667,0.4824,WANDER_CRUISE,
651,75359,650,,depth/000651.npy,1,158.4,302.5,-1.0,-100.0,-100.0,-100.0,-62.0,70.0,0.0,0.0,0.0,0.0,0.0,69.0,0,7,0,0,WANDER_CRUISE,0.0627,0.0667,0.4902,WANDER_CRUISE,
652,75477,651,,depth/000652.npy,1,150.8,250.2,-1.0,-100.0,-100.0,-100.0,-62.0,70.0,0.0,0.0,0.0,0.0,0.0,69.0,0,7,0,0,WANDER_CRUISE,0.0118,0.0588,0.447,WANDER_CRUISE,
653,75592,652,,depth/000653.npy,1,158.2,205.9,-1.0,-100.0,-100.0,-100.0,-62.0,70.0,0.0,0.0,0.0,0.0,0.0,69.0,0,7,0,0,WANDER_CRUISE,0.0275,0.051,0.4412,WANDER_CRUISE,
654,75722,653,,depth/000653.npy,1,158.2,339.4,-1.0,-100.0,-100.0,-100.0,-62.0,70.0,0.0,0.0,0.0,0.0,0.0,69.0,0,7,0,0,WANDER_CRUISE,0.0275,0.051,0.4412,WANDER_CRUISE,
655,75834,654,,depth/000655.npy,1,157.0,310.2,-1.0,-100.0,-100.0,-100.0,-62.0,70.0,0.0,0.0,0.0,0.0,0.0,69.0,0,7,0,0,WANDER_CRUISE,0.0235,0.0549,0.4138,WANDER_CRUISE,
656,75950,655,,depth/000656.npy,1,154.9,255.4,-1.0,-100.0,-100.0,-100.0,-62.0,70.0,0.0,0.0,0.0,0.0,0.0,69.0,0,7,0,0,WANDER_CRUISE,0.0353,0.0588,0.3765,WANDER_CRUISE,
657,76068,656,,depth/000657.npy,1,147.7,209.5,-1.0,-100.0,-100.0,-100.0,-62.0,70.0,0.0,0.0,0.0,0.0,0.0,69.0,0,7,0,0,WANDER_CRUISE,0.0314,0.0549,0.3235,WANDER_CRUISE,
658,76191,657,,depth/000657.npy,1,147.7,338.7,-1.0,-100.0,-100.0,-100.0,-62.0,70.0,0.0,0.0,0.0,0.0,0.0,69.0,0,7,0,0,WANDER_CRUISE,0.0314,0.0549,0.3235,WANDER_CRUISE,
659,76301,658,,depth/000659.npy,1,150.7,346.2,-1.0,-100.0,-100.0,-100.0,-62.0,70.0,0.0,0.0,0.0,0.0,0.0,69.0,0,7,0,0,WANDER_CRUISE,0.0588,0.0667,0.2883,WANDER_CRUISE,
660,76409,659,,depth/000660.npy,1,153.1,309.4,-1.0,-100.0,-100.0,-100.0,-62.0,70.0,0.0,0.0,0.0,0.0,0.0,69.0,0,7,0,0,WANDER_CRUISE,0.0588,0.0627,0.2705,WANDER_CRUISE,
661,76529,660,,depth/000661.npy,1,181.4,230.3,-1.0,-100.0,-100.0,-100.0,-62.0,70.0,0.0,0.0,0.0,0.0,0.0,69.0,0,7,0,0,WANDER_CRUISE,0.0314,0.0706,0.2549,WANDER_CRUISE,
662,76644,661,,depth/000661.npy,1,181.4,341.7,-1.0,-100.0,-100.0,-100.0,-62.0,70.0,0.0,0.0,0.0,0.0,0.0,69.0,0,7,0,0,WANDER_CRUISE,0.0314,0.0706,0.2549,WANDER_CRUISE,
663,76755,662,,depth/000663.npy,1,150.7,300.8,-1.0,-100.0,-100.0,-100.0,-62.0,70.0,0.0,0.0,0.0,0.0,0.0,69.0,0,7,0,0,WANDER_CRUISE,0.0353,0.0588,0.2274,WANDER_CRUISE,
664,76875,663,,depth/000664.npy,1,161.7,247.6,-1.0,-100.0,-100.0,-100.0,-62.0,70.0,0.0,0.0,0.0,0.0,0.0,69.0,0,7,0,0,WANDER_CRUISE,0.0392,0.0471,0.2157,WANDER_CRUISE,
665,76987,664,,depth/000664.npy,1,161.7,362.2,-1.0,-100.0,-100.0,-100.0,-62.0,70.0,0.0,0.0,0.0,0.0,0.0,69.0,0,7,0,0,WANDER_CRUISE,0.0392,0.0471,0.2157,WANDER_CRUISE,
666,77105,665,,depth/000666.npy,1,157.8,317.8,-1.0,-100.0,-100.0,-100.0,-62.0,70.0,0.0,0.0,0.0,0.0,0.0,69.0,0,7,0,0,WANDER_CRUISE,0.0353,0.0392,0.2,WANDER_CRUISE,
667,77224,666,,depth/000667.npy,1,147.2,267.8,-1.0,-100.0,-100.0,-100.0,-62.0,70.0,0.0,0.0,0.0,0.0,0.0,69.0,0,7,0,0,WANDER_CRUISE,0.0471,0.0432,0.196,WANDER_CRUISE,
668,77348,667,,depth/000668.npy,1,160.3,244.0,-1.0,-100.0,-100.0,-100.0,-62.0,70.0,0.0,0.0,0.0,0.0,0.0,69.0,0,7,0,0,WANDER_CRUISE,0.051,0.0471,0.204,WANDER_CRUISE,
669,77461,668,,depth/000669.npy,1,149.9,171.0,-1.0,-100.0,-100.0,-100.0,-62.0,70.0,0.0,0.0,0.0,0.0,0.0,69.0,0,7,0,0,WANDER_CRUISE,0.0157,0.0432,0.1686,WANDER_CRUISE,
670,77578,669,,depth/000669.npy,1,149.9,295.0,-1.0,-100.0,-100.0,-100.0,-62.0,70.0,0.0,0.0,0.0,0.0,0.0,69.0,0,7,0,0,WANDER_CRUISE,0.0157,0.0432,0.1686,WANDER_CRUISE,
671,77681,670,,depth/000671.npy,1,154.1,261.0,-1.0,-100.0,-100.0,-100.0,-62.0,70.0,0.0,0.0,0.0,0.0,0.0,69.0,0,7,0,0,WANDER_CRUISE,0.0471,0.051,0.196,WANDER_CRUISE,
672,77792,671,,depth/000672.npy,1,158.0,221.4,-1.0,-100.0,-100.0,-100.0,-62.0,70.0,0.0,0.0,0.0,0.0,0.0,69.0,0,7,0,0,WANDER_CRUISE,0.0353,0.0432,0.2,WANDER_CRUISE,
673,77918,672,,depth/000672.npy,1,158.0,346.6,-1.0,-100.0,-100.0,-100.0,-62.0,70.0,0.0,0.0,0.0,0.0,0.0,69.0,0,7,0,0,WANDER_CRUISE,0.0353,0.0432,0.2,WANDER_CRUISE,
674,78043,673,,depth/000674.npy,1,153.0,327.1,-1.0,-100.0,-100.0,-100.0,-62.0,70.0,0.0,0.0,0.0,0.0,0.0,69.0,0,7,0,0,WANDER_CRUISE,0.0235,0.0392,0.1882,WANDER_CRUISE,
675,78155,674,,depth/000675.npy,1,151.8,299.5,-1.0,-100.0,-100.0,-100.0,-62.0,70.0,0.0,0.0,0.0,0.0,0.0,69.0,0,7,0,0,WANDER_CRUISE,0.0471,0.0471,0.1941,WANDER_CRUISE,
676,78267,675,,depth/000676.npy,1,156.4,238.5,-1.0,-100.0,-100.0,-100.0,-62.0,70.0,0.0,0.0,0.0,0.0,0.0,69.0,0,7,0,0,WANDER_CRUISE,0.0549,0.0588,0.2,WANDER_CRUISE,
677,78374,676,,depth/000676.npy,1,156.4,430.7,-1.0,-100.0,-100.0,-100.0,-62.0,70.0,0.0,0.0,0.0,0.0,0.0,69.0,0,7,0,0,WANDER_CRUISE,0.0549,0.0588,0.2,WANDER_CRUISE,
678,78487,677,,depth/000678.npy,1,241.7,308.8,-1.0,-100.0,-100.0,-100.0,-62.0,70.0,0.0,0.0,0.0,0.0,0.0,69.0,0,7,0,0,WANDER_CRUISE,0.0118,0.051,0.1647,WANDER_CRUISE,
679,78606,678,,depth/000678.npy,1,241.7,415.2,-1.0,-100.0,-100.0,-100.0,-62.0,70.0,0.0,0.0,0.0,0.0,0.0,69.0,0,7,0,0,WANDER_CRUISE,0.0118,0.051,0.1647,WANDER_CRUISE,
680,78726,679,,depth/000680.npy,1,144.4,436.6,-1.0,-100.0,-100.0,-100.0,-62.0,70.0,0.0,0.0,0.0,0.0,0.0,69.0,0,7,0,0,WANDER_CRUISE,0.0157,0.0432,0.1647,WANDER_CRUISE,
681,78846,680,,depth/000681.npy,1,160.8,256.3,-1.0,-100.0,-100.0,-100.0,-62.0,70.0,0.0,0.0,0.0,0.0,0.0,69.0,0,7,0,0,WANDER_CRUISE,0.0392,0.0471,0.1569,WANDER_CRUISE,
682,78964,681,,depth/000682.npy,1,151.3,241.3,-1.0,-100.0,-100.0,-100.0,-62.0,70.0,0.0,0.0,0.0,0.0,0.0,69.0,0,7,0,0,WANDER_CRUISE,0.051,0.051,0.1686,WANDER_CRUISE,
683,79087,682,,depth/000683.npy,1,147.3,187.7,-1.0,-100.0,-100.0,-100.0,-62.0,70.0,0.0,0.0,0.0,0.0,0.0,69.0,0,7,0,0,WANDER_CRUISE,0.0432,0.0392,0.1412,WANDER_CRUISE,
684,79209,683,,depth/000683.npy,1,147.3,307.3,-1.0,-100.0,-100.0,-100.0,-62.0,70.0,0.0,0.0,0.0,0.0,0.0,69.0,0,7,0,0,WANDER_CRUISE,0.0432,0.0392,0.1412,WANDER_CRUISE,
685,79329,684,,depth/000685.npy,1,147.7,336.2,-1.0,-100.0,-100.0,-100.0,-62.0,70.0,0.0,0.0,0.0,0.0,0.0,69.0,0,7,0,0,WANDER_CRUISE,0.0392,0.0353,0.1372,WANDER_CRUISE,
686,79434,685,,depth/000686.npy,1,148.1,280.7,-1.0,-100.0,-100.0,-100.0,-62.0,70.0,0.0,0.0,0.0,0.0,0.0,69.0,0,7,0,0,WANDER_CRUISE,0.0118,0.0392,0.1412,WANDER_CRUISE,
687,79546,686,,depth/000687.npy,1,156.5,225.6,-1.0,-100.0,-100.0,-100.0,-62.0,70.0,0.0,0.0,0.0,0.0,0.0,69.0,0,7,0,0,WANDER_CRUISE,0.0275,0.0432,0.1372,WANDER_CRUISE,
688,79658,687,,depth/000687.npy,1,156.5,336.1,-1.0,-100.0,-100.0,-100.0,-62.0,70.0,0.0,0.0,0.0,0.0,0.0,69.0,0,0,0,-40,WANDER_TURN,0.0275,0.0432,0.1372,WANDER_TURN,"TURN(L,28,free)"
689,79773,688,,depth/000689.npy,1,153.0,282.4,-1.0,-100.0,-100.0,-100.0,-62.0,70.0,0.0,0.0,0.0,0.0,0.0,69.0,0,0,0,-40,WANDER_TURN,0.0235,0.0353,0.1216,WANDER_TURN,
690,79888,689,,depth/000690.npy,1,159.8,252.0,-1.0,-100.0,-100.0,-100.0,-63.0,70.0,0.0,0.0,0.0,0.0,0.0,69.0,0,0,0,-40,WANDER_TURN,0.0235,0.0392,0.1313,WANDER_TURN,
691,79995,690,,depth/000690.npy,1,159.8,359.4,-1.0,-100.0,-100.0,-100.0,-67.0,70.0,0.0,0.0,0.0,0.0,0.0,69.0,0,0,0,-40,WANDER_TURN,0.0235,0.0392,0.1313,WANDER_TURN,
692,80122,691,,depth/000692.npy,1,152.9,325.1,-1.0,-100.0,-100.0,-100.0,-70.0,70.0,0.0,0.0,0.0,0.0,0.0,69.0,0,0,0,-40,WANDER_TURN,0.051,0.0392,0.1177,WANDER_TURN,
693,80242,692,,depth/000693.npy,1,150.7,272.9,-1.0,-100.0,-100.0,-100.0,-72.0,70.0,0.0,0.0,0.0,0.0,0.0,69.0,0,0,0,-40,WANDER_TURN,0.0196,0.0471,0.0902,WANDER_TURN,
694,80360,693,,depth/000694.npy,1,149.2,263.1,-1.0,-100.0,-100.0,-100.0,-77.0,70.0,0.0,0.0,0.0,0.0,0.0,69.0,0,0,0,-40,WANDER_TURN,0.0196,0.0392,0.1059,WANDER_TURN,
695,80482,694,,depth/000695.npy,1,148.2,222.2,-1.0,-100.0,-100.0,-100.0,-79.0,70.0,0.0,0.0,0.0,0.0,0.0,69.0,0,0,0,-40,WANDER_TURN,0.0353,0.0922,0.2274,WANDER_TURN,
696,80605,695,,depth/000696.npy,1,148.3,182.2,-1.0,-100.0,-100.0,-100.0,-82.0,70.0,0.0,0.0,0.0,0.0,0.0,69.0,0,0,0,0,WANDER_VERIFY,0.0745,0.1137,0.2864,WANDER_VERIFY,
697,80729,696,,depth/000696.npy,1,148.3,302.8,-1.0,-100.0,-100.0,-100.0,-86.0,70.0,0.0,0.0,0.0,0.0,0.0,69.0,0,0,0,0,WANDER_VERIFY,0.0745,0.1137,0.2864,WANDER_VERIFY,
698,80848,697,,depth/000698.npy,1,148.8,341.1,-1.0,-100.0,-100.0,-100.0,-87.0,70.0,0.0,0.0,0.0,0.0,0.0,69.0,0,0,0,0,WANDER_VERIFY,0.0745,0.0902,0.2393,WANDER_VERIFY,
699,80976,698,,depth/000699.npy,1,152.3,314.8,-1.0,-100.0,-100.0,-100.0,-86.0,70.0,0.0,0.0,0.0,0.0,0.0,69.0,0,0,0,0,WANDER_VERIFY,0.1294,0.098,0.2471,WANDER_VERIFY,
700,81081,699,,depth/000700.npy,1,148.5,255.8,-1.0,-100.0,-100.0,-100.0,-86.0,70.0,0.0,0.0,0.0,0.0,0.0,69.0,0,0,0,0,WANDER_VERIFY,0.2196,0.1255,0.2313,WANDER_VERIFY,
701,81200,700,,depth/000701.npy,1,149.2,210.0,-1.0,-100.0,-100.0,-100.0,-86.0,70.0,0.0,0.0,0.0,0.0,0.0,69.0,0,0,0,0,WANDER_VERIFY,0.1706,0.051,0.1921,WANDER_VERIFY,
702,81322,701,,depth/000701.npy,1,149.2,340.5,-1.0,-100.0,-100.0,-100.0,-87.0,70.0,0.0,0.0,0.0,0.0,0.0,69.0,0,4,15,0,WANDER_CRUISE,0.1706,0.051,0.1921,WANDER_CRUISE,"SEG(8,4.6)"
703,81433,702,,depth/000703.npy,1,150.7,339.4,-1.0,-100.0,-100.0,-100.0,-87.0,70.0,0.0,0.0,0.0,0.0,0.0,69.0,0,4,15,0,WANDER_CRUISE,0.1608,0.051,0.1726,WANDER_CRUISE,
704,81552,703,,depth/000704.npy,1,186.9,268.0,-1.0,-100.0,-100.0,-100.0,-87.0,70.0,0.0,0.0,0.0,0.0,0.0,69.0,0,4,15,0,WANDER_CRUISE,0.2354,0.1313,0.1686,WANDER_CRUISE,
705,81667,704,,depth/000704.npy,1,186.9,377.7,-1.0,-100.0,-100.0,-100.0,-87.0,70.0,0.0,0.0,0.0,0.0,0.0,69.0,0,4,15,0,WANDER_CRUISE,0.2354,0.1313,0.1686,WANDER_CRUISE,
706,81790,705,,depth/000706.npy,1,158.6,318.0,-1.0,-100.0,-100.0,-100.0,-87.0,70.0,0.0,0.0,0.0,0.0,0.0,69.0,0,4,15,0,WANDER_CRUISE,0.2471,0.1412,0.1608,WANDER_CRUISE,
707,81908,706,,depth/000707.npy,1,161.5,283.7,-1.0,-100.0,-100.0,-100.0,-87.0,70.0,0.0,0.0,0.0,0.0,0.0,69.0,0,4,15,0,WANDER_CRUISE,0.2744,0.1569,0.1608,WANDER_CRUISE,
708,82025,707,,depth/000708.npy,1,119.5,198.7,-1.0,-100.0,-100.0,-100.0,-87.0,70.0,0.0,0.0,0.0,0.0,0.0,69.0,0,4,15,0,WANDER_CRUISE,0.2744,0.153,0.1647,WANDER_CRUISE,
709,82139,708,,depth/000709.npy,1,124.4,213.9,-1.0,-100.0,-100.0,-100.0,-87.0,70.0,0.0,0.0,0.0,0.0,0.0,69.0,0,4,15,0,WANDER_CRUISE,0.2783,0.1608,0.1647,WANDER_CRUISE,
710,82255,709,,depth/000710.npy,1,122.9,264.4,-1.0,-100.0,-100.0,-100.0,-87.0,70.0,0.0,0.0,0.0,0.0,0.0,69.0,0,4,15,0,WANDER_CRUISE,0.2705,0.1451,0.1647,WANDER_CRUISE,
711,82373,710,,depth/000710.npy,1,122.9,380.8,-1.0,-100.0,-100.0,-100.0,-87.0,70.0,0.0,0.0,0.0,0.0,0.0,69.0,0,4,15,0,WANDER_CRUISE,0.2705,0.1451,0.1647,WANDER_CRUISE,
712,82489,711,,depth/000712.npy,1,167.8,332.0,-1.0,-100.0,-100.0,-100.0,-87.0,70.0,0.0,0.0,0.0,0.0,0.0,69.0,0,4,15,0,WANDER_CRUISE,0.1294,0.0745,0.1863,WANDER_CRUISE,
713,82605,712,,depth/000713.npy,1,123.7,279.0,-1.0,-100.0,-100.0,-100.0,-87.0,80.0,0.0,0.0,0.0,0.0,0.0,69.0,0,4,15,0,WANDER_CRUISE,0.1843,0.0902,0.1372,WANDER_CRUISE,
714,82721,713,,depth/000714.npy,1,127.3,267.2,-1.0,-100.0,-100.0,-100.0,-87.0,80.0,0.0,0.0,0.0,0.0,0.0,69.0,0,4,15,0,WANDER_CRUISE,0.2313,0.1137,0.1294,WANDER_CRUISE,
715,82838,714,,depth/000715.npy,1,126.1,277.0,-1.0,-100.0,-100.0,-100.0,-86.0,80.0,0.0,0.0,0.0,0.0,0.0,69.0,0,4,15,0,WANDER_CRUISE,0.2627,0.1294,0.1333,WANDER_CRUISE,
716,82952,715,,depth/000716.npy,1,119.7,224.5,-1.0,-100.0,-100.0,-100.0,-86.0,80.0,0.0,0.0,0.0,0.0,0.0,69.0,0,4,15,0,WANDER_CRUISE,0.2313,0.0784,0.149,WANDER_CRUISE,
717,83075,716,,depth/000717.npy,1,135.1,243.1,-1.0,-100.0,-100.0,-100.0,-86.0,80.0,0.0,0.0,0.0,0.0,0.0,69.0,0,4,15,0,WANDER_CRUISE,0.2981,0.1608,0.149,WANDER_CRUISE,
718,83194,717,,depth/000718.npy,1,138.7,240.1,-1.0,-100.0,-100.0,-100.0,-86.0,80.0,0.0,0.0,0.0,0.0,0.0,69.0,0,8,0,0,WANDER_CRUISE,0.2,0.0627,0.2,WANDER_CRUISE,
719,83313,718,,depth/000719.npy,1,131.2,197.6,-1.0,-100.0,-100.0,-100.0,-86.0,80.0,0.0,0.0,0.0,0.0,0.0,69.0,0,8,0,0,WANDER_CRUISE,0.2393,0.0941,0.2079,WANDER_CRUISE,
720,83422,719,,depth/000719.npy,1,131.2,309.5,-1.0,-100.0,-100.0,-100.0,-86.0,80.0,0.0,0.0,0.0,0.0,0.0,69.0,0,8,0,0,WANDER_CRUISE,0.2393,0.0941,0.2079,WANDER_CRUISE,
721,83530,720,,depth/000721.npy,1,180.4,272.4,-1.0,-100.0,-100.0,-100.0,-86.0,80.0,0.0,0.0,0.0,0.0,0.0,69.0,0,8,0,0,WANDER_CRUISE,0.2549,0.1372,0.1765,WANDER_CRUISE,
722,83647,721,,depth/000722.npy,1,145.3,221.3,-1.0,-100.0,-100.0,-100.0,-86.0,80.0,0.0,0.0,0.0,0.0,0.0,69.0,0,8,0,0,WANDER_CRUISE,0.2588,0.1216,0.1569,WANDER_CRUISE,
723,83764,722,,depth/000723.npy,1,119.1,173.0,-1.0,-100.0,-100.0,-100.0,-86.0,80.0,0.0,0.0,0.0,0.0,0.0,69.0,0,8,0,0,WANDER_CRUISE,0.2588,0.1098,0.153,WANDER_CRUISE,
724,83881,723,,depth/000724.npy,1,127.9,216.6,-1.0,-100.0,-100.0,-100.0,-86.0,80.0,0.0,0.0,0.0,0.0,0.0,69.0,0,8,0,0,WANDER_CRUISE,0.2666,0.1255,0.1726,WANDER_CRUISE,
725,83996,724,,depth/000725.npy,1,118.4,168.7,-1.0,-100.0,-100.0,-100.0,-86.0,80.0,0.0,0.0,0.0,0.0,0.0,69.0,0,8,0,0,WANDER_CRUISE,0.2471,0.1098,0.1333,WANDER_CRUISE,
726,84111,725,,depth/000725.npy,1,118.4,283.4,-1.0,-100.0,-100.0,-100.0,-86.0,80.0,0.0,0.0,0.0,0.0,0.0,69.0,0,8,0,0,WANDER_CRUISE,0.2471,0.1098,0.1333,WANDER_CRUISE,
727,84229,726,,depth/000727.npy,1,145.9,339.0,-1.0,-100.0,-100.0,-100.0,-86.0,80.0,0.0,0.0,0.0,0.0,0.0,69.0,0,8,0,0,WANDER_CRUISE,0.2588,0.1255,0.153,WANDER_CRUISE,
728,84354,727,,depth/000728.npy,1,205.0,283.5,-1.0,-100.0,-100.0,-100.0,-86.0,80.0,0.0,0.0,0.0,0.0,0.0,69.0,0,8,0,0,WANDER_CRUISE,0.2825,0.1451,0.1569,WANDER_CRUISE,
729,84470,728,,depth/000729.npy,1,114.2,198.4,-1.0,-100.0,-100.0,-100.0,-86.0,80.0,0.0,0.0,0.0,0.0,0.0,69.0,40,0,0,0,MANUAL,0.251,0.1333,0.1569,WANDER_CRUISE,
730,84594,729,,depth/000730.npy,1,122.1,201.5,-1.0,-100.0,-100.0,-100.0,-86.0,80.0,0.0,0.0,0.0,0.0,0.0,69.0,40,0,0,0,MANUAL,0.2903,0.1549,0.1647,WANDER_CRUISE,
731,84720,730,,depth/000730.npy,1,122.1,331.1,-1.0,-100.0,-100.0,-100.0,-86.0,80.0,0.0,0.0,0.0,0.0,1.0,69.0,40,0,0,0,MANUAL,0.2903,0.1549,0.1647,WANDER_CRUISE,
732,84837,731,,depth/000732.npy,1,161.3,347.1,-1.0,-100.0,-100.0,-100.0,-86.0,80.0,-1.0,0.0,0.0,0.0,3.0,69.0,0,8,0,0,WANDER_CRUISE,0.2627,0.1216,0.1451,WANDER_CRUISE,
733,84962,732,,depth/000733.npy,1,129.5,304.5,-1.0,-100.0,-100.0,-100.0,-86.0,80.0,-1.0,0.0,0.0,0.0,2.0,69.0,0,8,0,0,WANDER_CRUISE,0.2627,0.1216,0.1726,WANDER_CRUISE,
734,85085,733,,depth/000734.npy,1,118.0,257.0,-1.0,-100.0,-100.0,-100.0,-86.0,80.0,-1.0,0.0,0.0,0.0,0.0,69.0,0,8,0,0,WANDER_CRUISE,0.3059,0.1726,0.1843,WANDER_CRUISE,
735,85201,734,,depth/000735.npy,1,121.7,276.5,-1.0,-100.0,-100.0,-100.0,-86.0,80.0,-1.0,0.0,0.0,0.0,0.0,69.0,0,8,0,0,WANDER_CRUISE,0.2864,0.153,0.204,WANDER_CRUISE,
736,85317,735,,depth/000736.npy,1,122.7,258.0,-1.0,-100.0,-100.0,-100.0,-86.0,80.0,-1.0,0.0,0.0,0.0,0.0,69.0,0,8,0,0,WANDER_CRUISE,0.2274,0.098,0.1765,WANDER_CRUISE,
737,85442,736,,depth/000737.npy,1,139.5,273.2,-1.0,-100.0,-100.0,-100.0,-86.0,80.0,-1.0,0.0,0.0,0.0,0.0,69.0,0,8,0,0,WANDER_CRUISE,0.1569,0.0902,0.2588,WANDER_CRUISE,
738,85567,737,,depth/000738.npy,1,135.8,272.3,-1.0,-100.0,-100.0,-100.0,-86.0,80.0,-1.0,0.0,0.0,0.0,0.0,69.0,0,8,0,0,WANDER_CRUISE,0.1451,0.0784,0.2432,WANDER_CRUISE,
739,85690,738,,depth/000739.npy,1,123.9,234.2,-1.0,-100.0,-100.0,-100.0,-86.0,80.0,-1.0,0.0,0.0,0.0,0.0,69.0,0,8,0,0,WANDER_CRUISE,0.1843,0.0745,0.2,WANDER_CRUISE,
740,85806,739,,depth/000740.npy,1,117.8,212.6,-1.0,-100.0,-100.0,-100.0,-86.0,80.0,0.0,0.0,0.0,0.0,0.0,69.0,0,8,0,0,WANDER_CRUISE,0.3098,0.2,0.2627,WANDER_CRUISE,
741,85930,740,,depth/000741.npy,1,123.6,270.7,-1.0,-100.0,-100.0,-100.0,-87.0,80.0,0.0,0.0,0.0,0.0,0.0,69.0,40,0,0,0,MANUAL,0.3137,0.2,0.2705,WANDER_CRUISE,
742,86054,741,,depth/000742.npy,1,118.3,227.1,-1.0,-100.0,-100.0,-100.0,-87.0,80.0,0.0,0.0,0.0,0.0,0.0,69.0,40,0,0,0,MANUAL,0.1726,0.0627,0.1569,WANDER_CRUISE,
743,86177,742,,depth/000743.npy,1,118.0,221.3,-1.0,-100.0,-100.0,-100.0,-86.0,80.0,0.0,0.0,0.0,0.0,1.0,69.0,40,0,0,0,MANUAL,0.1882,0.0745,0.1451,WANDER_CRUISE,
744,86294,743,,depth/000744.npy,1,121.9,234.2,-1.0,-100.0,-100.0,-100.0,-86.0,80.0,-1.0,0.0,0.0,0.0,2.0,69.0,0,3,15,0,WANDER_CRUISE,0.1686,0.0863,0.1451,WANDER_CRUISE,"SEG(6,4.2)"
745,86409,744,,depth/000745.npy,1,122.9,250.0,-1.0,-100.0,-100.0,-100.0,-86.0,80.0,-1.0,0.0,0.0,0.0,3.0,69.0,-40,0,0,0,MANUAL,0.1882,0.098,0.2825,WANDER_CRUISE,
746,86533,745,,depth/000746.npy,1,116.8,238.4,-1.0,-100.0,-100.0,-100.0,-86.0,80.0,-2.0,0.0,0.0,0.0,1.0,69.0,-40,0,0,0,MANUAL,0.1765,0.0706,0.1608,WANDER_CRUISE,
747,86657,746,,depth/000747.npy,1,121.6,234.2,-1.0,-100.0,-100.0,-100.0,-86.0,80.0,-2.0,0.0,0.0,0.0,0.0,69.0,-40,0,0,0,MANUAL,0.1412,0.0784,0.1804,WANDER_CRUISE,
748,86776,747,,depth/000748.npy,1,158.9,280.0,-1.0,-100.0,-100.0,-100.0,-86.0,80.0,-1.0,0.0,0.0,0.0,-4.0,69.0,0,0,0,0,HOVER,0.196,0.098,0.1882,WANDER_CRUISE,
749,86901,748,,depth/000749.npy,1,123.6,176.4,-1.0,-100.0,-100.0,-100.0,-86.0,80.0,0.0,0.0,0.0,0.0,-4.0,69.0,0,3,15,0,WANDER_CRUISE,0.0941,0.0588,0.2,WANDER_CRUISE,
750,87017,749,,depth/000750.npy,1,116.1,190.0,-1.0,-100.0,-100.0,-100.0,-86.0,80.0,0.0,0.0,0.0,0.0,-3.0,69.0,0,3,15,0,WANDER_CRUISE,0.1843,0.149,0.2235,WANDER_CRUISE,
751,87130,750,,depth/000751.npy,1,124.7,168.9,-1.0,-100.0,-100.0,-100.0,-86.0,80.0,0.0,0.0,0.0,0.0,-1.0,69.0,0,3,15,0,WANDER_CRUISE,0.1804,0.1333,0.2196,WANDER_CRUISE,
752,87252,751,,depth/000752.npy,1,121.1,190.7,-1.0,-100.0,-100.0,-100.0,-86.0,80.0,0.0,0.0,0.0,0.0,0.0,69.0,0,3,15,0,WANDER_CRUISE,0.204,0.1451,0.2196,WANDER_CRUISE,
753,87376,752,,depth/000753.npy,1,117.4,219.2,-1.0,-100.0,-100.0,-100.0,-86.0,80.0,0.0,0.0,0.0,0.0,0.0,69.0,0,3,15,0,WANDER_CRUISE,0.0961,0.0627,0.3804,WANDER_CRUISE,
754,87493,753,,depth/000754.npy,1,126.1,168.0,-1.0,-100.0,-100.0,-100.0,-86.0,80.0,0.0,0.0,0.0,0.0,0.0,69.0,0,3,15,0,WANDER_CRUISE,0.1372,0.051,0.2942,WANDER_CRUISE,
755,87607,754,,depth/000755.npy,1,116.7,179.9,-1.0,-100.0,-100.0,-100.0,-86.0,90.0,0.0,0.0,0.0,0.0,1.0,69.0,0,3,15,0,WANDER_CRUISE,0.1177,0.0745,0.2903,WANDER_CRUISE,
756,87732,755,,depth/000756.npy,1,122.8,204.2,-1.0,-100.0,-100.0,-100.0,-86.0,90.0,0.0,0.0,0.0,0.0,0.0,69.0,0,3,15,0,WANDER_CRUISE,0.1216,0.0941,0.3647,WANDER_CRUISE,
757,87855,756,,depth/000757.npy,1,122.5,199.3,-1.0,-100.0,-100.0,-100.0,-86.0,90.0,0.0,0.0,0.0,0.0,0.0,69.0,0,3,15,0,WANDER_CRUISE,0.1177,0.102,0.3059,WANDER_CRUISE,
758,87971,757,,depth/000758.npy,1,136.9,180.7,-1.0,-100.0,-100.0,-100.0,-86.0,90.0,0.0,0.0,0.0,0.0,0.0,69.0,0,3,15,0,WANDER_CRUISE,0.1451,0.102,0.3333,WANDER_CRUISE,
759,88087,758,,depth/000759.npy,1,117.5,163.3,-1.0,-100.0,-100.0,-100.0,-86.0,90.0,0.0,0.0,0.0,0.0,0.0,69.0,0,3,15,0,WANDER_CRUISE,0.1294,0.0706,0.2118,WANDER_CRUISE,
760,88202,759,,depth/000759.npy,1,117.5,276.3,-1.0,-100.0,-100.0,-100.0,-86.0,90.0,0.0,0.0,0.0,0.0,0.0,69.0,0,3,15,0,WANDER_CRUISE,0.1294,0.0706,0.2118,WANDER_CRUISE,
761,88326,760,,depth/000761.npy,1,120.0,138.2,-1.0,-100.0,-100.0,-100.0,-86.0,90.0,0.0,0.0,0.0,0.0,0.0,69.0,0,6,0,0,WANDER_CRUISE,0.1647,0.0627,0.4197,WANDER_CRUISE,
762,88443,761,,depth/000761.npy,1,120.0,257.5,-1.0,-100.0,-100.0,-100.0,-86.0,90.0,0.0,0.0,0.0,0.0,0.0,69.0,0,6,0,0,WANDER_CRUISE,0.1647,0.0627,0.4197,WANDER_CRUISE,
763,88560,762,,depth/000763.npy,1,119.5,301.0,-1.0,-100.0,-100.0,-100.0,-86.0,90.0,0.0,0.0,0.0,0.0,0.0,69.0,0,6,0,0,WANDER_CRUISE,0.1804,0.0627,0.3569,WANDER_CRUISE,
764,88674,763,,depth/000764.npy,1,121.9,248.0,-1.0,-100.0,-100.0,-100.0,-86.0,90.0,0.0,0.0,0.0,0.0,0.0,69.0,0,6,0,0,WANDER_CRUISE,0.2,0.0745,0.2942,WANDER_CRUISE,
765,88798,764,,depth/000765.npy,1,119.8,273.6,-1.0,-100.0,-100.0,-100.0,-86.0,90.0,0.0,0.0,0.0,0.0,0.0,69.0,0,0,-40,0,MANUAL,0.1765,0.1059,0.2549,WANDER_CRUISE,
766,88912,765,,depth/000766.npy,1,127.5,256.9,-1.0,-100.0,-100.0,-100.0,-86.0,90.0,0.0,0.0,0.0,0.0,0.0,69.0,0,0,-40,0,MANUAL,0.2,0.0706,0.2432,WANDER_CRUISE,
767,89029,766,,depth/000767.npy,1,119.1,243.0,-1.0,-100.0,-100.0,-100.0,-86.0,90.0,0.0,0.0,0.0,0.0,0.0,69.0,0,0,-40,0,MANUAL,0.1882,0.0941,0.2627,WANDER_CRUISE,
768,89144,767,,depth/000768.npy,1,121.2,278.3,-1.0,-100.0,-100.0,-100.0,-86.0,90.0,0.0,0.0,-1.0,0.0,0.0,69.0,0,0,0,0,HOVER,0.2,0.1137,0.2588,WANDER_CRUISE,
769,89259,768,,depth/000769.npy,1,196.0,265.0,-1.0,-100.0,-100.0,-100.0,-86.0,90.0,0.0,0.0,-1.0,0.0,0.0,69.0,0,6,0,0,WANDER_CRUISE,0.1843,0.0902,0.2274,WANDER_CRUISE,
770,89374,769,,depth/000769.npy,1,196.0,383.5,-1.0,-100.0,-100.0,-100.0,-86.0,90.0,0.0,0.0,-1.0,0.0,0.0,69.0,0,6,0,0,WANDER_CRUISE,0.1843,0.0902,0.2274,WANDER_CRUISE,
771,89493,770,,depth/000771.npy,1,141.4,295.7,-1.0,-100.0,-100.0,-100.0,-86.0,90.0,0.0,0.0,-1.0,0.0,0.0,69.0,0,6,0,0,WANDER_CRUISE,0.2313,0.1569,0.7139,WANDER_CRUISE,
772,89609,771,,depth/000772.npy,1,150.1,245.2,-1.0,-100.0,-100.0,-100.0,-86.0,80.0,0.0,0.0,0.0,0.0,0.0,69.0,0,6,0,0,WANDER_CRUISE,0.1647,0.0745,0.2744,WANDER_CRUISE,
773,89724,772,,depth/000773.npy,1,147.6,230.6,-1.0,-100.0,-100.0,-100.0,-86.0,80.0,0.0,0.0,0.0,0.0,0.0,69.0,0,6,0,0,WANDER_CRUISE,0.1882,0.1137,0.196,WANDER_CRUISE,
774,89849,773,,depth/000774.npy,1,143.9,192.1,-1.0,-100.0,-100.0,-100.0,-86.0,80.0,0.0,0.0,0.0,0.0,0.0,69.0,40,0,0,0,MANUAL,0.2,0.1137,0.2235,WANDER_CRUISE,
775,89969,774,,depth/000774.npy,1,143.9,308.9,-1.0,-100.0,-100.0,-100.0,-86.0,80.0,0.0,0.0,0.0,1.0,0.0,69.0,40,0,0,0,MANUAL,0.2,0.1137,0.2235,WANDER_CRUISE,
776,90084,775,,depth/000776.npy,1,162.3,291.5,-1.0,-100.0,-100.0,-100.0,-86.0,80.0,0.0,0.0,0.0,0.0,0.0,69.0,40,0,0,0,MANUAL,0.2118,0.1333,0.1882,WANDER_CRUISE,
777,90199,776,,depth/000777.npy,1,145.8,238.7,-1.0,-100.0,-100.0,-100.0,-86.0,80.0,0.0,0.0,0.0,0.0,3.0,69.0,0,0,0,0,HOVER,0.2157,0.1294,0.1843,WANDER_CRUISE,
778,90315,777,,depth/000778.npy,1,148.4,222.2,-1.0,-100.0,-100.0,-100.0,-86.0,80.0,-1.0,0.0,0.0,0.0,4.0,69.0,0,6,0,0,WANDER_CRUISE,0.2079,0.1098,0.2393,WANDER_CRUISE,
779,90432,778,,depth/000779.npy,1,142.6,174.4,-1.0,-100.0,-100.0,-100.0,-86.0,80.0,-1.0,0.0,0.0,0.0,3.0,69.0,0,6,0,0,WANDER_CRUISE,0.1353,0.0941,0.251,WANDER_CRUISE,
780,90548,779,,depth/000779.npy,1,142.6,295.2,-1.0,-100.0,-100.0,-100.0,-86.0,80.0,-1.0,0.0,0.0,0.0,1.0,69.0,0,6,0,0,WANDER_CRUISE,0.1353,0.0941,0.251,WANDER_CRUISE,"SEG(6,3.8)"
781,90671,780,,depth/000781.npy,1,145.4,315.3,-1.0,-100.0,-100.0,-100.0,-87.0,80.0,-1.0,0.0,0.0,0.0,0.0,69.0,0,6,0,0,WANDER_CRUISE,0.1372,0.0588,0.1882,WANDER_CRUISE,
782,90793,781,,depth/000782.npy,1,147.9,268.1,-1.0,-100.0,-100.0,-100.0,-87.0,80.0,-1.0,0.0,0.0,0.0,0.0,69.0,0,6,0,0,WANDER_CRUISE,0.1647,0.102,0.3804,WANDER_CRUISE,
783,90911,782,,depth/000783.npy,1,141.4,251.2,-1.0,-100.0,-100.0,-100.0,-87.0,80.0,-1.0,0.0,0.0,0.0,0.0,69.0,0,6,0,0,WANDER_CRUISE,0.1451,0.1451,0.5254,WANDER_CRUISE,
784,91030,783,,depth/000784.npy,1,147.8,240.4,-1.0,-100.0,-100.0,-100.0,-87.0,80.0,-1.0,0.0,0.0,0.0,0.0,69.0,0,6,0,0,WANDER_CRUISE,0.1569,0.1333,0.4038,WANDER_CRUISE,
785,91148,784,,depth/000784.npy,1,147.8,355.8,-1.0,-100.0,-100.0,-100.0,-87.0,80.0,0.0,0.0,0.0,0.0,0.0,69.0,0,6,0,0,WANDER_CRUISE,0.1569,0.1333,0.4038,WANDER_CRUISE,
786,91272,785,,depth/000786.npy,1,153.8,311.7,-1.0,-100.0,-100.0,-100.0,-87.0,80.0,0.0,0.0,0.0,0.0,0.0,69.0,0,6,0,0,WANDER_CRUISE,0.153,0.1333,0.4707,WANDER_CRUISE,
787,91393,786,,depth/000787.npy,1,144.9,289.5,-1.0,-100.0,-100.0,-100.0,-87.0,80.0,0.0,0.0,0.0,0.0,0.0,69.0,0,6,0,0,WANDER_CRUISE,0.2079,0.1059,0.408,WANDER_CRUISE,
788,91506,787,,depth/000788.npy,1,150.7,221.0,-1.0,-100.0,-100.0,-100.0,-87.0,80.0,0.0,0.0,0.0,0.0,0.0,69.0,0,6,0,0,WANDER_CRUISE,0.2666,0.1785,0.4626,WANDER_CRUISE,
789,91615,788,,depth/000788.npy,1,150.7,330.5,-1.0,-100.0,-100.0,-100.0,-87.0,80.0,0.0,0.0,0.0,0.0,0.0,69.0,0,6,0,0,WANDER_CRUISE,0.2666,0.1785,0.4626,WANDER_CRUISE,
790,91726,789,,depth/000790.npy,1,154.3,374.0,-1.0,-100.0,-100.0,-100.0,-87.0,80.0,0.0,0.0,0.0,0.0,0.0,69.0,0,6,0,0,WANDER_CRUISE,0.2825,0.2,0.4038,WANDER_CRUISE,
791,91852,790,,depth/000791.npy,1,203.8,264.1,-1.0,-100.0,-100.0,-100.0,-87.0,80.0,0.0,0.0,0.0,0.0,0.0,69.0,0,6,0,0,WANDER_CRUISE,0.2079,0.1372,0.2666,WANDER_CRUISE,
792,91977,791,,depth/000792.npy,1,152.9,199.2,-1.0,-100.0,-100.0,-100.0,-87.0,80.0,0.0,0.0,0.0,0.0,0.0,69.0,0,6,0,0,WANDER_CRUISE,0.2393,0.1608,0.2903,WANDER_CRUISE,
793,92080,792,,depth/000792.npy,1,152.9,296.9,-1.0,-100.0,-100.0,-100.0,-87.0,80.0,0.0,0.0,0.0,0.0,0.0,69.0,0,6,0,0,WANDER_CRUISE,0.2393,0.1608,0.2903,WANDER_CRUISE,
794,92191,793,,depth/000794.npy,1,172.5,268.0,-1.0,-100.0,-100.0,-100.0,-87.0,80.0,0.0,0.0,0.0,0.0,0.0,69.0,0,6,0,0,WANDER_CRUISE,0.2549,0.1804,0.2903,WANDER_CRUISE,
795,92308,794,,depth/000795.npy,1,154.8,209.6,-1.0,-100.0,-100.0,-100.0,-87.0,80.0,0.0,0.0,0.0,0.0,0.0,69.0,0,6,0,0,WANDER_CRUISE,0.2627,0.1824,0.3059,WANDER_CRUISE,
796,92438,795,,depth/000795.npy,1,154.8,338.8,-1.0,-100.0,-100.0,-100.0,-87.0,80.0,0.0,0.0,0.0,0.0,0.0,69.0,0,6,0,0,WANDER_CRUISE,0.2627,0.1824,0.3059,WANDER_CRUISE,
797,92555,796,,depth/000797.npy,1,156.0,297.5,-1.0,-100.0,-100.0,-100.0,-87.0,80.0,0.0,0.0,0.0,0.0,0.0,69.0,0,6,0,0,WANDER_CRUISE,0.1765,0.1137,0.5566,WANDER_CRUISE,
798,92672,797,,depth/000798.npy,1,155.6,246.8,-1.0,-100.0,-100.0,-100.0,-87.0,80.0,0.0,0.0,0.0,0.0,0.0,69.0,0,6,0,0,WANDER_CRUISE,0.2196,0.1921,0.4746,WANDER_CRUISE,
799,92788,798,,depth/000799.npy,1,154.7,263.6,-1.0,-100.0,-100.0,-100.0,-87.0,80.0,0.0,0.0,0.0,0.0,0.0,69.0,0,6,0,0,WANDER_CRUISE,0.1255,0.1059,0.4197,WANDER_CRUISE,
800,92905,799,,depth/000799.npy,1,154.7,390.5,-1.0,-100.0,-100.0,-100.0,-87.0,80.0,0.0,0.0,0.0,0.0,0.0,69.0,0,6,0,0,WANDER_CRUISE,0.1255,0.1059,0.4197,WANDER_CRUISE,
801,93022,800,,depth/000801.npy,1,155.3,336.2,-1.0,-100.0,-100.0,-100.0,-87.0,80.0,0.0,0.0,0.0,0.0,0.0,69.0,0,6,0,0,WANDER_CRUISE,0.3293,0.2235,0.355,WANDER_CRUISE,
802,93134,801,,depth/000802.npy,1,166.6,255.0,-1.0,-100.0,-100.0,-100.0,-87.0,80.0,0.0,0.0,0.0,0.0,0.0,69.0,0,6,0,0,WANDER_CRUISE,0.1451,0.1608,0.302,WANDER_CRUISE,
803,93244,802,,depth/000802.npy,1,166.6,369.0,-1.0,-100.0,-100.0,-100.0,-87.0,80.0,0.0,0.0,0.0,0.0,0.0,69.0,0,6,0,0,WANDER_CRUISE,0.1451,0.1608,0.302,WANDER_CRUISE,
804,93348,803,,depth/000804.npy,1,163.9,328.8,-1.0,-100.0,-100.0,-100.0,-87.0,80.0,0.0,0.0,0.0,0.0,0.0,69.0,0,6,0,0,WANDER_CRUISE,0.2137,0.1412,0.2313,WANDER_CRUISE,
805,93457,804,,depth/000805.npy,1,173.6,260.9,-1.0,-100.0,-100.0,-100.0,-87.0,80.0,0.0,0.0,0.0,0.0,0.0,69.0,0,6,0,0,WANDER_CRUISE,0.1216,0.2196,0.6431,WANDER_CRUISE,
806,93583,805,,depth/000805.npy,1,173.6,387.9,-1.0,-100.0,-100.0,-100.0,-87.0,80.0,0.0,0.0,0.0,0.0,0.0,69.0,0,6,0,0,WANDER_CRUISE,0.1216,0.2196,0.6431,WANDER_CRUISE,
807,93692,806,,depth/000807.npy,1,174.4,334.1,-1.0,-100.0,-100.0,-100.0,-87.0,80.0,0.0,0.0,0.0,0.0,0.0,69.0,0,6,0,0,WANDER_CRUISE,0.2,0.1686,0.2235,WANDER_CRUISE,
808,93815,807,,depth/000808.npy,1,168.8,301.5,-1.0,-100.0,-100.0,-100.0,-87.0,80.0,0.0,0.0,0.0,0.0,0.0,69.0,0,6,0,0,WANDER_CRUISE,0.3452,0.2549,0.2783,WANDER_CRUISE,
809,93919,808,,depth/000808.npy,1,168.8,518.2,-1.0,-100.0,-100.0,-100.0,-87.0,80.0,0.0,0.0,0.0,0.0,0.0,69.0,0,6,0,0,WANDER_CRUISE,0.3452,0.2549,0.2783,WANDER_CRUISE,
810,94067,809,,depth/000810.npy,1,290.4,371.9,-1.0,-100.0,-100.0,-100.0,-87.0,80.0,0.0,0.0,0.0,0.0,0.0,69.0,0,6,0,0,WANDER_CRUISE,0.251,0.196,0.2705,WANDER_CRUISE,
811,94184,810,,depth/000810.npy,1,290.4,489.1,-1.0,-100.0,-100.0,-100.0,-86.0,80.0,0.0,0.0,0.0,0.0,0.0,69.0,0,6,0,0,WANDER_CRUISE,0.251,0.196,0.2705,WANDER_CRUISE,
812,94289,811,,depth/000812.npy,1,137.2,435.6,-1.0,-100.0,-100.0,-100.0,-86.0,80.0,0.0,0.0,0.0,0.0,0.0,69.0,0,6,0,0,WANDER_CRUISE,0.2588,0.1843,0.302,WANDER_CRUISE,
813,94392,812,,depth/000813.npy,1,172.8,237.9,-1.0,-100.0,-100.0,-100.0,-86.0,80.0,0.0,0.0,0.0,0.0,0.0,69.0,0,6,0,0,WANDER_CRUISE,0.1255,0.2313,0.7451,WANDER_CRUISE,
814,94503,813,,depth/000813.npy,1,172.8,350.0,-1.0,-100.0,-100.0,-100.0,-86.0,80.0,0.0,0.0,0.0,0.0,0.0,69.0,0,5,0,0,WANDER_CRUISE,0.1255,0.2313,0.7451,WANDER_CRUISE,"SEG(5,4.8)"
815,94614,814,,depth/000815.npy,1,152.1,287.0,-1.0,-100.0,-100.0,-100.0,-86.0,80.0,0.0,0.0,0.0,0.0,0.0,69.0,0,5,0,0,WANDER_CRUISE,0.1294,0.2235,0.6431,WANDER_CRUISE,
816,94725,815,,depth/000816.npy,1,164.9,259.1,-1.0,-100.0,-100.0,-100.0,-86.0,80.0,0.0,0.0,0.0,0.0,0.0,69.0,0,5,0,0,WANDER_CRUISE,0.1255,0.2235,0.6274,WANDER_CRUISE,
817,94829,816,,depth/000816.npy,1,164.9,360.2,-1.0,-100.0,-100.0,-100.0,-87.0,80.0,0.0,0.0,0.0,0.0,0.0,69.0,0,5,0,0,WANDER_CRUISE,0.1255,0.2235,0.6274,WANDER_CRUISE,
818,94952,817,,depth/000818.npy,1,167.8,293.2,-1.0,-100.0,-100.0,-100.0,-87.0,80.0,0.0,0.0,0.0,0.0,0.0,69.0,0,5,0,0,WANDER_CRUISE,0.102,0.2235,0.6353,WANDER_CRUISE,
819,95061,818,,depth/000819.npy,1,156.3,249.2,-1.0,-100.0,-100.0,-100.0,-87.0,80.0,0.0,0.0,0.0,0.0,0.0,69.0,0,5,0,0,WANDER_CRUISE,0.1294,0.1882,0.604,WANDER_CRUISE,
820,95176,819,,depth/000820.npy,1,153.9,223.6,-1.0,-100.0,-100.0,-100.0,-87.0,80.0,0.0,0.0,0.0,0.0,0.0,69.0,0,5,0,0,WANDER_CRUISE,0.1098,0.2157,0.6982,WANDER_CRUISE,
821,95289,820,,depth/000820.npy,1,153.9,332.3,-1.0,-100.0,-100.0,-100.0,-87.0,80.0,0.0,0.0,0.0,0.0,0.0,69.0,0,5,0,0,WANDER_CRUISE,0.1098,0.2157,0.6982,WANDER_CRUISE,
822,95418,821,,depth/000822.npy,1,154.6,313.8,-1.0,-100.0,-100.0,-100.0,-87.0,80.0,0.0,0.0,0.0,0.0,0.0,69.0,0,5,0,0,WANDER_CRUISE,0.1255,0.2,0.5293,WANDER_CRUISE,
823,95523,822,,depth/000823.npy,1,155.5,264.7,-1.0,-100.0,-100.0,-100.0,-86.0,80.0,0.0,0.0,0.0,0.0,0.0,69.0,0,5,0,0,WANDER_CRUISE,0.0667,0.2196,0.6626,WANDER_CRUISE,
824,95631,823,,depth/000823.npy,1,155.5,397.5,-1.0,-100.0,-100.0,-100.0,-86.0,80.0,0.0,0.0,0.0,0.0,0.0,69.0,0,5,0,0,WANDER_CRUISE,0.0667,0.2196,0.6626,WANDER_CRUISE,
825,95761,824,,depth/000825.npy,1,171.0,328.7,-1.0,-100.0,-100.0,-100.0,-87.0,80.0,0.0,0.0,0.0,0.0,0.0,69.0,0,5,0,0,WANDER_CRUISE,0.1059,0.2,0.5059,WANDER_CRUISE,
826,95883,825,,depth/000826.npy,1,158.4,290.5,-1.0,-100.0,-100.0,-100.0,-87.0,80.0,0.0,0.0,0.0,0.0,0.0,69.0,0,5,0,0,WANDER_CRUISE,0.1843,0.149,0.4314,WANDER_CRUISE,
827,95987,826,,depth/000827.npy,1,159.2,221.3,-1.0,-100.0,-100.0,-100.0,-87.0,80.0,0.0,0.0,0.0,0.0,0.0,69.0,0,5,0,0,WANDER_CRUISE,0.2235,0.2,0.353,WANDER_CRUISE,
828,96098,827,,depth/000827.npy,1,159.2,338.8,-1.0,-100.0,-100.0,-100.0,-86.0,80.0,0.0,0.0,0.0,0.0,0.0,69.0,0,5,0,0,WANDER_CRUISE,0.2235,0.2,0.353,WANDER_CRUISE,
829,96202,828,,depth/000829.npy,1,159.0,279.1,-1.0,-100.0,-100.0,-100.0,-87.0,80.0,0.0,0.0,0.0,0.0,0.0,69.0,0,5,0,0,WANDER_CRUISE,0.2705,0.1804,0.3569,WANDER_CRUISE,
830,96323,829,,depth/000830.npy,1,156.2,263.8,-1.0,-100.0,-100.0,-100.0,-87.0,80.0,0.0,0.0,0.0,0.0,0.0,69.0,0,5,0,0,WANDER_CRUISE,0.3293,0.2313,0.3137,WANDER_CRUISE,
831,96439,830,,depth/000831.npy,1,158.4,215.8,-1.0,-100.0,-100.0,-100.0,-87.0,80.0,0.0,0.0,0.0,0.0,0.0,69.0,0,5,0,0,WANDER_CRUISE,0.302,0.2373,0.3608,WANDER_CRUISE,
832,96566,831,,depth/000831.npy,1,158.4,346.2,-1.0,-100.0,-100.0,-100.0,-87.0,80.0,0.0,0.0,0.0,0.0,0.0,69.0,0,5,0,0,WANDER_CRUISE,0.302,0.2373,0.3608,WANDER_CRUISE,
833,96689,832,,depth/000833.npy,1,153.3,299.7,-1.0,-100.0,-100.0,-100.0,-87.0,80.0,0.0,0.0,0.0,0.0,0.0,69.0,0,5,0,0,WANDER_CRUISE,0.4353,0.3059,0.3411,WANDER_CRUISE,
834,96800,833,,depth/000834.npy,1,159.9,245.7,-1.0,-100.0,-100.0,-100.0,-87.0,80.0,0.0,0.0,0.0,0.0,0.0,69.0,0,5,0,0,WANDER_CRUISE,0.4548,0.3254,0.3333,WANDER_CRUISE,
835,96910,834,,depth/000834.npy,1,159.9,371.7,-1.0,-100.0,-100.0,-100.0,-87.0,80.0,0.0,0.0,0.0,0.0,0.0,68.0,0,5,0,0,WANDER_CRUISE,0.4548,0.3254,0.3333,WANDER_CRUISE,
836,97035,835,,depth/000836.npy,1,169.5,318.7,-1.0,-100.0,-100.0,-100.0,-87.0,80.0,0.0,0.0,0.0,0.0,0.0,68.0,40,0,0,0,MANUAL,0.4275,0.302,0.3293,WANDER_CRUISE,
837,97146,836,,depth/000837.npy,1,182.1,255.5,-1.0,-100.0,-100.0,-100.0,-87.0,80.0,0.0,0.0,0.0,0.0,0.0,68.0,40,0,0,0,MANUAL,0.4038,0.2825,0.3431,WANDER_CRUISE,
838,97270,837,,depth/000838.npy,1,156.6,215.2,-1.0,-100.0,-100.0,-100.0,-87.0,80.0,0.0,0.0,0.0,0.0,1.0,68.0,40,0,0,0,MANUAL,0.3687,0.2588,0.3452,WANDER_CRUISE,
839,97389,838,,depth/000838.npy,1,156.6,339.1,-1.0,-100.0,-100.0,-100.0,-87.0,80.0,0.0,0.0,0.0,0.0,3.0,68.0,0,0,0,0,HOVER,0.3687,0.2588,0.3452,WANDER_CRUISE,
840,97511,839,,depth/000840.npy,1,155.2,323.0,-1.0,-100.0,-100.0,-100.0,-87.0,80.0,-1.0,0.0,0.0,0.0,3.0,68.0,0,5,0,0,WANDER_CRUISE,0.4158,0.3372,0.3608,WANDER_CRUISE,
841,97626,840,,depth/000841.npy,1,157.0,265.7,-1.0,-100.0,-100.0,-100.0,-87.0,80.0,-1.0,0.0,0.0,0.0,2.0,68.0,-40,0,0,0,MANUAL,0.3647,0.2627,0.3333,WANDER_CRUISE,
842,97744,841,,depth/000842.npy,1,150.5,215.6,-1.0,-100.0,-100.0,-100.0,-87.0,80.0,-1.0,0.0,0.0,0.0,0.0,68.0,-40,0,0,0,MANUAL,0.4431,0.3333,0.4314,WANDER_CRUISE,
843,97861,842,,depth/000842.npy,1,150.5,337.6,-1.0,-100.0,-100.0,-100.0,-87.0,80.0,-1.0,0.0,0.0,0.0,-2.0,68.0,-40,0,0,0,MANUAL,0.4431,0.3333,0.4314,WANDER_CRUISE,
844,97987,843,,depth/000844.npy,1,147.8,295.5,-1.0,-100.0,-100.0,-100.0,-87.0,80.0,-1.0,0.0,0.0,0.0,-3.0,68.0,0,0,0,0,HOVER,0.0745,0.204,0.604,WANDER_CRUISE,
845,98107,844,,depth/000845.npy,1,149.8,282.2,-1.0,-100.0,-100.0,-100.0,-87.0,80.0,0.0,0.0,0.0,0.0,-4.0,68.0,-40,0,0,0,MANUAL,0.0549,0.204,0.6882,WANDER_CRUISE,
846,98213,845,,depth/000846.npy,1,154.3,247.4,-1.0,-100.0,-100.0,-100.0,-87.0,80.0,0.0,0.0,0.0,1.0,-3.0,68.0,-40,0,0,0,MANUAL,0.0706,0.1843,0.6079,WANDER_CRUISE,
847,98330,846,,depth/000846.npy,1,154.3,372.2,-1.0,-100.0,-100.0,-100.0,-87.0,80.0,0.0,0.0,0.0,1.0,-2.0,68.0,-40,0,0,0,MANUAL,0.0706,0.1843,0.6079,WANDER_CRUISE,
848,98434,847,,depth/000848.npy,1,157.7,334.1,-1.0,-100.0,-100.0,-100.0,-87.0,80.0,0.0,0.0,0.0,1.0,-2.0,68.0,-40,0,0,0,MANUAL,0.0823,0.251,0.5806,WANDER_CRUISE,
849,98546,848,,depth/000849.npy,1,156.6,242.6,-1.0,-100.0,-100.0,-100.0,-87.0,80.0,0.0,0.0,0.0,1.0,-3.0,68.0,-40,0,0,0,MANUAL,0.149,0.1902,0.4158,WANDER_CRUISE,
850,98654,849,,depth/000850.npy,1,157.9,196.1,-1.0,-100.0,-100.0,-100.0,-87.0,80.0,1.0,0.0,0.0,1.0,-4.0,68.0,-40,0,0,0,MANUAL,0.4158,0.2627,0.4236,WANDER_CRUISE,
851,98776,850,,depth/000850.npy,1,157.9,319.5,-1.0,-100.0,-100.0,-100.0,-87.0,80.0,2.0,0.0,0.0,0.0,-4.0,68.0,-40,0,0,0,MANUAL,0.4158,0.2627,0.4236,WANDER_CRUISE,
852,98887,851,,depth/000852.npy,1,155.5,333.0,-1.0,-100.0,-100.0,-100.0,-87.0,80.0,2.0,0.0,0.0,0.0,-4.0,68.0,0,0,0,0,HOVER,0.3372,0.302,0.3333,WANDER_CRUISE,
853,98989,852,,depth/000853.npy,1,157.3,269.5,-1.0,-100.0,-100.0,-100.0,-87.0,80.0,3.0,0.0,0.0,1.0,-4.0,68.0,0,5,0,0,WANDER_CRUISE,0.3137,0.2568,0.4275,WANDER_CRUISE,
854,99093,853,,depth/000853.npy,1,157.3,369.9,-1.0,-100.0,-100.0,-100.0,-87.0,80.0,3.0,0.0,0.0,1.0,-2.0,68.0,0,5,0,0,WANDER_CRUISE,0.3137,0.2568,0.4275,WANDER_CRUISE,
855,99202,854,,depth/000855.npy,1,158.7,309.7,-1.0,-100.0,-100.0,-100.0,-87.0,80.0,3.0,0.0,0.0,0.0,-1.0,68.0,0,5,0,0,WANDER_CRUISE,0.0667,0.1686,0.6079,WANDER_CRUISE,
856,99313,855,,depth/000856.npy,1,160.2,260.6,-1.0,-100.0,-100.0,-100.0,-87.0,80.0,3.0,0.0,0.0,0.0,0.0,68.0,0,2,-15,0,WANDER_CRUISE,0.1294,0.1647,0.71,WANDER_CRUISE,"SEG(5,3.5)"
857,99430,856,,depth/000856.npy,1,160.2,373.1,-1.0,-100.0,-100.0,-100.0,-87.0,80.0,2.0,0.0,0.0,0.0,0.0,68.0,0,2,-15,0,WANDER_CRUISE,0.1294,0.1647,0.71,WANDER_CRUISE,
858,99544,857,,depth/000858.npy,1,154.3,318.2,-1.0,-100.0,-100.0,-100.0,-86.0,80.0,2.0,0.0,0.0,0.0,0.0,68.0,0,2,-15,0,WANDER_CRUISE,0.1608,0.1333,0.71,WANDER_CRUISE,
859,99654,858,,depth/000859.npy,1,163.6,264.8,-1.0,-100.0,-100.0,-100.0,-86.0,80.0,2.0,0.0,0.0,0.0,0.0,68.0,0,2,-15,0,WANDER_CRUISE,0.3098,0.098,0.6313,WANDER_CRUISE,
860,99763,859,,depth/000860.npy,1,155.5,244.1,-1.0,-100.0,-100.0,-100.0,-87.0,80.0,2.0,0.0,0.0,0.0,0.0,68.0,0,2,-15,0,WANDER_CRUISE,0.196,0.1059,0.6982,WANDER_CRUISE,
861,99881,860,,depth/000860.npy,1,155.5,356.8,-1.0,-100.0,-100.0,-100.0,-87.0,80.0,1.0,0.0,0.0,0.0,0.0,68.0,0,2,-15,0,WANDER_CRUISE,0.196,0.1059,0.6982,WANDER_CRUISE,
862,99998,861,,depth/000862.npy,1,157.1,303.0,-1.0,-100.0,-100.0,-100.0,-87.0,80.0,1.0,0.0,0.0,0.0,0.0,68.0,0,2,-15,0,WANDER_CRUISE,0.1765,0.102,0.6943,WANDER_CRUISE,
863,100104,862,,depth/000863.npy,1,152.8,246.1,-1.0,-100.0,-100.0,-100.0,-87.0,80.0,1.0,0.0,0.0,0.0,3.0,68.0,0,2,-15,0,WANDER_CRUISE,0.2783,0.0941,0.4431,WANDER_CRUISE,
864,100211,863,,depth/000863.npy,1,152.8,354.4,-1.0,-100.0,-100.0,-100.0,-87.0,80.0,0.0,0.0,0.0,0.0,2.0,68.0,0,2,-15,0,WANDER_CRUISE,0.2783,0.0941,0.4431,WANDER_CRUISE,
865,100330,864,,depth/000865.npy,1,157.4,313.2,-1.0,-100.0,-100.0,-100.0,-86.0,80.0,0.0,0.0,0.0,0.0,1.0,68.0,0,2,-15,0,WANDER_CRUISE,0.4863,0.2235,0.408,WANDER_CRUISE,
866,100439,865,,depth/000866.npy,1,153.4,256.5,-1.0,-100.0,-100.0,-100.0,-86.0,80.0,0.0,0.0,0.0,0.0,0.0,68.0,0,2,-15,0,WANDER_CRUISE,0.4666,0.2313,0.2588,WANDER_CRUISE,
867,100544,866,,depth/000867.npy,1,159.0,191.3,-1.0,-100.0,-100.0,-100.0,-86.0,80.0,0.0,0.0,0.0,0.0,0.0,68.0,0,2,-15,0,WANDER_CRUISE,0.4392,0.1608,0.3137,WANDER_CRUISE,
868,100665,867,,depth/000867.npy,1,159.0,311.0,-1.0,-100.0,-100.0,-100.0,-86.0,80.0,0.0,0.0,0.0,0.0,0.0,68.0,0,2,-15,0,WANDER_CRUISE,0.4392,0.1608,0.3137,WANDER_CRUISE,
869,100777,868,,depth/000869.npy,1,157.1,286.8,-1.0,-100.0,-100.0,-100.0,-86.0,80.0,0.0,0.0,0.0,0.0,0.0,68.0,0,5,0,0,WANDER_CRUISE,0.5923,0.3569,0.2942,WANDER_CRUISE,
870,100886,869,,depth/000870.npy,1,157.4,229.8,-1.0,-100.0,-100.0,-100.0,-86.0,80.0,0.0,0.0,0.0,0.0,-1.0,68.0,0,5,0,0,WANDER_CRUISE,0.5845,0.3843,0.3059,WANDER_CRUISE,
871,101012,870,,depth/000871.npy,1,156.4,225.7,-1.0,-100.0,-100.0,-100.0,-86.0,80.0,0.0,0.0,0.0,0.0,0.0,68.0,0,5,0,0,WANDER_CRUISE,0.5884,0.3765,0.2705,WANDER_CRUISE,
872,101115,871,,depth/000871.npy,1,156.4,323.3,-1.0,-100.0,-100.0,-100.0,-86.0,80.0,0.0,0.0,0.0,0.0,0.0,68.0,0,5,0,0,WANDER_CRUISE,0.5884,0.3765,0.2705,WANDER_CRUISE,
873,101233,872,,depth/000873.npy,1,151.7,341.2,-1.0,-100.0,-100.0,-100.0,-86.0,80.0,0.0,0.0,0.0,0.0,0.0,68.0,0,5,0,0,WANDER_CRUISE,0.4275,0.1372,0.2588,WANDER_CRUISE,
874,101350,873,,depth/000874.npy,1,158.7,234.0,-1.0,-100.0,-100.0,-100.0,-86.0,80.0,0.0,0.0,0.0,0.0,0.0,68.0,0,5,0,0,WANDER_CRUISE,0.3274,0.1098,0.5767,WANDER_CRUISE,
875,101466,874,,depth/000875.npy,1,149.5,186.2,-1.0,-100.0,-100.0,-100.0,-86.0,80.0,0.0,0.0,0.0,0.0,-1.0,68.0,0,5,0,0,WANDER_CRUISE,0.3137,0.0902,0.4548,WANDER_CRUISE,
876,101590,875,,depth/000875.npy,1,149.5,303.5,-1.0,-100.0,-100.0,-100.0,-86.0,80.0,0.0,0.0,0.0,0.0,-1.0,68.0,0,5,0,0,WANDER_CRUISE,0.3137,0.0902,0.4548,WANDER_CRUISE,
877,101700,876,,depth/000877.npy,1,162.1,308.7,-1.0,-100.0,-100.0,-100.0,-86.0,80.0,0.0,0.0,0.0,0.0,-1.0,68.0,0,5,0,0,WANDER_CRUISE,0.2825,0.1137,0.5488,WANDER_CRUISE,
878,101806,877,,depth/000878.npy,1,156.2,251.3,-1.0,-100.0,-100.0,-100.0,-86.0,80.0,0.0,0.0,0.0,0.0,0.0,68.0,0,5,0,0,WANDER_CRUISE,0.2432,0.1098,0.6274,WANDER_CRUISE,
879,101917,878,,depth/000878.npy,1,156.2,368.6,-1.0,-100.0,-100.0,-100.0,-86.0,80.0,0.0,0.0,0.0,0.0,0.0,68.0,0,5,0,0,WANDER_CRUISE,0.2432,0.1098,0.6274,WANDER_CRUISE,
880,102023,879,,depth/000880.npy,1,161.4,301.8,-1.0,-100.0,-100.0,-100.0,-86.0,80.0,0.0,0.0,0.0,0.0,0.0,68.0,0,5,0,0,WANDER_CRUISE,0.2666,0.0863,0.541,WANDER_CRUISE,
881,102140,880,,depth/000881.npy,1,175.0,255.2,-1.0,-100.0,-100.0,-100.0,-86.0,80.0,0.0,0.0,0.0,0.0,0.0,68.0,0,5,0,0,WANDER_CRUISE,0.2844,0.0706,0.4236,WANDER_CRUISE,
882,102253,881,,depth/000881.npy,1,175.0,367.3,-1.0,-100.0,-100.0,-100.0,-86.0,80.0,0.0,0.0,0.0,0.0,0.0,68.0,0,5,0,0,WANDER_CRUISE,0.2844,0.0706,0.4236,WANDER_CRUISE,
883,102383,882,,depth/000883.npy,1,154.7,331.5,-1.0,-100.0,-100.0,-100.0,-86.0,80.0,0.0,0.0,0.0,0.0,0.0,68.0,0,5,0,0,WANDER_CRUISE,0.3687,0.1294,0.2981,WANDER_CRUISE,
884,102495,883,,depth/000884.npy,1,155.8,270.0,-1.0,-100.0,-100.0,-100.0,-86.0,80.0,0.0,0.0,0.0,0.0,0.0,68.0,0,5,0,0,WANDER_CRUISE,0.4353,0.2432,0.396,WANDER_CRUISE,
885,102611,884,,depth/000885.npy,1,156.2,258.6,-1.0,-100.0,-100.0,-100.0,-86.0,80.0,0.0,0.0,0.0,0.0,0.0,68.0,0,5,0,0,WANDER_CRUISE,0.5,0.2942,0.3726,WANDER_CRUISE,
886,102719,885,,depth/000885.npy,1,156.2,366.3,-1.0,-100.0,-100.0,-100.0,-86.0,80.0,0.0,0.0,0.0,0.0,0.0,68.0,0,5,0,0,WANDER_CRUISE,0.5,0.2942,0.3726,WANDER_CRUISE,
887,102830,886,,depth/000887.npy,1,155.4,280.0,-1.0,-100.0,-100.0,-100.0,-86.0,80.0,0.0,0.0,0.0,0.0,0.0,68.0,0,8,0,0,WANDER_CRUISE,0.3804,0.1177,0.4626,WANDER_CRUISE,"SEG(8,4.0)"
888,102944,887,,depth/000888.npy,1,157.1,257.7,-1.0,-100.0,-100.0,-100.0,-86.0,80.0,0.0,0.0,0.0,0.0,0.0,68.0,0,8,0,0,WANDER_CRUISE,0.3176,0.0627,0.3215,WANDER_CRUISE,
889,103054,888,,depth/000889.npy,1,152.9,202.4,-1.0,-100.0,-100.0,-100.0,-86.0,80.0,0.0,0.0,0.0,0.0,0.0,68.0,0,8,0,0,WANDER_CRUISE,0.3765,0.0823,0.302,WANDER_CRUISE,
890,103174,889,,depth/000889.npy,1,152.9,320.7,-1.0,-100.0,-100.0,-100.0,-86.0,80.0,0.0,0.0,0.0,0.0,0.0,68.0,0,8,0,0,WANDER_CRUISE,0.3765,0.0823,0.302,WANDER_CRUISE,
891,103284,890,,depth/000891.npy,1,153.8,300.9,-1.0,-100.0,-100.0,-100.0,-86.0,80.0,0.0,0.0,0.0,0.0,0.0,68.0,0,8,0,0,WANDER_CRUISE,0.3313,0.1059,0.3411,WANDER_CRUISE,
892,103387,891,,depth/000892.npy,1,164.0,289.9,-1.0,-100.0,-100.0,-100.0,-86.0,80.0,0.0,0.0,0.0,0.0,0.0,68.0,0,8,0,0,WANDER_CRUISE,0.302,0.1098,0.3293,WANDER_CRUISE,
893,103515,892,,depth/000892.npy,1,164.0,418.3,-1.0,-100.0,-100.0,-100.0,-86.0,80.0,0.0,0.0,0.0,0.0,0.0,68.0,0,8,0,0,WANDER_CRUISE,0.302,0.1098,0.3293,WANDER_CRUISE,
894,103631,893,,depth/000894.npy,1,154.3,308.9,-1.0,-100.0,-100.0,-100.0,-86.0,80.0,0.0,0.0,0.0,0.0,0.0,68.0,0,8,0,0,WANDER_CRUISE,0.2705,0.1372,0.5605,WANDER_CRUISE,
895,103741,894,,depth/000895.npy,1,150.6,255.6,-1.0,-100.0,-100.0,-100.0,-86.0,80.0,0.0,0.0,0.0,0.0,0.0,68.0,0,8,0,0,WANDER_CRUISE,0.2903,0.1333,0.2864,WANDER_CRUISE,
896,103852,895,,depth/000896.npy,1,160.7,197.2,-1.0,-100.0,-100.0,-100.0,-86.0,80.0,0.0,0.0,0.0,0.0,0.0,68.0,0,8,0,0,WANDER_CRUISE,0.4626,0.204,0.1726,WANDER_CRUISE,
897,103973,896,,depth/000896.npy,1,160.7,317.8,-1.0,-100.0,-100.0,-100.0,-86.0,80.0,0.0,0.0,0.0,0.0,0.0,68.0,0,8,0,0,WANDER_CRUISE,0.4626,0.204,0.1726,WANDER_CRUISE,
898,104082,897,,depth/000898.npy,1,154.6,291.8,-1.0,-100.0,-100.0,-100.0,-86.0,80.0,0.0,0.0,0.0,0.0,0.0,68.0,0,8,0,0,WANDER_CRUISE,0.498,0.2393,0.1882,WANDER_CRUISE,
899,104194,898,,depth/000899.npy,1,162.2,245.6,-1.0,-100.0,-100.0,-100.0,-86.0,80.0,0.0,0.0,0.0,0.0,0.0,68.0,0,8,0,0,WANDER_CRUISE,0.4941,0.2157,0.2079,WANDER_CRUISE,
900,104309,899,,depth/000899.npy,1,162.2,364.3,-1.0,-100.0,-100.0,-100.0,-86.0,80.0,0.0,0.0,0.0,0.0,0.0,68.0,0,8,0,0,WANDER_CRUISE,0.4941,0.2157,0.2079,WANDER_CRUISE,
901,104420,900,,depth/000901.npy,1,179.2,321.8,-1.0,-100.0,-100.0,-100.0,-86.0,80.0,0.0,0.0,0.0,0.0,0.0,68.0,0,8,0,0,WANDER_CRUISE,0.4824,0.2274,0.251,WANDER_CRUISE,
902,104535,901,,depth/000902.npy,1,164.3,246.8,-1.0,-100.0,-100.0,-100.0,-86.0,80.0,0.0,0.0,0.0,0.0,0.0,68.0,0,8,0,0,WANDER_CRUISE,0.4529,0.1843,0.2157,WANDER_CRUISE,
903,104646,902,,depth/000902.npy,1,164.3,362.3,-1.0,-100.0,-100.0,-100.0,-86.0,80.0,0.0,0.0,0.0,0.0,0.0,68.0,0,8,0,0,WANDER_CRUISE,0.4529,0.1843,0.2157,WANDER_CRUISE,
904,104750,903,,depth/000904.npy,1,163.0,363.2,-1.0,-100.0,-100.0,-100.0,-87.0,80.0,0.0,0.0,0.0,0.0,0.0,68.0,0,8,0,0,WANDER_CRUISE,0.4863,0.2235,0.2079,WANDER_CRUISE,
905,104863,904,,depth/000905.npy,1,159.6,271.5,-1.0,-100.0,-100.0,-100.0,-87.0,80.0,0.0,0.0,0.0,0.0,0.0,68.0,0,8,0,0,WANDER_CRUISE,0.4431,0.2,0.2412,WANDER_CRUISE,
906,104971,905,,depth/000905.npy,1,159.6,381.1,-1.0,-100.0,-100.0,-100.0,-87.0,80.0,0.0,0.0,0.0,0.0,0.0,68.0,0,8,0,0,WANDER_CRUISE,0.4431,0.2,0.2412,WANDER_CRUISE,
907,105100,906,,depth/000907.npy,1,160.8,339.9,-1.0,-100.0,-100.0,-100.0,-87.0,80.0,0.0,0.0,0.0,0.0,0.0,68.0,0,0,40,0,MANUAL,0.4275,0.2079,0.2981,WANDER_CRUISE,
908,105222,907,,depth/000908.npy,1,152.8,297.4,-1.0,-100.0,-100.0,-100.0,-87.0,80.0,0.0,0.0,0.0,0.0,0.0,68.0,0,0,40,0,MANUAL,0.396,0.1451,0.2981,WANDER_CRUISE,
909,105332,908,,depth/000909.npy,1,156.2,244.0,-1.0,-100.0,-100.0,-100.0,-87.0,80.0,0.0,0.0,0.0,0.0,0.0,68.0,0,0,40,0,MANUAL,0.2903,0.0627,0.2471,WANDER_CRUISE,
910,105452,909,,depth/000910.npy,1,154.9,226.9,-1.0,-100.0,-100.0,-100.0,-87.0,80.0,0.0,0.0,1.0,0.0,0.0,68.0,0,8,0,0,WANDER_CRUISE,0.447,0.2825,0.3882,WANDER_CRUISE,
911,105579,910,,depth/000910.npy,1,154.9,351.3,-1.0,-100.0,-100.0,-100.0,-87.0,80.0,0.0,0.0,1.0,0.0,0.0,68.0,0,8,0,0,WANDER_CRUISE,0.447,0.2825,0.3882,WANDER_CRUISE,
912,105705,911,,depth/000912.npy,1,156.6,317.4,-1.0,-100.0,-100.0,-100.0,-86.0,80.0,0.0,0.0,1.0,0.0,0.0,68.0,0,8,0,0,WANDER_CRUISE,0.4314,0.1804,0.3569,WANDER_CRUISE,
913,105817,912,,depth/000913.npy,1,151.7,262.5,-1.0,-100.0,-100.0,-100.0,-86.0,90.0,0.0,0.0,0.0,0.0,0.0,68.0,0,8,0,0,WANDER_CRUISE,0.4158,0.2,0.5728,WANDER_CRUISE,
914,105928,913,,depth/000914.npy,1,159.2,200.2,-1.0,-100.0,-100.0,-100.0,-86.0,90.0,0.0,0.0,0.0,0.0,0.0,68.0,0,8,0,0,WANDER_CRUISE,0.3274,0.0627,0.6079,WANDER_CRUISE,
915,106038,914,,depth/000914.npy,1,159.2,310.2,-1.0,-100.0,-100.0,-100.0,-87.0,90.0,0.0,0.0,0.0,0.0,0.0,68.0,0,8,0,0,WANDER_CRUISE,0.3274,0.0627,0.6079,WANDER_CRUISE,
916,106147,915,,depth/000916.npy,1,153.3,291.1,-1.0,-100.0,-100.0,-100.0,-87.0,90.0,0.0,0.0,0.0,0.0,0.0,68.0,0,8,0,0,WANDER_CRUISE,0.2783,0.0706,0.6509,WANDER_CRUISE,
917,106249,916,,depth/000917.npy,1,156.1,226.0,-1.0,-100.0,-100.0,-100.0,-87.0,90.0,0.0,0.0,0.0,0.0,0.0,68.0,0,8,0,0,WANDER_CRUISE,0.2588,0.0863,0.5488,WANDER_CRUISE,
918,106369,917,,depth/000917.npy,1,156.1,344.7,-1.0,-100.0,-100.0,-100.0,-87.0,90.0,0.0,0.0,0.0,0.0,0.0,68.0,0,8,0,0,WANDER_CRUISE,0.2588,0.0863,0.5488,WANDER_CRUISE,
919,106495,918,,depth/000919.npy,1,156.2,295.6,-1.0,-100.0,-100.0,-100.0,-87.0,90.0,0.0,0.0,0.0,0.0,0.0,68.0,0,0,-40,0,MANUAL,0.2079,0.0745,0.5845,WANDER_CRUISE,
920,106617,919,,depth/000920.npy,1,154.3,263.6,-1.0,-100.0,-100.0,-100.0,-87.0,90.0,0.0,0.0,0.0,0.0,0.0,68.0,0,0,-40,0,MANUAL,0.5176,0.2549,0.2903,WANDER_CRUISE,
921,106727,920,,depth/000921.npy,1,155.2,303.2,-1.0,-100.0,-100.0,-100.0,-87.0,90.0,0.0,0.0,0.0,0.0,0.0,68.0,0,0,-40,0,MANUAL,0.5098,0.2627,0.2783,WANDER_CRUISE,
922,106833,921,,depth/000921.npy,1,155.2,410.9,-1.0,-100.0,-100.0,-100.0,-87.0,90.0,0.0,0.0,0.0,0.0,0.0,68.0,0,0,0,0,HOVER,0.5098,0.2627,0.2783,WANDER_CRUISE,
923,106942,922,,depth/000923.npy,1,154.9,354.4,-1.0,-100.0,-100.0,-100.0,-87.0,80.0,0.0,0.0,-1.0,0.0,0.0,68.0,0,0,0,40,WANDER_TURN,0.5508,0.3098,0.2783,WANDER_TURN,"TURN(R,57,free)"
924,107057,923,,depth/000923.npy,1,154.9,521.6,-1.0,-100.0,-100.0,-100.0,-87.0,80.0,0.0,0.0,-1.0,0.0,0.0,68.0,0,0,0,40,WANDER_TURN,0.5508,0.3098,0.2783,WANDER_TURN,
925,107179,924,,depth/000925.npy,1,282.0,416.5,-1.0,-100.0,-100.0,-100.0,-85.0,80.0,0.0,0.0,-1.0,0.0,0.0,68.0,0,0,0,40,WANDER_TURN,0.5527,0.2981,0.2471,WANDER_TURN,
926,107306,925,,depth/000926.npy,1,133.5,259.6,-1.0,-100.0,-100.0,-100.0,-82.0,80.0,0.0,0.0,0.0,1.0,0.0,68.0,0,0,0,40,WANDER_TURN,0.4158,0.102,0.5767,WANDER_TURN,
927,107424,926,,depth/000926.npy,1,133.5,377.9,-1.0,-100.0,-100.0,-100.0,-80.0,80.0,0.0,0.0,0.0,0.0,0.0,68.0,0,0,0,40,WANDER_TURN,0.4158,0.102,0.5767,WANDER_TURN,
928,107545,927,,depth/000928.npy,1,177.9,350.2,-1.0,-100.0,-100.0,-100.0,-78.0,80.0,0.0,0.0,0.0,0.0,0.0,68.0,0,0,0,40,WANDER_TURN,0.2432,0.1177,0.7139,WANDER_TURN,
929,107663,928,,depth/000929.npy,1,140.4,267.9,-1.0,-100.0,-100.0,-100.0,-76.0,80.0,0.0,0.0,0.0,0.0,0.0,68.0,0,0,0,40,WANDER_TURN,0.1608,0.2098,0.5137,WANDER_TURN,
930,107771,929,,depth/000930.npy,1,157.3,245.5,-1.0,-100.0,-100.0,-100.0,-74.0,80.0,0.0,0.0,0.0,0.0,0.0,68.0,0,0,0,40,WANDER_TURN,0.1902,0.2471,0.4863,WANDER_TURN,
931,107888,930,,depth/000931.npy,1,154.3,227.8,-1.0,-100.0,-100.0,-100.0,-70.0,80.0,0.0,0.0,0.0,0.0,0.0,68.0,0,0,0,40,WANDER_TURN,0.3274,0.196,0.3726,WANDER_TURN,
932,108007,931,,depth/000931.npy,1,154.3,356.3,-1.0,-100.0,-100.0,-100.0,-67.0,80.0,0.0,0.0,0.0,0.0,0.0,68.0,0,0,0,40,WANDER_TURN,0.3274,0.196,0.3726,WANDER_TURN,
933,108128,932,,depth/000933.npy,1,163.5,299.4,-1.0,-100.0,-100.0,-100.0,-65.0,70.0,0.0,0.0,0.0,0.0,0.0,68.0,0,0,0,40,WANDER_TURN,0.3098,0.2255,0.5293,WANDER_TURN,
934,108239,933,,depth/000934.npy,1,145.6,207.0,-1.0,-100.0,-100.0,-100.0,-63.0,70.0,0.0,0.0,0.0,0.0,0.0,68.0,0,0,0,40,WANDER_TURN,0.0549,0.2354,0.7529,WANDER_TURN,
935,108355,934,,depth/000935.npy,1,132.5,220.3,-1.0,-100.0,-100.0,-100.0,-61.0,70.0,0.0,0.0,0.0,0.0,0.0,68.0,0,0,0,40,WANDER_TURN,0.098,0.2196,0.6353,WANDER_TURN,
936,108469,935,,depth/000936.npy,1,121.7,212.7,-1.0,-100.0,-100.0,-100.0,-59.0,70.0,0.0,0.0,0.0,0.0,0.0,68.0,0,0,0,40,WANDER_TURN,0.0902,0.396,0.7529,WANDER_TURN,
937,108588,936,,depth/000937.npy,1,119.0,195.0,-1.0,-100.0,-100.0,-100.0,-55.0,70.0,0.0,0.0,0.0,0.0,0.0,68.0,0,0,0,40,WANDER_TURN,0.1412,0.3254,0.6118,WANDER_TURN,
938,108702,937,,depth/000937.npy,1,119.0,311.9,-1.0,-100.0,-100.0,-100.0,-53.0,70.0,0.0,0.0,0.0,0.0,0.0,68.0,0,0,0,40,WANDER_TURN,0.1412,0.3254,0.6118,WANDER_TURN,
939,108817,938,,depth/000939.npy,1,140.4,291.6,-1.0,-100.0,-100.0,-100.0,-48.0,70.0,0.0,0.0,0.0,0.0,0.0,68.0,0,0,0,40,WANDER_TURN,0.1294,0.2235,0.4587,WANDER_TURN,
940,108933,939,,depth/000940.npy,1,133.4,239.3,-1.0,-100.0,-100.0,-100.0,-46.0,80.0,0.0,0.0,0.0,0.0,0.0,68.0,0,0,0,40,WANDER_TURN,0.1451,0.3293,0.4392,WANDER_TURN,
941,109048,940,,depth/000941.npy,1,122.9,290.0,-1.0,-100.0,-100.0,-100.0,-44.0,80.0,0.0,0.0,0.0,0.0,0.0,68.0,0,0,0,40,WANDER_TURN,0.1451,0.2825,0.3569,WANDER_TURN,
942,109163,941,,depth/000942.npy,1,117.4,235.9,-1.0,-100.0,-100.0,-100.0,-42.0,80.0,0.0,0.0,0.0,0.0,0.0,68.0,0,0,0,40,WANDER_TURN,0.1686,0.3059,0.3999,WANDER_TURN,
943,109277,942,,depth/000943.npy,1,129.2,210.6,-1.0,-100.0,-100.0,-100.0,-40.0,80.0,0.0,0.0,0.0,0.0,0.0,68.0,0,0,0,40,WANDER_TURN,0.1216,0.2666,0.3452,WANDER_TURN,
944,109394,943,,depth/000944.npy,1,120.9,258.8,-1.0,-100.0,-100.0,-100.0,-37.0,80.0,0.0,0.0,0.0,0.0,0.0,68.0,0,0,0,0,WANDER_VERIFY,0.1569,0.251,0.3411,WANDER_VERIFY,
945,109508,944,,depth/000945.npy,1,121.8,247.6,-1.0,-100.0,-100.0,-100.0,-35.0,80.0,0.0,0.0,0.0,0.0,0.0,68.0,0,0,0,0,WANDER_VERIFY,0.2313,0.3372,0.498,WANDER_VERIFY,
946,109622,945,,depth/000946.npy,1,124.7,229.1,-1.0,-100.0,-100.0,-100.0,-34.0,80.0,0.0,0.0,0.0,1.0,0.0,68.0,0,0,0,0,WANDER_VERIFY,0.353,0.4158,0.4236,WANDER_VERIFY,
947,109737,946,,depth/000947.npy,1,121.8,203.3,-1.0,-100.0,-100.0,-100.0,-34.0,80.0,0.0,0.0,0.0,0.0,0.0,68.0,0,0,0,0,WANDER_VERIFY,0.4038,0.4941,0.3215,WANDER_VERIFY,
948,109851,947,,depth/000948.npy,1,122.0,188.9,-1.0,-100.0,-100.0,-100.0,-34.0,80.0,0.0,0.0,0.0,0.0,0.0,68.0,0,0,0,0,WANDER_VERIFY,0.2432,0.2313,0.1921,WANDER_VERIFY,
949,109974,948,,depth/000949.npy,1,121.8,218.9,-1.0,-100.0,-100.0,-100.0,-34.0,80.0,0.0,0.0,0.0,0.0,0.0,68.0,0,0,0,0,WANDER_VERIFY,0.2196,0.2118,0.1765,WANDER_VERIFY,
950,110090,949,,depth/000950.npy,1,126.7,167.5,-1.0,-100.0,-100.0,-100.0,-34.0,80.0,0.0,0.0,0.0,0.0,0.0,68.0,0,0,0,0,WANDER_VERIFY,0.2313,0.2196,0.196,WANDER_VERIFY,
951,110208,950,,depth/000951.npy,1,118.5,185.3,-1.0,-100.0,-100.0,-100.0,-34.0,80.0,0.0,0.0,0.0,0.0,0.0,68.0,0,0,0,0,WANDER_CRUISE,0.2079,0.196,0.1686,WANDER_CRUISE,"SEG(6,6.6)"
952,110323,951,,depth/000952.npy,1,125.6,188.9,-1.0,-100.0,-100.0,-100.0,-34.0,80.0,0.0,0.0,0.0,0.0,0.0,68.0,0,3,15,0,WANDER_CRUISE,0.196,0.1843,0.1569,WANDER_CRUISE,
953,110439,952,,depth/000953.npy,1,117.7,178.9,-1.0,-100.0,-100.0,-100.0,-34.0,80.0,0.0,0.0,0.0,0.0,0.0,68.0,0,3,15,0,WANDER_CRUISE,0.251,0.2393,0.2079,WANDER_CRUISE,
954,110554,953,,depth/000953.npy,1,117.7,293.4,-1.0,-100.0,-100.0,-100.0,-34.0,80.0,0.0,0.0,0.0,0.0,0.0,68.0,0,3,15,0,WANDER_CRUISE,0.251,0.2393,0.2079,WANDER_CRUISE,
955,110680,954,,depth/000955.npy,1,130.0,289.5,-1.0,-100.0,-100.0,-100.0,-34.0,80.0,0.0,0.0,0.0,0.0,0.0,68.0,0,3,15,0,WANDER_CRUISE,0.2549,0.2313,0.1921,WANDER_CRUISE,
956,110795,955,,depth/000956.npy,1,118.2,270.7,-1.0,-100.0,-100.0,-100.0,-33.0,80.0,0.0,0.0,0.0,0.0,0.0,68.0,0,3,15,0,WANDER_CRUISE,0.2705,0.251,0.2157,WANDER_CRUISE,
957,110909,956,,depth/000957.npy,1,120.0,243.4,-1.0,-100.0,-100.0,-100.0,-33.0,80.0,0.0,0.0,0.0,0.0,0.0,68.0,0,3,15,0,WANDER_CRUISE,0.2627,0.2354,0.2157,WANDER_CRUISE,
958,111024,957,,depth/000958.npy,1,127.8,258.2,-1.0,-100.0,-100.0,-100.0,-33.0,80.0,0.0,0.0,0.0,0.0,0.0,68.0,0,3,15,0,WANDER_CRUISE,0.2825,0.2666,0.2274,WANDER_CRUISE,
959,111138,958,,depth/000959.npy,1,121.8,236.7,-1.0,-100.0,-100.0,-100.0,-33.0,80.0,0.0,0.0,0.0,0.0,0.0,68.0,0,3,0,0,WANDER_CRUISE,0.4353,0.396,0.3333,WANDER_CRUISE,
960,111252,959,,depth/000960.npy,1,121.9,251.5,-1.0,-100.0,-100.0,-100.0,-33.0,80.0,0.0,0.0,0.0,0.0,0.0,68.0,0,3,0,0,WANDER_CRUISE,0.3647,0.3215,0.2432,WANDER_CRUISE,
961,111366,960,,depth/000961.npy,1,120.7,233.0,-1.0,-100.0,-100.0,-100.0,-33.0,80.0,0.0,0.0,0.0,0.0,0.0,68.0,0,3,15,0,WANDER_CRUISE,0.3,0.251,0.1921,WANDER_CRUISE,
962,111481,961,,depth/000962.npy,1,121.3,222.1,-1.0,-100.0,-100.0,-100.0,-33.0,80.0,0.0,0.0,0.0,0.0,0.0,68.0,0,6,0,0,WANDER_CRUISE,0.302,0.2177,0.153,WANDER_CRUISE,
963,111604,962,,depth/000963.npy,1,119.3,241.4,-1.0,-100.0,-100.0,-100.0,-33.0,80.0,0.0,0.0,0.0,0.0,0.0,68.0,0,6,0,0,WANDER_CRUISE,0.2903,0.2354,0.1451,WANDER_CRUISE,
964,111717,963,,depth/000964.npy,1,124.3,205.7,-1.0,-100.0,-100.0,-100.0,-33.0,80.0,0.0,0.0,0.0,0.0,0.0,68.0,0,6,0,0,WANDER_CRUISE,0.2627,0.2157,0.1785,WANDER_CRUISE,
965,111832,964,,depth/000965.npy,1,120.8,239.4,-1.0,-100.0,-100.0,-100.0,-33.0,80.0,0.0,0.0,0.0,0.0,0.0,68.0,0,6,0,0,WANDER_CRUISE,0.2274,0.1921,0.153,WANDER_CRUISE,
966,111947,965,,depth/000965.npy,1,120.8,367.8,-1.0,-100.0,-100.0,-100.0,-33.0,80.0,0.0,0.0,0.0,0.0,0.0,68.0,0,6,0,0,WANDER_CRUISE,0.2274,0.1921,0.153,WANDER_CRUISE,
967,112063,966,,depth/000967.npy,1,267.8,339.8,-1.0,-100.0,-100.0,-100.0,-33.0,80.0,0.0,0.0,0.0,0.0,0.0,68.0,0,6,0,0,WANDER_CRUISE,0.2393,0.2118,0.1608,WANDER_CRUISE,
968,112182,967,,depth/000967.npy,1,267.8,466.3,-1.0,-100.0,-100.0,-100.0,-33.0,80.0,0.0,0.0,0.0,0.0,0.0,68.0,0,6,0,0,WANDER_CRUISE,0.2393,0.2118,0.1608,WANDER_CRUISE,
969,112295,968,,depth/000969.npy,1,157.5,296.6,-1.0,-100.0,-100.0,-100.0,-33.0,80.0,0.0,0.0,0.0,0.0,0.0,68.0,0,6,0,0,WANDER_CRUISE,0.2432,0.2235,0.1921,WANDER_CRUISE,
970,112412,969,,depth/000970.npy,1,179.9,287.9,-1.0,-100.0,-100.0,-100.0,-33.0,80.0,0.0,0.0,0.0,0.0,0.0,68.0,0,6,0,0,WANDER_CRUISE,0.2588,0.2313,0.198,WANDER_CRUISE,
971,112527,970,,depth/000970.npy,1,179.9,399.0,-1.0,-100.0,-100.0,-100.0,-33.0,80.0,0.0,0.0,0.0,0.0,0.0,68.0,0,6,0,0,WANDER_CRUISE,0.2588,0.2313,0.198,WANDER_CRUISE,
972,112640,971,,depth/000972.npy,1,165.8,278.6,-1.0,-100.0,-100.0,-100.0,-34.0,80.0,0.0,0.0,0.0,0.0,0.0,68.0,0,6,0,0,WANDER_CRUISE,0.2705,0.251,0.2079,WANDER_CRUISE,
973,112750,972,,depth/000973.npy,1,165.0,261.7,-1.0,-100.0,-100.0,-100.0,-34.0,80.0,0.0,0.0,0.0,0.0,0.0,68.0,0,6,0,0,WANDER_CRUISE,0.2627,0.2274,0.1804,WANDER_CRUISE,
974,112864,973,,depth/000973.npy,1,165.0,375.4,-1.0,-100.0,-100.0,-100.0,-34.0,80.0,0.0,0.0,0.0,0.0,0.0,67.0,0,6,0,0,WANDER_CRUISE,0.2627,0.2274,0.1804,WANDER_CRUISE,
975,112973,974,,depth/000975.npy,1,167.8,309.0,-1.0,-100.0,-100.0,-100.0,-33.0,80.0,0.0,0.0,0.0,0.0,0.0,67.0,0,6,0,0,WANDER_CRUISE,0.2744,0.2471,0.1843,WANDER_CRUISE,
976,113089,975,,depth/000976.npy,1,156.5,263.6,-1.0,-100.0,-100.0,-100.0,-33.0,80.0,0.0,0.0,0.0,0.0,0.0,67.0,0,6,0,0,WANDER_CRUISE,0.2393,0.2079,0.1647,WANDER_CRUISE,
977,113196,976,,depth/000976.npy,1,156.5,372.4,-1.0,-100.0,-100.0,-100.0,-33.0,80.0,0.0,0.0,0.0,0.0,0.0,67.0,0,6,0,0,WANDER_CRUISE,0.2393,0.2079,0.1647,WANDER_CRUISE,
978,113319,977,,depth/000978.npy,1,159.5,398.1,-1.0,-100.0,-100.0,-100.0,-33.0,80.0,0.0,0.0,0.0,0.0,0.0,67.0,0,6,0,0,WANDER_CRUISE,0.251,0.2235,0.1726,WANDER_CRUISE,
979,113448,978,,depth/000979.npy,1,157.2,345.8,-1.0,-100.0,-100.0,-100.0,-33.0,80.0,0.0,0.0,0.0,0.0,0.0,67.0,0,6,0,0,WANDER_CRUISE,0.2471,0.2157,0.1647,WANDER_CRUISE,
980,113555,979,,depth/000980.npy,1,158.9,263.5,-1.0,-100.0,-100.0,-100.0,-33.0,80.0,0.0,0.0,0.0,0.0,0.0,67.0,0,6,0,0,WANDER_CRUISE,0.2864,0.2783,0.1921,WANDER_CRUISE,
981,113676,980,,depth/000981.npy,1,152.2,215.9,-1.0,-100.0,-100.0,-100.0,-33.0,80.0,0.0,0.0,0.0,0.0,0.0,67.0,0,6,0,0,WANDER_CRUISE,0.3254,0.2864,0.2274,WANDER_CRUISE,
982,113800,981,,depth/000981.npy,1,152.2,345.0,-1.0,-100.0,-100.0,-100.0,-33.0,80.0,0.0,0.0,0.0,0.0,0.0,67.0,0,6,0,0,WANDER_CRUISE,0.3254,0.2864,0.2274,WANDER_CRUISE,
983,113921,982,,depth/000983.npy,1,156.6,330.3,-1.0,-100.0,-100.0,-100.0,-33.0,80.0,0.0,0.0,0.0,0.0,0.0,67.0,0,6,0,0,WANDER_CRUISE,0.2783,0.2274,0.1804,WANDER_CRUISE,
984,114031,983,,depth/000984.npy,1,156.5,270.4,-1.0,-100.0,-100.0,-100.0,-33.0,80.0,0.0,0.0,0.0,0.0,0.0,67.0,0,6,0,0,WANDER_CRUISE,0.2825,0.2432,0.204,WANDER_CRUISE,
985,114150,984,,depth/000985.npy,1,164.9,219.8,-1.0,-100.0,-100.0,-100.0,-33.0,80.0,0.0,0.0,0.0,0.0,0.0,67.0,0,6,0,0,WANDER_CRUISE,0.2705,0.2274,0.1882,WANDER_CRUISE,
986,114269,985,,depth/000985.npy,1,164.9,345.8,-1.0,-100.0,-100.0,-100.0,-33.0,80.0,0.0,0.0,0.0,0.0,0.0,67.0,0,6,0,0,WANDER_CRUISE,0.2705,0.2274,0.1882,WANDER_CRUISE,
987,114382,986,,depth/000987.npy,1,150.5,289.1,-1.0,-100.0,-100.0,-100.0,-33.0,80.0,0.0,0.0,0.0,0.0,0.0,67.0,0,6,0,0,WANDER_CRUISE,0.2981,0.2627,0.2118,WANDER_CRUISE,
988,114489,987,,depth/000988.npy,1,160.2,231.3,-1.0,-100.0,-100.0,-100.0,-33.0,80.0,0.0,0.0,0.0,0.0,0.0,67.0,0,6,0,0,WANDER_CRUISE,0.2588,0.2393,0.1765,WANDER_CRUISE,
989,114595,988,,depth/000988.npy,1,160.2,339.5,-1.0,-100.0,-100.0,-100.0,-33.0,80.0,0.0,0.0,0.0,0.0,0.0,67.0,0,6,0,0,WANDER_CRUISE,0.2588,0.2393,0.1765,WANDER_CRUISE,
990,114707,989,,depth/000990.npy,1,164.1,294.2,-1.0,-100.0,-100.0,-100.0,-33.0,80.0,0.0,0.0,0.0,0.0,0.0,67.0,0,6,0,0,WANDER_CRUISE,0.251,0.2313,0.1843,WANDER_CRUISE,
991,114817,990,,depth/000991.npy,1,192.7,267.7,-1.0,-100.0,-100.0,-100.0,-33.0,80.0,0.0,0.0,0.0,0.0,0.0,67.0,0,6,0,0,WANDER_CRUISE,0.2235,0.2,0.1686,WANDER_CRUISE,
992,114936,991,,depth/000991.npy,1,192.7,376.1,-1.0,-100.0,-100.0,-100.0,-33.0,80.0,0.0,0.0,0.0,0.0,0.0,67.0,0,6,0,0,WANDER_CRUISE,0.2235,0.2,0.1686,WANDER_CRUISE,
993,115054,992,,depth/000993.npy,1,170.0,291.4,-1.0,-100.0,-100.0,-100.0,-33.0,80.0,0.0,0.0,0.0,0.0,0.0,67.0,0,6,0,0,WANDER_CRUISE,0.2588,0.2354,0.1921,WANDER_CRUISE,
994,115177,993,,depth/000994.npy,1,171.5,252.8,-1.0,-100.0,-100.0,-100.0,-33.0,80.0,0.0,0.0,0.0,0.0,0.0,67.0,0,6,0,0,WANDER_CRUISE,0.2549,0.2235,0.1882,WANDER_CRUISE,
995,115307,994,,depth/000995.npy,1,154.9,212.1,-1.0,-100.0,-100.0,-100.0,-33.0,80.0,0.0,0.0,0.0,0.0,0.0,67.0,0,6,0,0,WANDER_CRUISE,0.2471,0.2354,0.1765,WANDER_CRUISE,
996,115433,995,,depth/000995.npy,1,154.9,331.8,-1.0,-100.0,-100.0,-100.0,-33.0,80.0,0.0,0.0,0.0,0.0,0.0,67.0,0,6,0,0,WANDER_CRUISE,0.2471,0.2354,0.1765,WANDER_CRUISE,
997,115552,996,,depth/000997.npy,1,152.0,252.6,-1.0,-100.0,-100.0,-100.0,-33.0,80.0,0.0,0.0,0.0,0.0,0.0,67.0,0,6,0,0,WANDER_CRUISE,0.2313,0.2118,0.1294,WANDER_CRUISE,
998,115673,997,,depth/000998.npy,1,157.6,251.2,-1.0,-100.0,-100.0,-100.0,-33.0,80.0,0.0,0.0,0.0,0.0,0.0,67.0,0,6,0,0,WANDER_CRUISE,0.2,0.1843,0.1137,WANDER_CRUISE,
999,115801,998,,depth/000999.npy,1,154.0,244.7,-1.0,-100.0,-100.0,-100.0,-33.0,80.0,0.0,0.0,0.0,0.0,0.0,67.0,0,6,0,0,WANDER_CRUISE,0.2393,0.2313,0.1647,WANDER_CRUISE,
1000,115926,999,,depth/001000.npy,1,149.8,203.2,-1.0,-100.0,-100.0,-100.0,-33.0,80.0,0.0,0.0,0.0,0.0,0.0,67.0,0,6,0,0,WANDER_CRUISE,0.2196,0.2157,0.149,WANDER_CRUISE,
1001,116055,1000,,depth/001000.npy,1,149.8,331.3,-1.0,-100.0,-100.0,-100.0,-33.0,80.0,0.0,0.0,0.0,0.0,0.0,67.0,0,6,0,0,WANDER_CRUISE,0.2196,0.2157,0.149,WANDER_CRUISE,
1002,116174,1001,,depth/001002.npy,1,158.6,313.9,-1.0,-100.0,-100.0,-100.0,-33.0,80.0,0.0,0.0,0.0,0.0,0.0,67.0,0,6,0,0,WANDER_CRUISE,0.2666,0.2393,0.1882,WANDER_CRUISE,
1003,116287,1002,,depth/001003.npy,1,157.8,249.0,-1.0,-100.0,-100.0,-100.0,-33.0,80.0,0.0,0.0,0.0,0.0,0.0,67.0,0,6,0,0,WANDER_CRUISE,0.2549,0.2313,0.2,WANDER_CRUISE,
1004,116414,1003,,depth/001004.npy,1,163.7,218.6,-1.0,-100.0,-100.0,-100.0,-33.0,80.0,0.0,0.0,0.0,0.0,0.0,67.0,0,6,0,0,WANDER_CRUISE,0.2588,0.2783,0.1451,WANDER_CRUISE,
1005,116536,1004,,depth/001004.npy,1,163.7,337.7,-1.0,-100.0,-100.0,-100.0,-33.0,80.0,0.0,0.0,0.0,0.0,0.0,67.0,0,6,0,0,WANDER_CRUISE,0.2588,0.2783,0.1451,WANDER_CRUISE,
1006,116657,1005,,depth/001006.npy,1,155.8,301.1,-1.0,-100.0,-100.0,-100.0,-33.0,80.0,0.0,0.0,0.0,0.0,0.0,67.0,0,6,0,0,WANDER_CRUISE,0.2549,0.2354,0.1686,WANDER_CRUISE,
1007,116776,1006,,depth/001007.npy,1,159.7,252.3,-1.0,-100.0,-100.0,-100.0,-34.0,80.0,0.0,0.0,0.0,0.0,0.0,67.0,0,6,0,0,WANDER_CRUISE,0.2354,0.2235,0.1647,WANDER_CRUISE,
1008,116886,1007,,depth/001008.npy,1,159.5,263.7,-1.0,-100.0,-100.0,-100.0,-34.0,80.0,0.0,0.0,0.0,0.0,0.0,67.0,0,0,0,40,WANDER_TURN,0.2549,0.2432,0.1921,WANDER_TURN,"TURN(R,54,free)"
1009,116996,1008,,depth/001008.npy,1,159.5,373.5,-1.0,-100.0,-100.0,-100.0,-34.0,80.0,0.0,0.0,0.0,0.0,0.0,67.0,0,0,0,40,WANDER_TURN,0.2549,0.2432,0.1921,WANDER_TURN,
1010,117106,1009,,depth/001010.npy,1,160.3,311.3,-1.0,-100.0,-100.0,-100.0,-32.0,80.0,0.0,0.0,0.0,0.0,0.0,67.0,0,0,0,40,WANDER_TURN,0.2588,0.2313,0.1921,WANDER_TURN,
1011,117216,1010,,depth/001011.npy,1,165.5,202.6,-1.0,-100.0,-100.0,-100.0,-29.0,80.0,0.0,0.0,0.0,0.0,0.0,67.0,0,0,0,40,WANDER_TURN,0.2549,0.2393,0.1804,WANDER_TURN,
1012,117331,1011,,depth/001011.npy,1,165.5,310.5,-1.0,-100.0,-100.0,-100.0,-27.0,80.0,0.0,0.0,0.0,0.0,0.0,67.0,0,0,0,40,WANDER_TURN,0.2549,0.2393,0.1804,WANDER_TURN,
1013,117443,1012,,depth/001013.npy,1,169.1,343.3,-1.0,-100.0,-100.0,-100.0,-24.0,80.0,0.0,0.0,0.0,0.0,0.0,67.0,0,0,0,0,HOVER,0.5488,0.4392,0.1882,WANDER_TURN,
1014,117558,1013,,depth/001014.npy,1,157.1,194.4,-1.0,-100.0,-100.0,-100.0,-21.0,80.0,0.0,0.0,0.0,0.0,0.0,67.0,0,0,0,0,HOVER,0.749,0.5215,0.204,WANDER_TURN,
1015,117679,1014,,depth/001014.npy,1,157.1,323.1,-1.0,-100.0,-100.0,-100.0,-20.0,80.0,0.0,0.0,0.0,0.0,0.0,67.0,0,0,0,0,HOVER,0.749,0.5215,0.204,WANDER_TURN,
1016,117807,1015,,depth/001016.npy,1,154.2,340.3,-1.0,-100.0,-100.0,-100.0,-20.0,80.0,0.0,0.0,0.0,0.0,0.0,67.0,0,0,0,0,HOVER,0.7061,0.4746,0.1569,WANDER_TURN,
1017,117923,1016,,depth/001017.npy,1,153.5,298.7,-1.0,-100.0,-100.0,-100.0,-20.0,80.0,0.0,0.0,0.0,0.0,0.0,67.0,0,0,0,0,HOVER,0.4431,0.3059,0.102,WANDER_TURN,
1018,118027,1017,,depth/001018.npy,1,158.7,271.9,-1.0,-100.0,-100.0,-100.0,-20.0,80.0,0.0,0.0,0.0,0.0,0.0,67.0,0,0,0,0,HOVER,0.3491,0.2393,0.0941,WANDER_TURN,
1019,118145,1018,,depth/001018.npy,1,158.7,395.1,-1.0,-100.0,-100.0,-100.0,-20.0,80.0,0.0,0.0,0.0,0.0,0.0,67.0,0,0,0,0,HOVER,0.3491,0.2393,0.0941,WANDER_TURN,
1020,118246,1019,,depth/001020.npy,1,153.4,323.9,-1.0,-100.0,-100.0,-100.0,-20.0,80.0,0.0,0.0,0.0,0.0,0.0,67.0,0,0,0,0,HOVER,0.3098,0.2157,0.0902,WANDER_TURN,
1021,118354,1020,,depth/001021.npy,1,169.3,278.2,-1.0,-100.0,-100.0,-100.0,-20.0,80.0,0.0,0.0,0.0,0.0,0.0,67.0,0,0,0,0,HOVER,0.3176,0.2118,0.0941,WANDER_TURN,
1022,118475,1021,,depth/001021.npy,1,169.3,410.8,-1.0,-100.0,-100.0,-100.0,-20.0,80.0,0.0,0.0,-1.0,0.0,0.0,67.0,0,0,0,0,HOVER,0.3176,0.2118,0.0941,WANDER_TURN,
1023,118588,1022,,depth/001023.npy,1,166.8,310.0,-1.0,-100.0,-100.0,-100.0,-20.0,80.0,0.0,0.0,-2.0,0.0,0.0,67.0,0,0,0,0,HOVER,0.3059,0.2,0.0941,WANDER_TURN,
1024,118708,1023,,depth/001024.npy,1,177.6,273.1,-1.0,-100.0,-100.0,-100.0,-20.0,70.0,0.0,0.0,-2.0,0.0,0.0,67.0,0,0,0,0,HOVER,0.4038,0.2705,0.1255,WANDER_TURN,
1025,118818,1024,,depth/001024.npy,1,177.6,386.0,-1.0,-100.0,-100.0,-100.0,-20.0,70.0,0.0,0.0,-2.0,0.0,0.0,67.0,0,0,0,0,HOVER,0.4038,0.2705,0.1255,WANDER_TURN,
1026,118920,1025,,depth/001026.npy,1,166.2,313.8,-1.0,-100.0,-100.0,-100.0,-20.0,60.0,0.0,0.0,-5.0,0.0,0.0,67.0,0,0,0,0,HOVER,0.302,0.204,0.0941,WANDER_TURN,
1027,119041,1026,,depth/001027.npy,1,157.1,345.8,-1.0,-100.0,-100.0,-100.0,-20.0,60.0,0.0,0.0,-5.0,0.0,0.0,67.0,0,0,0,0,HOVER,0.3293,0.2118,0.0706,WANDER_TURN,
1028,119161,1027,,depth/001028.npy,1,156.6,225.7,-1.0,-100.0,-100.0,-100.0,-20.0,50.0,0.0,0.0,-5.0,0.0,0.0,67.0,0,0,0,0,HOVER,0.5215,0.3569,0.1921,WANDER_TURN,
1029,119271,1028,,depth/001028.npy,1,156.6,335.5,-1.0,-100.0,-100.0,-100.0,-20.0,50.0,0.0,0.0,-4.0,0.0,0.0,67.0,0,0,0,0,HOVER,0.5215,0.3569,0.1921,WANDER_TURN,
1030,119382,1029,,depth/001030.npy,1,157.3,279.8,-1.0,-100.0,-100.0,-100.0,-20.0,40.0,0.0,0.0,-4.0,0.0,0.0,67.0,0,0,0,0,HOVER,0.2196,0.1569,0.0863,WANDER_TURN,
1031,119499,1030,,depth/001031.npy,1,183.0,242.9,-1.0,-100.0,-100.0,-100.0,-20.0,30.0,0.0,0.0,-4.0,0.0,0.0,67.0,0,0,0,0,HOVER,0.1372,0.1255,0.0627,WANDER_TURN,
1032,119621,1031,,depth/001031.npy,1,183.0,373.1,-1.0,-100.0,-100.0,-100.0,-20.0,30.0,0.0,0.0,-4.0,0.0,0.0,67.0,0,0,0,0,HOVER,0.1372,0.1255,0.0627,WANDER_TURN,
1033,119738,1032,,depth/001033.npy,1,151.3,309.1,-1.0,-100.0,-100.0,-100.0,-20.0,20.0,0.0,0.0,-4.0,0.0,0.0,67.0,0,0,0,0,HOVER,0.0588,0.0706,0.0353,WANDER_TURN,
1034,119857,1033,,depth/001034.npy,1,156.4,267.7,-1.0,-100.0,-100.0,-100.0,-20.0,20.0,0.0,0.0,-4.0,0.0,0.0,67.0,0,0,0,0,HOVER,0.0941,0.1177,0.1451,WANDER_TURN,
1035,119973,1034,,depth/001035.npy,1,147.5,217.8,-1.0,-100.0,-100.0,-100.0,-20.0,20.0,0.0,0.0,-4.0,0.0,0.0,67.0,0,0,0,0,HOVER,0.0706,0.0941,0.686,WANDER_TURN,
1036,120084,1035,,depth/001035.npy,1,147.5,325.9,-1.0,-100.0,-100.0,-100.0,-20.0,10.0,0.0,0.0,-4.0,0.0,0.0,67.0,0,0,0,0,HOVER,0.0706,0.0941,0.686,WANDER_TURN,
1037,120194,1036,,depth/001037.npy,1,166.8,259.8,-1.0,-100.0,-100.0,-100.0,-20.0,0.0,0.0,0.0,-4.0,0.0,0.0,67.0,0,0,0,0,HOVER,0.2354,0.2981,0.6353,WANDER_TURN,
1038,120309,1037,,depth/001038.npy,1,157.1,250.5,-1.0,-100.0,-100.0,-100.0,-20.0,0.0,0.0,0.0,-4.0,0.0,0.0,67.0,0,0,0,0,HOVER,0.2783,0.2705,0.4824,WANDER_TURN,
1039,120411,1038,,depth/001038.npy,1,157.1,352.2,-1.0,-100.0,-100.0,-100.0,-20.0,0.0,0.0,0.0,-3.0,0.0,0.0,67.0,0,0,0,0,HOVER,0.2783,0.2705,0.4824,WANDER_TURN,
1040,120512,1039,,depth/001040.npy,1,158.1,314.5,-1.0,-100.0,-100.0,-100.0,-20.0,0.0,0.0,0.0,-2.0,-9.0,0.0,67.0,0,0,0,0,HOVER,0.2705,0.2705,0.3647,WANDER_TURN,
1041,120637,1040,,depth/001041.npy,1,160.6,254.9,-1.0,-100.0,-100.0,-100.0,-17.0,0.0,0.0,0.0,0.0,-6.0,6.0,67.0,0,0,0,0,HOVER,0.3921,0.3765,0.3843,WANDER_TURN,
1042,120752,1041,,depth/001042.npy,1,159.6,225.7,-1.0,-100.0,-100.0,-100.0,-16.0,0.0,0.0,0.0,0.0,-8.0,0.0,67.0,0,0,0,0,HOVER,0.5488,0.5273,0.5371,WANDER_TURN,
1043,120871,1042,,depth/001042.npy,1,159.6,345.9,-1.0,-100.0,-100.0,-100.0,-16.0,0.0,0.0,0.0,0.0,-8.0,0.0,67.0,0,0,0,0,HOVER,0.5488,0.5273,0.5371,WANDER_TURN,
1044,120995,1043,,depth/001044.npy,1,147.8,305.2,-1.0,-100.0,-100.0,-100.0,-16.0,0.0,0.0,0.0,0.0,-8.0,0.0,67.0,0,0,0,0,HOVER,0.5254,0.5293,0.5527,WANDER_TURN,
1045,121123,1044,,depth/001045.npy,1,145.2,268.7,-1.0,-100.0,-100.0,-100.0,-16.0,0.0,0.0,0.0,0.0,-8.0,0.0,67.0,0,0,0,0,HOVER,0.5254,0.5449,0.5669,WANDER_TURN,
1046,121248,1045,,depth/001046.npy,1,166.5,289.9,-1.0,-100.0,-100.0,-100.0,-16.0,0.0,0.0,0.0,0.0,-8.0,0.0,67.0,0,0,0,0,HOVER,0.5449,0.5605,0.5767,WANDER_TURN,
1047,121362,1046,,depth/001047.npy,1,146.4,265.8,-1.0,-100.0,-100.0,-100.0,-16.0,0.0,0.0,0.0,0.0,-8.0,0.0,67.0,0,0,0,0,HOVER,0.5293,0.5527,0.5728,WANDER_TURN,
